y,x
51.3646347,83.5803436
53.2106036,83.6802311
53.2101919,83.6808316
53.4235683,83.972507
53.4588603,83.9271759
53.3822676,83.9887104
53.3873704,83.7415461
53.3444929,83.6713308
53.3656108,83.7877363
53.3724307,83.9528558
53.3269299,83.7983665
53.3250121,83.790543
53.3275263,83.8004399
53.3404443,83.7406732
53.3479718,83.7627812
53.3681098,83.7071572
53.371243,83.6775924
53.3299712,83.7602894
53.361437,83.7790279
53.3620232,83.7277604
53.3270207,83.7994507
53.387376,83.7366121
53.3449195,83.6714349
53.3411598,83.6944938
53.3424152,83.6967992
53.344708,83.6961346
53.3408816,83.6959981
53.3804433,83.9869553
53.4577164,83.9360543
53.3590617,83.7008222
53.3617054,83.6759272
53.3873457,83.7141695
53.3251423,83.7912854
53.3238421,83.7870571
53.3728564,83.9533662
53.4540757,83.9334746
53.3445201,83.6710309
53.3425504,83.6953183
53.3447317,83.6958059
53.3873193,83.6839877
53.3599038,83.7002041
53.3537972,83.7211413
53.3538797,83.7214927
53.3362323,83.7762387
53.3547186,83.7695755
53.3491071,83.7618316
53.3144897,83.7037268
53.4234636,83.9741085
53.3555778,83.7695152
53.3544074,83.770381
53.3731434,83.7496304
53.3284993,83.798573
53.3816375,83.7400564
53.3802828,83.7419412
53.3833014,83.7466408
53.385367,83.6837045
53.3628065,83.7705753
53.3386175,83.773569
53.3689275,83.754181
53.3744499,83.7477931
53.3738573,83.7509742
53.4252103,83.9760118
53.3240078,83.7888182
53.3799372,83.9862433
53.4246123,83.9704606
53.4466712,83.9392896
53.3385976,83.694788
53.3867649,83.7434623
53.3463923,83.6717812
53.3649196,83.7585173
53.3356139,83.668869
53.3349012,83.7777613
53.4028359,83.9901977
53.288818,84.325076
53.4224532,83.9726705
53.5970266,83.7608588
53.5801798,83.7737253
53.3300687,83.6641223
53.3754883,83.9818653
53.3779701,83.9845904
53.339283,83.7363074
53.4564328,83.9354837
53.364169,83.7792127
53.3779147,83.7440613
53.3774629,83.9844914
53.3274497,83.7986589
53.5961817,83.7606484
53.3280642,83.7996541
53.4384481,83.9475461
53.4469288,83.9384827
53.3743228,83.7526681
53.3559594,83.6984023
53.5284762,83.8420011
53.5289727,83.8412327
53.3870519,83.7424851
53.5868546,83.7673721
53.3402778,83.740114
53.3405724,83.7398753
53.3558057,83.7696754
53.3417228,83.7000314
53.4889366,83.8979793
53.3493198,83.7619124
53.3798668,83.6827785
53.5560779,83.8317506
53.4618928,83.9214588
53.4907049,83.8955927
53.5353615,83.8378744
53.5509184,83.8365009
53.3947318,83.9899135
53.416211,83.980971
53.32993,83.6649777
53.3626678,83.7796127
53.3674138,83.7076179
53.349195,83.6968308
53.327037,83.6914117
53.3270041,83.6927382
53.6300317,83.7370714
53.3223933,83.7841156
53.3675928,83.7067251
53.3274192,83.6928345
53.3424875,83.6912301
53.3153568,83.8326686
53.6440668,83.7283911
53.6124191,83.7494025
53.3806824,83.9927655
53.350386,84.1315288
53.3521156,83.7648394
53.3629767,83.7713245
53.2682103,83.7282473
53.2684622,83.7287197
53.2684328,83.7282393
53.2916696,84.3133707
53.267122,84.3930271
53.2884652,84.32473
53.2703744,83.7247171
53.98672,84.6990205
53.9869986,84.6992099
53.265031,84.40439
52.7541334,84.9260726
52.9671544,84.7494144
52.7544484,84.9255598
52.7269417,84.9701145
52.7979119,84.890929
52.9170991,84.8122083
52.9674892,84.750645
52.6329754,84.4131993
51.9859749,84.4567902
51.5883413,84.4029084
53.0504516,85.6467922
52.4386747,85.5232755
52.55433,85.2223402
52.5116748,85.1617061
52.3801712,85.1243602
52.5282862,85.1561773
52.532258,85.1903515
52.5360719,85.2063308
52.5093762,85.1421749
52.534149,85.1462339
52.5338163,85.145004
52.5790988,85.3265261
52.5383362,85.2681438
52.5195325,85.2649675
52.534805,85.1966642
52.5337942,85.1459061
52.5343132,85.1454011
52.3815597,85.1269062
52.5311078,85.1808961
52.5083536,85.1352499
52.5375428,85.1564621
52.5508917,85.2018073
52.5113071,85.1587873
52.5103621,85.1501133
52.5318294,85.186922
52.5778096,85.3161925
52.5137008,85.1738936
52.5332077,85.1809063
52.5115556,85.160781
52.5349338,85.195636
52.5484665,85.2146323
52.5288491,85.2533815
52.5471769,85.3204562
52.3824327,85.1268645
52.5425593,85.3227779
52.5672103,85.2426996
52.4913962,85.3269565
52.5793143,85.2553782
52.5797004,85.2547561
52.5758061,85.1800263
52.5790687,85.1775918
52.575612,85.2813172
52.5745885,85.2784429
52.5356261,85.1997463
52.5373583,85.1568823
52.5310545,85.2335954
52.5773755,85.3202165
52.5793541,85.2562202
52.5796119,85.2555098
52.5799756,85.2555637
52.5189669,85.258742
52.575288,85.2783693
52.5319864,85.2327726
52.4918124,85.3257197
52.5581323,85.3296847
52.5566292,85.3290349
52.6760066,85.0515506
52.5946455,85.1508371
52.5213541,85.2528029
52.5433628,85.217657
52.5949734,85.1511249
52.539114,85.2224128
52.5320755,85.1904222
52.3127032,85.0977147
51.9978359,85.3540705
51.9705618,85.3449626
51.9315473,85.333631
51.9702368,85.34336
51.9700357,85.3438959
52.0781678,85.017794
52.0761787,85.0178814
52.0102021,84.9980351
52.0796,84.9954754
51.9002401,85.8609126
51.9001491,85.8610401
51.888734,85.8237864
51.888388,85.8229172
51.8880972,85.8245033
51.8272357,85.7415312
51.7578973,83.3530712
51.8788027,83.3121792
51.877994,83.3114834
51.8783176,83.3120414
51.7191402,83.3778413
52.7059868,83.1842095
52.7067557,83.183682
52.8083893,83.1042098
53.3082208,83.6225321
53.3534947,83.5563936
53.3492311,83.6204667
53.3594883,83.5491333
53.3399302,83.4221572
53.3381613,82.9282144
53.3078601,83.6223785
53.3487469,83.6203723
53.3481824,82.9632471
53.3601642,83.5463148
53.3097345,83.0250893
53.3097565,83.0254836
53.3099527,83.0252849
53.3174517,83.6206503
53.348914,83.4606762
53.7615822,83.6366186
53.766333,83.6379907
53.7754491,83.5979006
53.7997239,83.5410614
53.8005135,83.5365968
53.7980316,83.5361037
53.7992803,83.542481
53.7992112,83.5353383
53.7986328,83.5346167
53.8006365,83.5357705
53.8003391,83.5353525
53.7749795,83.5850699
53.8607475,83.4692358
53.8251383,83.4832222
51.1590199,82.189254
51.2694397,82.1452078
51.5963499,82.2861059
51.6214492,82.2822364
51.866553,82.0776172
51.5966086,82.2865804
52.0706615,82.5335029
52.2531861,82.2293257
52.0896887,82.4818729
52.1086057,82.4852649
52.5160081,82.7246357
52.4853829,82.741913
52.516649,82.7270594
52.4960969,82.7322111
52.4780967,82.7678168
52.4777979,82.7687216
52.5016545,82.732099
53.3365657,82.9270171
53.3365061,82.9271288
53.3359095,82.9274882
51.2690489,82.145106
51.8842696,82.038403
51.7833642,81.3381127
52.0424089,81.8063768
52.1444358,81.7035891
52.7116597,81.620004
52.7033732,81.6217733
52.7024655,81.6283011
52.7025485,81.6237229
52.7869714,81.7747046
52.6344677,81.2080577
52.6724843,82.0596586
52.7863805,81.7740842
52.7854563,81.7732919
52.7877544,81.7770935
53.6221801,81.485001
51.5134772,81.2109263
51.5290756,81.2147411
51.4982933,81.1833132
51.5095922,81.2195231
51.5323557,81.2054275
51.4631835,81.2390764
51.5001749,81.2075999
51.5074839,81.1319351
51.5104506,81.136325
51.5322402,81.2047992
51.496248,81.2065588
51.5002131,81.2074205
51.4947078,81.1937634
51.4949945,81.193351
51.5506514,81.2420454
51.5703379,81.1198406
51.5448903,81.2355019
51.5661857,81.2021595
51.5674429,81.2037465
51.664454,81.3151238
51.5665323,81.2025953
51.5665941,81.2033628
51.5381001,81.1604739
51.5375025,81.1606601
51.5380868,81.1602046
52.210722,81.2231913
52.2562045,81.0724883
52.2133697,80.8088524
52.8355439,80.8942882
53.8917484,81.1857865
53.7983195,81.3112288
53.9747833,81.194399
53.9738136,81.1941623
51.4311124,79.9719138
52.0058222,80.3780687
52.0143971,80.361135
52.0905233,80.5163383
52.4998992,80.2696881
52.7915467,79.8992626
51.9326743,79.4317464
52.554265,78.9503888
52.5576633,78.9699888
53.0062644,78.630408
52.9842293,78.6269238
52.9836864,78.6267299
52.9837815,78.6265516
52.9836351,78.6264748
52.9133615,78.5603974
52.4593128,130.8646392
49.800146,129.8715414
49.7940875,129.8535776
49.729743,129.5885038
50.1562946,129.489997
49.820999,129.7920726
50.4021266,129.2151566
49.6208032,128.6512506
49.6241131,128.6887291
50.6241846,128.9952546
50.623512,129.0003972
50.6251566,128.9971088
50.6262842,128.9957492
50.8610336,128.5558997
50.9081787,128.5233366
50.8541662,128.6595019
51.1507112,128.544852
51.1471364,128.5517544
51.1471333,128.5424206
51.1464566,128.5456615
51.6661777,128.927361
50.1146339,128.04605
50.1135883,128.046087
50.0087021,127.8489793
50.2161279,127.9569689
50.5754086,127.8874073
50.2516837,127.7989826
51.0706971,128.4110766
51.4320167,128.3931104
51.5172656,128.3615917
51.4312298,128.401586
51.4323934,128.3924064
51.4293892,128.398797
51.4289041,128.3959292
51.4668063,128.1350939
51.3929371,128.1283291
51.3411377,128.1150497
51.464989,128.1363931
51.4660663,128.1382898
51.4687564,128.1349714
51.7561987,128.1086451
51.7532212,128.1094196
51.7521304,128.1116955
51.754712,128.1081469
51.7544194,128.1060362
51.7557382,128.1092589
52.0309808,127.7391632
52.0286902,127.7353555
52.018995,127.7093764
52.0259922,127.7365772
52.0315802,127.740615
52.0305163,127.7379524
50.5026989,127.573733
50.2692867,127.7273982
50.2905661,127.5264331
50.2902701,127.5275079
50.2909286,127.5265259
50.2671038,127.5239284
50.264978,127.5451595
50.2678519,127.7391692
50.2905201,127.5286279
50.2963774,127.5113831
50.2662672,127.5324735
50.2733907,127.5127181
50.2578524,127.5335847
50.3051051,127.5316945
50.2743705,127.5029545
50.2654611,127.5421375
50.2664407,127.532516
50.2719836,127.5533278
50.2862115,127.5259983
50.3098044,127.5464049
50.321891,127.5700394
50.2882891,127.6296549
50.2906013,127.6278344
50.2902336,127.6284365
50.2621146,127.5739155
50.2907915,127.5278573
50.2636719,127.5582902
50.2777322,127.5542954
50.2893801,127.5576441
50.2901989,127.5568137
50.3728742,127.5491776
50.5332897,127.6160942
50.3104344,127.5464369
50.5337855,127.617395
50.2895167,127.5628646
50.2678702,127.7409367
50.2683781,127.74006
50.2924807,127.6309723
50.2015843,127.6520965
50.2645142,127.5502739
50.29111,127.5227536
50.2717594,127.7251221
50.2708966,127.6621204
50.2688343,127.7186745
50.2697211,127.654948
50.2706976,127.657291
50.2706451,127.6606167
50.2713288,127.6653451
52.6564117,126.8455355
53.1127315,126.3068721
55.1332753,124.7172122
54.0168584,124.1952417
54.0195304,124.1902704
54.0181154,124.1912109
54.0194146,124.1870446
54.0226121,124.1918915
54.0220235,124.1915489
54.2131148,124.3979828
54.2140129,124.398371
53.9582898,123.8539709
54.0325727,123.9068993
53.9997295,122.002993
61.1675057,48.322211
61.0664155,48.1876144
61.2790871,48.5012613
62.1879716,49.058188
73.2870397,54.3704099
61.3748584,47.5194759
61.0838975,46.4886413
61.2264543,46.6244825
61.2022077,46.8305096
61.0822742,46.4930787
61.2246693,46.6248437
61.22481,46.6284598
61.2486979,46.6734801
61.250009,46.6493868
61.2583254,46.6384149
61.2896847,46.6842608
61.2525873,46.6293251
61.3362656,46.8896062
65.6253472,44.6087602
65.8320588,44.2570469
61.0759131,43.2428491
62.107803,42.8772202
62.6915777,42.8898451
62.691015,42.8895225
64.1516931,41.9192711
64.1899194,42.3115079
64.1908237,42.317634
64.1895419,42.3125431
61.0654441,42.1051828
61.0622536,42.1031313
61.080878,42.1185745
61.0731057,42.1095252
61.0815562,42.0998399
61.0485948,42.0294711
61.0620397,42.1030905
61.1276741,42.1820016
61.5553459,42.3822886
63.7350222,41.4124086
63.7354447,41.4111884
63.7352699,41.4122955
63.7350803,41.4131698
64.1454867,41.6156797
64.4235737,40.6014069
64.413499,40.821271
64.4135317,40.8208046
64.4137316,40.8203915
64.4135501,40.8198366
64.4192518,40.8047655
64.4136477,40.769073
64.4136779,40.7698517
64.4235129,40.5989604
64.4187143,40.792094
64.4462033,40.6001501
64.4499807,40.6031009
64.4256319,40.5975896
64.4828765,40.5728172
64.4143181,40.7693478
64.4455963,40.5976352
64.5345226,40.5712776
64.5095354,40.656961
64.4947994,40.7076785
64.6019986,40.6291615
64.5665984,40.5676938
64.5565702,40.5817647
64.5581495,40.5505531
64.5662877,40.5611156
64.5553209,40.5542508
64.5945837,40.7149432
64.559432,40.5480061
64.592446,40.525282
64.5984024,40.5252262
64.52547,40.5997169
64.8099829,40.490939
64.5926748,40.5896562
64.515045,40.5560553
64.51548,40.5557063
64.6173884,40.5259382
64.5305612,40.5594308
64.550997,40.5708799
64.4913261,40.5978835
64.556051,40.5538234
64.5327872,40.5696343
64.5628356,40.5408208
64.7001117,40.5131987
64.5233066,40.6127616
64.524345,40.6077616
64.5315765,40.6195143
64.5238199,40.6102763
64.4888047,40.5855984
64.540876,40.5769975
64.5503092,40.5709249
64.5150721,40.5550349
64.492144,40.6062811
64.5178257,40.6795437
64.5300083,40.5588306
64.5154061,40.5553766
64.5323242,40.6175899
64.5550893,40.5666666
64.5142289,40.6410298
64.5298622,40.5590653
64.4896177,40.5978948
64.5395059,40.5456112
64.5391628,40.5452891
64.5388842,40.5476225
64.5457766,40.5508571
64.5464505,40.5525356
64.486487,40.5692576
64.4852641,40.567494
64.518317,40.6788293
64.5275532,40.5779295
64.5177553,40.6769225
64.5185171,40.6770636
64.5194119,40.6767243
65.2469508,41.0305811
62.7133309,40.2862645
63.0037155,40.2466243
62.759217,40.2981207
62.7651644,40.2980266
63.4313892,40.3169461
64.406251,40.5881943
64.5312192,40.5332992
64.5407372,39.8132891
64.5414799,39.8117529
64.5475327,39.8075732
64.5955729,39.822261
64.5581174,40.5299802
64.5420726,40.5325228
64.5824709,39.8828404
64.5418261,39.8134604
64.5432852,40.5375449
64.5422302,40.5378087
64.5809881,39.9315339
64.5384457,40.5149409
64.5584016,39.8291739
64.5583195,39.8290444
64.5680946,39.8213758
64.5289339,40.5441316
64.5782762,40.5152951
64.5386413,39.8150138
64.5505797,39.8693488
64.5433204,40.5368895
64.5406853,39.7790837
64.5403009,39.7796343
64.5439347,39.8324771
64.5419707,39.780112
64.5503895,39.7788953
64.5461542,39.7786176
64.555451,39.7780488
64.5821287,39.8806943
64.5687298,39.7961876
64.5586856,39.8292875
64.5673957,39.7895717
64.5427381,40.5374969
64.5108441,40.3916539
64.5684003,39.8209871
64.5800532,39.8668037
64.580271,39.8656667
64.5806244,39.8652427
64.5811865,39.8747674
64.5827047,39.883633
64.5681067,39.7919471
64.5801307,39.8681319
64.5439484,39.8327922
64.571533,40.5241087
64.5677116,39.7900829
64.5537775,39.8021658
64.5421347,39.7798148
64.5402923,39.7793478
64.5103485,40.5363173
64.5467037,39.7787419
64.5674582,39.7894289
64.5825746,39.8827451
64.5244484,39.7877587
64.5329429,39.7802676
64.5334215,39.7802601
64.536722,39.8020876
64.5464352,39.8586826
64.5464078,39.8584809
64.546429,39.8581496
60.6731056,40.1061557
60.742122,40.1114662
61.6698756,40.2428325
62.9328417,40.1278011
61.5123928,38.9445173
61.5195666,38.9429114
61.5191133,38.9426535
61.5194928,38.943494
64.0046687,38.1919232
63.9042729,38.0984526
63.9299215,38.0651761
63.9059528,38.0954908
63.9963159,38.1664343
46.4117458,47.9587569
46.3315932,48.0024466
46.3246196,47.9664714
46.2643432,47.8505544
46.2642699,47.8506399
46.2118596,47.8471818
46.3781284,48.009639
46.359686,48.0026799
46.3549982,48.0058985
46.3867634,47.9469765
46.2917589,47.8949977
46.3347865,48.0490306
46.3577615,48.0479703
46.358011,48.0570037
46.3598823,48.0564334
46.3349152,48.0490274
46.3505754,48.0555125
46.3471128,48.053712
46.3468782,48.0635219
46.3583124,48.0373337
46.3345372,48.0389464
46.3409966,48.0380721
46.3288604,48.0092893
46.3300249,48.0063992
46.3484964,48.0529287
46.3392909,48.0167235
46.3272585,48.0514336
46.323337,48.0410279
46.3556469,48.036043
46.3535847,48.0344033
46.3332455,48.0223576
46.3448931,48.0232677
46.3453026,48.0492839
46.3432946,48.0528502
46.3340752,48.0049904
46.3444594,48.0226895
46.3513126,48.0342659
46.3474234,48.0370328
46.3178048,48.0422831
46.3097581,48.0573881
46.3743247,48.0120662
46.3712464,48.0110992
46.3561246,48.0051524
46.3442608,47.9859105
46.3446243,47.9242431
46.2954058,47.9853023
46.2947872,47.9865726
46.3737754,48.0498076
46.3797893,48.0514766
46.373665,48.0512919
46.3602578,48.0564163
46.3411537,47.9895976
46.2636751,47.8543797
46.2673443,47.8572896
46.265258,47.8598861
46.2655375,47.8558283
46.2643658,47.8489261
46.2644841,47.8533878
46.2612262,47.9208064
46.3347761,48.0482051
46.3336112,48.0231834
46.3346839,48.0405554
46.3502244,48.0549689
46.2107902,47.8476989
46.2123864,47.8482198
46.3407533,47.9896838
46.3449771,47.9890297
46.3182059,48.0408063
46.3769172,48.0097389
46.3359072,48.0289356
46.3238821,48.0426857
46.3402235,47.9863405
46.3099448,48.0574141
46.3620767,48.0459673
46.3630274,48.0400648
46.295942,47.984259
46.3618242,48.047611
46.3619618,48.0478418
46.3626153,48.0476842
46.375786,48.0110312
46.471265,47.9606722
46.4118166,47.9591691
46.3800167,48.0512844
46.3336304,48.0233864
46.3333367,47.9983958
46.7054883,48.0713777
46.6768074,48.0679965
46.6768886,48.0675838
46.3501561,48.0916724
46.3548322,48.0966756
46.3664968,48.0662821
46.3731535,48.0821137
46.3729671,48.0814531
46.3595325,48.0626964
46.3464576,48.0754376
46.3594864,48.0662144
46.3601262,48.0656023
46.3494745,48.0919249
46.3929608,48.1104048
46.4381476,48.2328408
46.5444846,48.3493675
46.3598195,48.0664385
46.4254616,48.0857797
46.3995123,48.1069168
46.3739006,48.0824727
46.3998957,48.1070371
46.3996059,48.1072479
46.3399514,48.1706393
46.4166486,48.1548257
46.4158512,48.1552414
46.4208225,48.1086039
46.3334266,48.1827884
46.4167461,48.1539339
46.4182437,48.1541258
46.4152462,48.153527
46.3330912,48.1856661
46.4001965,48.1067892
46.4153866,48.1532674
46.4136044,48.1586061
46.4089378,48.105284
46.3727858,48.0824882
46.3564754,48.1105272
46.3600338,48.0664432
46.3344084,48.2143057
46.3346203,48.2143699
46.3349104,48.2136089
46.5456128,48.3498075
46.5461581,48.3489032
46.340528,48.1703959
46.3648011,48.0687057
46.4237732,48.0902985
46.5262735,48.3450913
46.3599246,48.062607
46.3414061,48.1709071
46.3404639,48.1682852
46.3600768,48.066318
46.3594209,48.0629744
46.4385677,48.2567109
46.4384762,48.2570612
46.3337621,48.181898
46.3338296,48.1819099
46.4202044,48.1093843
46.346364,48.0757139
46.3464158,48.0777927
45.7023401,47.184342
45.7897723,47.281214
45.7901542,47.281345
47.4018295,47.2906462
48.2756385,46.2107374
47.9395243,46.1237189
48.3182329,46.1555857
48.283855,46.1736574
49.951424,38.9559493
49.9195927,38.9163838
49.9196878,38.9162649
49.8042601,38.9568759
49.9515913,38.9557126
50.6150393,38.6930143
50.6039142,38.6611388
50.6033237,38.6613744
50.6029727,38.6621871
50.6037362,38.6608642
50.6031841,38.66064
50.929603,38.6682047
50.6445026,38.6840714
50.9295627,38.6671598
50.9295329,38.6676692
50.2063036,38.1068462
50.1915811,38.1669917
50.1479208,38.0946151
50.1974989,38.175654
50.14838,38.0950367
50.2158644,38.0904714
50.3764438,38.4156183
50.2330288,38.0641688
50.205267,38.1286006
50.2132093,38.1006145
50.2331134,38.0631093
50.6730245,38.4475564
50.6458499,38.399905
50.6462622,38.4003118
50.6457336,38.3995501
50.6950339,38.4969479
50.640746,38.5771792
50.6401612,38.5768032
50.6358398,38.5693199
50.6352019,38.5703487
50.6458166,38.3998957
51.1266923,37.9643252
51.2185129,37.9473254
51.1258579,37.9654729
51.2322082,37.9412257
51.1690565,37.9637396
51.2492603,37.9340973
51.2292252,37.9424242
51.1258406,37.9649047
51.2423555,37.9368235
51.1837263,37.961905
51.1731797,37.9645091
51.2644794,38.247351
51.1255577,37.9651279
51.1622579,37.964801
50.4833743,37.8625084
50.4733636,37.88103
50.5109788,37.8671118
50.4949159,37.8560182
50.4065862,37.8382861
50.4068568,37.8374747
50.4072361,37.8377518
50.4623415,37.6643473
50.4623507,37.663731
50.4949537,37.8556733
50.4951665,37.8559885
50.4630521,37.6628884
50.927646,37.8052036
50.8012025,37.8606868
50.7490126,37.8852649
50.7587758,37.8702159
50.7621066,37.8604438
50.7462997,37.8966578
50.767863,37.857161
50.9275531,37.8057298
50.9282783,37.8060566
50.7641367,37.9038414
50.7358945,37.8323635
50.7458822,37.896302
50.7357701,37.8328184
50.9276951,37.8066036
50.9275788,37.8061183
50.7310222,37.8675352
50.7585154,37.600512
50.7344045,37.742279
50.7334279,37.7670273
50.7303555,37.8649569
50.737537,37.8254121
50.7345504,37.7566779
50.7338526,37.7210429
50.7604156,37.588699
50.7673302,37.5619599
50.7456804,37.8952548
50.7640932,37.863685
51.3087495,37.8823642
51.3163068,37.8914863
51.3489607,37.8519204
51.2979365,37.9325106
51.3291675,37.8882597
51.1221851,37.9519294
51.3076236,37.8835941
51.3255591,37.8809565
51.3005403,37.8934444
51.3087886,37.9111237
51.2887407,37.9339677
51.3064889,37.8184953
51.313998,37.9053789
51.3336487,37.872246
51.3232356,37.8946476
51.2800038,37.9223192
51.2992535,37.8902226
51.3434329,37.8478883
51.2912122,37.9345854
51.166145,37.962324
51.3410682,37.8453484
51.2790219,37.8115015
51.3408417,37.7960009
51.2720681,37.8213566
51.3338847,37.8017764
51.3476367,37.8539076
51.355672,37.8326174
51.3126111,37.8698603
51.2786624,37.9195286
51.3169431,37.8954075
51.3037519,37.899843
51.3256398,37.8811338
51.3107149,37.8976881
51.3000596,37.8914085
51.304348,37.9013086
51.1225535,37.9503024
51.2775704,37.9233147
51.1222517,37.9534494
51.268734,37.9262394
51.2964219,37.839812
51.2895152,37.8023493
51.2858722,37.9362761
51.3235436,37.8945096
51.3235217,37.8842831
51.3016003,37.928794
51.3140414,37.9048066
51.3159648,37.8910826
51.2771947,37.9248226
51.2639474,37.9277793
51.2954343,37.9350573
51.2852843,37.8930902
51.3394398,37.8655075
51.3162219,37.8913098
51.3395495,37.8657398
51.3028404,37.8889194
51.3901901,37.8653535
51.2862869,37.8026059
51.2854168,37.7952477
51.2816184,37.8143062
51.3541826,37.834566
51.2602817,37.5317023
51.3139861,37.9047968
51.354365,37.8324065
51.2882356,37.9032251
51.2904946,37.8105543
51.2900252,37.824587
51.2881875,37.8029939
51.2871686,37.820377
51.2788345,37.5102707
51.2789204,37.5170761
51.2765271,37.5249541
51.2885766,37.5209593
51.2938231,37.5216719
51.2833727,37.5531871
51.2784563,37.5668075
51.2892276,37.5366204
51.2917168,37.5326942
51.3257345,37.7362919
51.3237132,37.7413447
51.3273019,37.7402083
51.3013,37.7694194
51.2847994,37.7882313
51.328368,37.7403577
51.3391899,37.7831545
51.2850427,37.5282121
51.3220707,37.8803833
51.338065,37.7970967
51.3376405,37.7987178
51.3404274,37.798112
51.3427934,37.793483
51.3452138,37.793429
51.3234732,37.8835329
51.3253658,37.8857577
51.3619402,37.8379544
51.3237391,37.8845501
51.3248432,37.8856228
51.3011243,37.7679614
51.3014859,37.7685561
51.297765,37.8374831
51.2787827,37.8109148
51.3087867,37.9111766
51.3019669,37.9071178
51.3208561,37.3327009
51.3003824,37.8921639
51.355206,37.8334928
51.2754882,37.5167597
51.2725589,37.5110578
51.1350694,37.2637925
51.2699798,37.5725059
51.2606558,37.5329573
51.1726536,37.3240642
51.2698359,37.5730107
51.2965847,37.6058658
51.26056,37.5326682
51.1157118,37.23464
51.172727,37.3239816
51.1852514,37.3927392
51.2950229,37.604354
51.2707714,37.8465271
51.2705243,37.8457577
51.2794814,37.8756394
51.3286721,37.7404249
51.2939506,37.7781866
51.2852087,37.8931701
51.2699895,37.8605326
51.2697137,37.8606942
51.2790897,37.924004
51.2627988,37.529178
51.2788304,37.5166244
51.2716677,37.8067474
51.2712678,37.8460389
51.2044985,37.4769004
51.3145231,37.6321386
51.3148619,37.6328466
51.3196107,37.6691387
51.3198043,37.6700245
51.3286133,37.7464046
50.9759118,37.1929554
50.9988222,37.2089299
51.0789508,37.2106478
51.185317,37.3933398
51.1867478,37.3677956
51.1858775,37.3987257
51.1862928,37.4027249
51.1907473,37.429414
51.1940157,37.4379654
51.1943959,37.4398996
51.1945077,37.4456174
51.195041,37.4548592
51.1955143,37.4592341
51.2006445,37.4717696
51.2038296,37.4759847
51.2114117,37.4865887
51.2124918,37.4878932
51.2209253,37.4997017
51.2365793,37.5127954
51.2475944,37.5217018
51.2517329,37.5245979
51.1826143,37.3532159
50.9392574,37.1948871
50.9694531,37.1908324
51.2725081,37.5100569
51.2987083,37.6071641
51.2726119,37.5103855
51.2724207,37.5107958
51.2724602,37.510346
51.2835137,37.5525163
51.277626,37.5933154
51.2800072,37.5317022
51.3373328,37.7983043
51.3440223,37.7934729
51.2713536,37.8382409
51.3197185,37.8986646
51.2787405,37.9195445
51.3044015,37.8494658
51.2785407,37.5652217
51.2833105,37.5524874
51.3067755,37.8685034
51.3377479,37.7977057
51.3166449,37.9016821
51.3083335,37.9111354
51.3542707,37.8346603
51.2697662,37.8553386
51.3556877,37.8325236
51.371776,37.8465915
51.4016605,37.8764901
51.4221757,37.8926691
51.27949,37.8754986
51.3077546,37.9120186
51.3168455,37.9113809
51.3141759,37.9050991
51.3060611,37.9025809
51.3008776,37.929588
51.3411342,37.8451844
51.2886116,37.902714
51.318288,37.8258128
51.2879812,37.9026086
51.2479845,37.5220044
51.2724231,37.5031882
51.2894925,37.8021587
51.305589,37.8856858
51.3110867,37.8795758
51.310702,37.8974254
51.3141801,37.876231
51.3046566,37.8867106
51.3070148,37.8671741
51.3068777,37.8620356
51.303067,37.8884748
50.4218236,36.835953
50.4186687,37.0208243
50.4248743,36.8363258
50.4186872,37.0221144
50.5281646,36.6928301
50.521554,36.7043904
50.5216517,36.7053357
50.5338252,36.6836829
50.3473234,36.9204494
50.4185271,37.0202843
50.5117818,36.6691012
50.5194456,36.7021463
50.5235869,36.708172
50.407786,36.8966601
50.5289016,36.7184647
50.5296238,36.7186622
50.4248475,36.8350795
50.4610212,36.7446126
50.4257001,36.8370099
50.5122906,36.7189988
50.5700801,36.7483878
50.4250829,36.8365194
50.3502725,36.9213393
50.4263517,36.8286341
50.4340291,36.7919851
50.6428861,36.6742374
50.652949,36.6898143
50.7971195,37.1453464
50.6813753,36.740399
50.8101873,37.1496581
50.798213,37.2429679
50.6407642,36.6783033
50.6440781,36.6771224
50.7981744,37.146
50.8031482,37.1488992
50.8010085,37.2417871
50.7980178,37.2393313
50.8018589,37.2425669
50.8257577,37.1589612
50.8279816,37.1582807
50.7139947,36.7924057
50.7740149,37.0928038
50.6138192,36.7643975
50.6366967,36.6849186
50.6374011,36.6847338
50.7449221,36.9483398
50.7452168,36.9509247
50.7597667,37.0425943
50.7742097,37.0927425
50.8775405,37.1819543
50.9899315,37.2037901
50.7840213,37.1197475
50.791682,37.1398655
50.9304591,37.1957944
50.9578032,37.1921569
50.6151995,36.749641
50.6196958,36.7291522
50.803175,37.1487931
50.8253344,37.1583968
50.6779037,36.7291938
50.6989654,36.759222
50.7148876,36.7966105
50.7153245,36.7969725
50.7212512,36.8218075
50.7280283,36.8480633
50.6150019,36.7756238
50.642925,36.675547
50.7368666,36.869677
50.6421354,36.6758297
50.7986325,37.2417335
50.8078518,37.2142205
50.8075811,37.2143782
50.7978805,37.2438401
50.6636336,36.7040241
50.8159342,37.1688957
50.6589081,36.697593
50.8073819,37.2138817
50.7996863,37.1478458
50.6031511,36.6598803
50.6961288,36.7562561
50.727883,36.8482104
50.6817681,36.7415717
50.6306396,36.6981205
51.0379363,36.762579
51.037667,36.764267
51.0790115,37.2104976
51.0652809,37.2033596
51.1229096,37.2453287
51.0376676,36.7632365
50.5404364,36.4762224
50.5909125,36.5867794
50.5897043,36.5669191
50.5897046,36.5667377
50.5880309,36.5661646
50.5782973,36.5981211
50.5785502,36.5978995
50.5779918,36.5976389
50.5812703,36.5833538
50.5914608,36.5922981
50.5515042,36.5740764
50.5874804,36.6115186
50.5876612,36.6121754
50.5771419,36.6242618
50.5701015,36.5308144
50.5783552,36.6222672
50.5549814,36.6467258
50.5044293,36.5762562
50.5172647,36.491743
50.5032133,36.4386473
50.5402108,36.5736632
50.5267144,36.5752226
50.517993,36.4924324
50.5181495,36.4920329
50.5406961,36.5738679
50.5885494,36.5645778
50.5874959,36.5604848
50.591348,36.5646155
50.5681989,36.5846063
50.5677531,36.5866767
50.5762907,36.5686584
50.5063296,36.6066065
50.5052279,36.5760472
50.5052671,36.5764325
50.526352,36.5186126
50.5274132,36.5747811
50.539923,36.5741566
50.5776182,36.6234866
50.5034348,36.4388774
50.5832711,36.4842682
50.5681666,36.4603849
50.5687963,36.4600733
50.5710793,36.4589718
50.570157,36.5700188
50.5869672,36.6123316
50.5086705,36.6210276
50.5771771,36.6184542
50.5781277,36.6252613
50.5085472,36.6210779
50.5547354,36.6470706
50.5546769,36.6468636
50.5776835,36.6233828
50.5744942,36.5690456
50.5673635,36.5841893
50.5674807,36.5852857
50.5674953,36.5841448
50.5675502,36.5845954
50.5676458,36.5847034
50.5678205,36.5845255
50.5701904,36.5315781
50.5669006,36.584948
50.5409254,36.6605511
50.5799683,36.4819345
50.5763548,36.5445076
50.5697268,36.5298752
50.5762795,36.5427653
50.5408529,36.6605165
50.5788392,36.5681676
50.5842705,36.5670119
50.5858951,36.5666459
50.572078,36.569944
50.551284,36.5729642
50.5660452,36.5706968
50.5661936,36.5702895
50.5718995,36.5697312
50.4364857,36.3904464
50.5671709,36.5849339
50.5666184,36.570578
50.5862418,36.566577
50.5518979,36.5730406
50.5513053,36.5714505
50.9838916,36.3383977
50.6741185,36.4724311
50.6339927,36.4645293
50.5987089,36.5800658
50.6001669,36.6077636
50.6034704,36.5809302
50.5963737,36.6061845
50.5969633,36.6018647
50.6318132,36.5728695
50.6328177,36.5828746
50.6129796,36.5907807
50.6179415,36.6143599
50.5918213,36.5922932
50.6256026,36.651786
50.6048442,36.6321677
50.6051525,36.6323222
50.5928385,36.6005546
50.7270151,36.5296244
50.6741136,36.4700103
50.6780637,36.4749591
50.6671828,36.5610365
50.6653092,36.5617086
50.6153014,36.6141764
50.853588,36.458196
50.6176425,36.6158304
50.6569414,36.5731767
50.6574698,36.5639525
50.6220601,36.5911002
50.5945657,36.6534644
50.6013992,36.6292882
50.8277238,36.6300418
50.6101265,36.0072648
50.6607574,36.5630894
50.6214098,36.5955868
50.5937614,36.5328404
50.8273576,36.6294548
50.6566088,36.5656127
50.8535262,36.4577363
50.8534751,36.4571556
50.6129956,36.5909053
50.5945302,36.653584
50.73091,36.5294914
50.6853215,36.2484988
50.6850722,36.248489
50.6135997,36.0721172
50.5946129,36.4984739
50.5949865,36.4988394
50.6257145,36.5443432
50.6355641,36.4691459
50.660378,36.5597331
50.6248187,36.543597
50.6247661,36.543048
50.6113506,36.5340359
50.602116,36.5622204
50.5923912,36.6003745
50.6574797,36.5731574
50.6573846,36.5745275
50.5931703,36.5056055
50.6871806,36.2696591
50.6874061,36.2700809
50.6972034,36.2560921
50.5934531,36.4969823
50.6178314,36.6143
50.5922856,36.6005008
50.5949626,36.5531926
50.6259328,36.6517987
50.6250545,36.5428903
50.6302275,36.5439346
50.6608297,36.5644646
50.6187292,36.5591494
50.6128308,36.5359591
50.6590582,36.3866275
50.6353365,36.4696406
50.6489729,36.4679601
50.6356625,36.4623731
50.6179164,36.615961
50.61268,36.5877273
50.6131924,36.5356662
50.672496,36.5600035
50.6021956,36.5620339
50.7834483,36.502651
50.725929,36.5293462
50.8225237,36.4845397
50.8222322,36.4847676
50.7815826,36.503012
50.7677187,36.5093679
50.736193,36.5279521
50.983957,36.337766
50.6596618,36.5636294
50.6606596,36.5631229
51.1002251,36.2803691
51.10162,36.2802799
51.0614209,36.1774014
50.4765426,35.6779795
50.5338661,35.7947224
50.5339753,35.7946972
50.5342589,35.8017673
50.5342554,35.8015796
50.8180053,35.8491261
50.830696,35.7682803
50.7968483,35.714402
50.8134236,35.4128542
50.8183517,35.8480173
50.81791,35.8479706
50.8177559,35.8487442
50.8335147,35.8341844
50.8141183,35.8259843
50.7956036,35.7099775
50.7961269,35.70785
50.8147606,35.8276003
50.8134496,35.4150286
52.2022442,34.4522523
52.1630327,34.4622509
52.2019006,34.4521858
52.3227451,34.0980198
52.5554795,34.5488032
52.5554146,34.5477259
53.0564066,33.9670621
52.8354921,34.5309528
53.1045044,34.0564832
53.1286162,34.1202999
53.2222327,34.3776592
53.1997501,34.5177839
53.2354749,34.3539078
53.230677,34.3221364
53.2796251,34.2079052
53.2036068,34.250664
53.1985302,34.525905
53.2384075,34.3707834
53.2060276,34.2597382
53.2784983,34.2016908
53.2792562,34.2067836
53.2820111,34.2050866
53.4348398,34.3724728
53.2594734,34.4068116
53.2595558,34.4051748
53.2814649,34.3156686
53.2306185,34.3223497
53.1876235,34.6040832
53.1832817,34.6024204
53.2076923,34.4677186
53.2079072,34.4661214
53.1869308,34.6049057
53.2549652,34.4424612
53.2788403,34.2064746
53.2027146,34.2672281
53.2519538,34.4505437
53.2682455,34.3569185
53.295693,34.2605134
53.2886276,34.3033602
53.2011327,34.2667827
53.1700205,34.338562
53.3405016,34.30994
53.26627,34.3435139
53.2560012,34.3275418
53.2801382,34.3819308
53.2137098,34.4265106
53.21743,34.4017772
53.2145451,34.4209425
53.2624239,34.4141161
53.34809,34.2116924
53.2808547,34.2173763
53.3388218,34.2101367
53.3184271,34.2775126
53.3182543,34.278375
53.3388919,34.202234
53.3372362,34.203854
53.3366409,34.1992283
53.1690502,34.341814
53.1696884,34.3421368
53.1690232,34.3397299
53.3258446,34.3099975
53.3067263,34.2912465
53.3068967,34.2999862
53.3411797,34.310095
53.324829,34.2823127
53.2224891,34.3195205
53.2472664,34.3339094
53.2547906,34.4417866
53.2218161,34.3775401
53.2102502,34.4486677
53.2144303,34.4208931
53.2130776,34.4299092
53.2591905,34.405113
53.2643001,34.347944
53.2205484,34.3828488
53.297205,34.2629976
53.2475573,34.3341084
53.2011833,34.5082668
53.2018713,34.2681262
53.2153215,34.4100478
53.2280356,34.3650258
53.3132427,34.3063971
53.2327452,34.3672313
53.18668,34.6067007
53.1876257,34.6001602
53.2882586,34.3028455
53.3209676,34.2794638
53.5862325,34.3053145
53.5862473,34.3046673
53.2626657,34.4035712
53.2418422,34.3301995
53.2798737,34.3827854
53.2985497,34.3089166
53.2987428,34.3091342
53.2199156,34.3187792
53.255812,34.328295
53.2560425,34.3281582
53.2640683,34.3475926
53.2649345,34.3233328
53.2213639,34.3794511
53.2483714,34.3351804
53.288175,34.3046674
53.2185362,34.3936729
53.2620541,34.3072033
53.2056214,34.6105814
53.3675929,34.3007616
53.3477693,34.2114919
53.2484449,34.3346548
53.287495,34.3033536
53.600032,34.3337433
53.3209757,34.1932791
53.2637193,34.3373943
53.2880958,34.3046392
53.2225507,34.3763227
53.260197,34.341142
53.2605932,34.3408508
53.2706466,34.321678
53.248064,34.334424
53.2363242,34.3886848
53.2361829,34.3887926
53.3206279,34.311897
53.2419422,34.3732538
53.2005992,34.2688593
53.2634128,34.323921
53.2215616,34.3796004
53.3057274,34.3144244
53.3057667,34.3142701
53.2808007,34.2179097
53.232988,34.4818974
53.2624922,34.4140259
53.2585737,34.3973529
53.2637632,34.3374745
53.2751625,34.3400341
53.275553,34.3394057
53.2773939,34.3168142
53.2738722,34.3476442
53.2739436,34.3477542
53.6146518,34.303746
53.8182007,34.0855197
53.6119401,34.3125824
53.6003852,34.3333949
53.6003276,34.3334336
52.4183743,34.783624
52.5815837,33.7686337
52.5803101,33.7658146
52.5591399,33.3414773
52.5217909,33.2873982
52.5713742,33.750499
52.5711776,33.7505642
52.5197806,33.2399246
52.8946174,33.4625208
52.8295777,33.4541152
52.9164113,33.4724535
52.8893931,33.4842357
52.9149601,33.4997677
52.9317288,33.4597393
52.9854533,33.2591679
52.9000168,33.4691625
52.9148599,33.5006567
52.8081333,33.1719138
53.3913114,33.7237933
53.5413399,33.7423219
53.5240447,33.5534531
53.7021844,33.4000803
53.6912523,33.4861493
53.6863544,33.4135082
52.5813931,32.7633593
52.5840334,32.739303
52.5545957,33.2637677
52.7049135,32.3621391
52.7781297,33.0713818
52.5847993,32.7582504
52.5842483,32.7581739
52.5844385,32.7578794
52.587097,32.7621571
52.3681217,33.2427924
52.2952822,32.6476382
52.784122,32.7579654
53.0629512,32.8481396
53.0082842,32.449246
53.0077837,32.4489327
52.8632195,32.6510239
52.7839393,32.7480373
53.3872636,33.2186447
53.4028559,33.2005149
53.3943576,33.2143831
52.5609993,32.1155208
52.5344264,31.9299289
52.5513877,31.9335619
52.7124749,31.9094311
52.3828488,32.2013095
52.509609,31.9988494
52.5509993,31.9335791
52.5310742,31.94922
52.3799324,32.1968502
52.6854027,32.2848992
52.509042,31.9990417
52.5103357,31.9965086
52.3852965,32.1794572
52.6842697,32.283339
52.6849873,32.2852477
52.6842143,32.2834046
52.5308643,31.9547625
52.530989,31.9538598
52.5229005,31.9709791
52.7559184,32.2486262
52.7357351,32.2409592
52.7628879,32.2147879
52.7636941,32.2118189
52.7672662,32.2381666
52.7598513,32.2391725
52.7380384,32.2362982
52.7505776,32.2464656
52.7378735,32.2401556
52.7446667,32.2398814
52.7546681,32.2603054
52.7448099,32.2403858
52.7546892,32.240352
52.7442179,32.2386599
52.9542516,31.9948346
52.7567621,32.2567487
52.7562211,32.2577688
52.9991103,32.3932283
53.0204098,32.4044871
53.0138029,32.3903961
53.0083666,32.4483608
52.7448818,32.2398904
52.7607889,32.2630341
52.7566052,32.2564501
52.7566774,32.2569657
52.7635452,32.2743418
53.0080453,32.4484019
52.7357945,32.2409071
53.0273123,32.3763958
53.0199448,32.3899834
53.0200499,32.3901876
53.0200912,32.3899717
52.73555,32.2407369
52.7634857,32.2749799
53.0198214,32.3902746
53.0203091,32.3900938
52.750056,32.2424566
52.7355186,32.2411247
52.7544448,32.2320924
52.1123154,31.7830261
52.1145289,31.7919807
52.4407567,31.7310966
52.4416537,31.6350597
52.5421813,31.9165804
52.8928611,31.4299194
55.342812,41.633343
55.3537694,41.6806033
55.286276,41.6233667
55.3535006,41.6794863
55.5299774,41.9579987
55.6994246,42.0173115
55.5827211,42.0191292
55.5747355,42.0283357
55.6185339,42.025638
55.8894567,41.7403428
55.8644773,41.7654734
55.5845399,42.0365247
55.5960135,41.9781063
55.6014021,41.9821621
55.615502,42.025649
55.6185316,42.0235101
55.6187609,42.0194141
55.620583,42.0256867
55.6189965,42.0181572
55.6190123,42.0263911
55.5566196,41.9656751
55.5959186,41.9777982
55.5304431,41.9573252
55.6202685,42.026484
55.5935082,41.9759246
55.7016175,42.0189607
55.5991732,41.9787866
55.5965196,41.9851821
55.6008675,41.974423
55.5299174,41.9569078
55.5298667,41.9569937
55.6407174,42.0162908
55.6424456,42.0232338
55.6423588,42.0238179
55.6382426,42.0246764
55.6386696,42.0249474
55.6379291,42.0251536
55.6427853,42.0236263
55.5763092,41.9533664
55.575601,41.9542707
56.2328702,41.7946658
56.2354203,42.1113859
56.2382656,42.1069592
56.2313669,42.1982752
56.2316753,42.1972524
56.2054763,41.7774282
56.2504936,42.1091888
56.2329975,41.7946466
56.2367616,41.9565837
56.236561,41.9417372
56.2397947,42.0980829
56.239816,42.1022311
56.2161242,42.2497131
56.2243585,41.5960769
56.2385347,42.0413093
56.2375922,41.9952362
56.2332641,41.7945952
56.2325791,41.794702
56.2199594,42.1845401
56.2297442,41.723506
56.3706332,41.9380971
56.3747794,41.9395164
56.2158306,42.2494013
56.1606174,42.5094776
56.1604959,42.5100616
56.1596784,42.5453469
56.1938269,42.3780469
56.1940834,42.3783238
56.19368,42.3795344
56.1829431,42.668568
56.1834062,42.6687717
56.159125,42.531488
56.2172647,42.2299674
56.2172361,42.2310055
55.2415171,41.0464475
55.8064237,41.2260459
55.9500716,40.8570271
55.5692786,40.6234711
55.5673815,40.6242323
55.5686061,40.6229317
55.6569993,40.7267641
55.6359168,40.7246682
55.6568403,40.7260758
55.9605698,40.9455368
56.3635915,41.3111492
56.2122458,41.3264316
56.3334319,41.2868777
56.3703396,41.3104234
56.3477591,40.988674
56.1946082,40.9610001
56.333247,41.287414
56.3449634,40.9650811
56.1937466,40.941111
56.2123574,41.3264096
56.1319435,40.8798166
56.1038413,40.6639944
55.9603647,40.9429403
56.3698688,41.3101574
55.9716602,40.822416
55.9758036,40.8502738
55.9756761,40.8511022
56.396788,41.2521316
56.380495,41.3144154
56.3924931,41.3198344
56.1373657,40.4315772
56.0814713,40.1965261
56.0574332,40.4429913
56.1336199,40.0151664
56.1157822,40.3425774
56.1498972,40.3741074
56.143516,40.4403677
56.1664629,40.4819328
56.3862624,40.4563799
56.3851008,40.4544759
56.3762685,40.4597229
56.1333028,40.4044667
56.131072,40.4209702
56.1354399,40.4074708
56.1338366,40.4034991
56.095599,40.4477172
56.1356749,40.4088702
56.1234363,40.3623283
56.1492982,40.3753067
56.1872928,40.5190928
56.1507098,40.3782905
56.0789079,40.4744388
56.1644139,40.4459698
55.9945054,40.0183089
56.0828363,40.2063016
56.078585,40.2045914
56.048336,40.4375015
56.0525802,40.438262
56.1253144,40.3869474
56.145869,40.3948782
56.1422941,40.3891101
56.133881,40.4024339
56.0643456,40.3652991
56.0630744,40.3687065
56.1377514,40.4311573
56.1300902,40.4046442
56.0628588,40.4340571
56.1232845,40.3626567
56.1665283,40.4593687
56.1743026,40.4577732
56.1729809,40.4590534
56.0994776,40.347576
56.1221329,40.0449096
56.0784978,40.4721227
56.056553,40.4396629
56.1234934,40.0018526
56.1389845,39.9887469
56.1645915,40.4462914
56.164741,40.4459658
56.1221196,40.3840809
56.210018,40.5958755
56.1531376,39.950721
56.1234011,40.003061
56.1195381,40.3646543
56.1444727,40.4393464
56.1198247,40.3660925
56.0663778,40.3669888
56.064411,40.3627195
56.0791217,40.4749216
56.080618,40.4748988
56.0820018,40.4682509
56.0764227,40.4697148
56.0788043,40.4730396
56.0823519,40.4771049
56.1194014,40.3635001
56.1213098,40.3628308
56.1377794,40.4328387
56.0975806,40.5748269
56.1349399,40.4066261
56.0628346,40.4335506
56.1988006,40.4451108
56.0757091,40.1785294
56.0649151,40.3625379
56.1319664,40.3915453
56.1144375,40.3365759
56.0821783,40.4682075
56.1305213,40.3929625
56.1325098,40.3938328
56.1342205,40.4069234
56.0137028,39.9510442
56.385669,40.4558489
56.0278517,40.0032334
56.0285314,40.0040585
56.1764369,40.4992739
56.0452344,40.5198267
56.0753325,40.1788834
55.9974562,39.8988402
56.0247119,39.991342
56.0559115,40.1064162
56.0124468,40.5737703
56.0167515,40.5719411
56.0355667,40.5347878
56.1617659,40.3799873
56.0411239,40.0520414
56.1146542,40.3363915
56.1143395,40.3359732
56.1530931,40.3675474
56.1534333,40.3678374
56.0824597,40.1887355
56.0806564,40.1946838
56.0787001,40.1981642
56.0782299,40.1939374
56.0063909,40.56978
56.0092169,40.5700389
56.0111198,40.5608881
56.0101827,40.5674132
56.0090751,40.5706551
56.0086179,40.5710325
56.0064899,40.5690395
56.0795595,40.1956488
56.0247214,39.9919551
56.0818901,40.1897813
56.3316004,40.1175734
56.1505977,40.4377372
56.1495257,40.4377426
56.368871,40.4628811
56.337207,40.4735883
56.3047251,40.4703739
56.2296194,40.4454825
56.4359533,40.4412642
56.4558537,40.4578477
56.4211426,40.4710839
56.4215977,40.477066
56.4569024,40.4588065
56.4042341,40.4447508
56.436535,40.4410191
56.4038417,40.4453656
56.4254878,40.4335218
55.9181358,39.1785533
55.9546444,39.5955664
55.9585064,39.6603968
55.935248,39.4309777
55.9452558,39.5120072
55.9545308,39.5945276
55.9130416,39.1439336
55.9205432,39.2116457
55.9206238,39.2127424
55.9633741,39.7420761
55.9706941,39.7954916
55.9152824,39.158079
55.9238325,39.2540172
55.929738,39.348074
55.9272141,39.356303
55.9305187,39.3558817
55.9309923,39.3567508
56.2920166,39.333122
56.3144361,39.3819274
56.3138113,39.3901683
56.3153002,39.3455382
56.3100672,39.379044
56.4845598,39.6608205
56.4911124,39.6880452
56.1543382,38.8569702
56.1578559,38.8534928
56.3896916,38.7853085
56.112127,38.6160536
56.4039544,38.7147944
56.403734,38.7142598
56.402763,38.7142709
56.3973596,38.7141703
56.4602276,38.3485531
56.466371,38.3790839
56.4664104,38.3650015
56.4684306,38.3676675
56.3997737,38.7328407
56.397972,38.7347808
56.3981759,38.7340591
56.397926,38.7339966
48.6683717,43.5742001
48.6758825,43.8788358
48.6743446,43.8694853
48.6674018,43.5764684
48.7120761,43.4854555
48.6886648,43.7703483
48.6906621,43.7750406
48.674018,43.8801556
48.6740966,43.8713816
48.675835,43.8719055
48.6698742,43.5721944
49.4580529,43.8267951
49.4589364,43.8244573
49.4587731,43.8248742
49.4419051,43.8715258
49.6507065,43.6111305
49.6492505,43.6141489
49.6476615,43.6125407
49.7667694,43.8313634
49.767275,43.5501928
49.6474391,43.6116824
49.6467952,43.6118671
49.714821,43.660251
49.7688963,43.7998411
49.768795,43.7981038
49.7672455,43.815012
49.6616454,43.6064603
49.7470143,43.5517845
50.3263862,44.1266059
50.9838039,44.7538031
49.8539913,44.5599186
49.8283717,44.5650696
49.3271768,44.0176896
49.3227694,44.0266964
49.1661201,44.0957448
49.1054954,44.1055044
49.1975214,44.0849237
49.2025422,44.0838079
49.1883493,44.0887984
49.1973984,44.085132
48.7177496,44.4815864
48.7210647,44.4740244
48.7217042,44.5034206
48.7224306,44.534753
48.724347,44.5362996
48.7241243,44.4677877
48.7248945,44.5416208
48.7147146,44.4947225
48.7375082,44.4929419
48.7353468,44.5435686
48.734475,44.529316
48.7336451,44.4504078
48.7419454,44.4901256
48.728794,44.4591834
48.7285676,44.5213639
48.7284644,44.5209886
48.7321404,44.4538117
48.7330173,44.4514668
48.7320599,44.5266315
48.73215,44.45302
48.7314439,44.452992
48.7300972,44.4563042
48.7305061,44.451493
48.756684,44.5541498
48.7555166,44.4734518
48.7551968,44.4806799
48.755771,44.4883173
48.7622035,44.4785568
48.747469,44.5261297
48.7450657,44.5243304
48.75257,44.4778015
48.7519838,44.4754517
48.7521854,44.4779125
48.7715738,44.546753
48.7725673,44.4700545
48.768312,44.5645497
48.7685995,44.5042558
48.7700919,44.5451536
48.7680453,44.5042451
48.7676262,44.4780378
48.767091,44.4780883
48.7642987,44.5146095
48.7626274,44.5109406
48.7630685,44.5381107
48.7649421,44.5615575
48.7836029,44.5636475
48.7845978,44.5650631
48.7792272,44.465178
48.7798334,44.464595
48.7766321,44.5195515
48.7763326,44.5201582
48.7784309,44.5768606
48.7756134,44.467601
48.7758735,44.5529088
48.7961075,44.4572369
48.7942001,44.3536548
48.7902547,44.5809204
48.7899,44.57919
48.7870433,44.5908534
48.8006,44.59606
48.8012755,44.4538652
48.8003719,44.5964002
48.7986911,44.4575327
48.7994789,44.4535911
48.7985178,44.4576697
48.8221649,44.5250397
48.8244776,44.6417396
48.80558,44.44888
48.8470333,44.3552438
48.8519137,44.3558839
48.8491442,44.3591552
48.853533,44.3514767
48.8823665,44.6185557
48.8652646,44.3363409
48.7372026,44.5292106
48.9137199,44.2682701
48.7878493,44.5917584
48.8072426,44.5236296
48.9244762,44.6357759
48.9243812,44.6349561
48.9514417,44.6569606
48.888549,44.6187516
48.9035476,44.2822049
48.8636964,44.3387009
48.8433013,44.3814757
48.7537039,44.482835
48.7381207,44.5290015
48.7643988,44.5171213
48.8613737,44.342316
48.947453,44.2270529
48.7761503,44.5199519
48.7244858,44.5269128
48.7248048,44.5267865
49.0930707,44.107704
48.7649286,44.4126498
48.7534692,44.4821023
48.7381665,44.5293146
48.9639999,44.2124028
48.9624922,44.2126663
48.7477811,44.525171
48.744971,44.525381
48.8994473,44.2876885
48.7549631,44.4867932
48.961682,44.215362
48.9558416,44.2193021
48.9609071,44.2167932
48.7534552,44.4827602
48.7459495,44.5155202
48.7622748,44.5337559
48.8045756,44.6061036
48.7214453,44.5417601
48.7554133,44.4734077
48.7591556,44.4446039
48.718518,44.4794512
48.7566633,44.4925575
49.1035548,44.1012945
48.8203059,44.5259167
48.7639259,44.5163898
48.7841915,44.4621739
49.1027732,44.1046903
49.100588,44.1063596
48.7634168,44.5179573
49.057704,44.1250888
49.041249,44.1405233
48.8329135,44.2886688
48.8342597,44.2826253
48.8752636,44.3064102
48.8219629,44.5257429
48.8212608,44.5256267
48.8369357,44.5415274
48.9702065,44.2058394
48.9576549,44.2180585
48.8339456,44.2840146
48.7447994,44.5246683
48.4558727,44.6547377
48.463018,44.6443553
48.4675905,44.637712
48.4974667,44.5938495
48.5037186,44.5488009
48.5136638,44.5449365
48.5151718,44.5101932
48.5154077,44.5093012
48.5554549,44.4440905
48.5540714,44.4455331
48.5684266,44.4317463
48.5697793,44.4306243
48.57036,44.43302
48.5705545,44.4328787
48.5760313,44.4371304
48.5843407,44.4303722
48.6025329,44.4275634
48.6289799,44.4276003
48.6193136,44.428945
48.6463988,44.4337753
48.6754839,44.4438936
48.686185,44.3093544
48.6937562,44.3669814
48.6883297,44.456069
48.70437,44.51237
48.70456,44.43802
48.7038009,44.4814633
48.702799,44.4552644
48.7061306,44.5084552
48.7059494,44.4849478
48.7067796,44.4413463
48.70999,44.5045
48.7090195,44.5205986
48.6962727,44.4689808
48.6992211,44.4738256
48.70196,44.46113
48.7005226,44.5057214
48.7178952,44.5303865
48.7172011,44.5297509
48.7193508,44.5064603
48.721199,44.5034734
48.7117711,44.5016625
48.7138331,44.4977281
48.7156986,44.469288
48.7159441,44.4688034
48.7166177,44.5292013
48.6792341,44.0574041
48.7168853,44.562672
48.7146309,44.5845016
48.7174221,44.5628487
48.7144387,44.5844612
48.7045702,44.6062382
48.6086944,44.4280623
48.7130351,44.6027795
48.60958,44.4224372
48.4295894,44.5790183
48.5102474,44.5588221
48.4365244,44.5763919
48.5150945,44.5097028
48.5150328,44.5097415
48.6209281,44.4245436
48.7063716,44.6036626
48.716726,44.5371924
48.6820972,44.2801543
48.6450973,44.4391541
48.6992003,44.3831653
48.6855827,44.2924841
48.6736153,44.4607857
48.7104704,44.4648164
48.6753454,44.4617152
48.6752974,44.4620887
48.6575484,44.4141559
48.7163153,44.5102114
48.6823456,44.280115
48.6758828,44.2402482
48.6934174,44.3672041
48.7026804,44.5212557
48.7025688,44.5210803
48.6443198,44.4322113
48.6465434,44.4338321
48.6761058,44.4629661
48.7137241,44.6054102
48.7086429,44.5291207
48.7084322,44.5288624
48.6885913,44.4559711
48.7029277,44.521493
48.7027493,44.5210378
48.645325,44.4392347
48.6343796,44.4293728
48.699162,44.3866711
48.4074437,44.460297
48.7020431,44.3973827
48.6330177,44.4363829
48.6184607,44.4341948
48.6739502,44.2354787
48.675419,44.2354649
47.862037,44.3640786
50.9801842,44.78073
50.6875034,44.7431063
50.6883825,44.7436151
50.7218461,44.7364108
50.0693019,45.34942
50.0568741,45.2292028
50.3132851,44.8126232
50.0692842,45.3497926
49.5996517,45.0592689
48.7831481,44.7535765
48.7792381,44.8120226
48.7804803,44.7548812
48.7923418,44.7788635
48.7917432,44.781641
48.7887788,44.7627226
48.7878564,44.7508251
48.7867805,44.7518266
48.7982376,44.7456869
48.8171817,44.7237386
48.8087968,44.7329585
48.7864472,44.7525646
49.0600217,44.8222588
48.7824365,44.7534999
48.7917956,44.7806532
48.7847258,44.7523555
48.7413488,44.8270109
48.742534,44.8169343
48.7441106,44.8138867
48.7397541,44.8222328
48.7428765,44.817673
48.7356622,44.831558
48.8163956,44.7248299
48.8178312,44.7220153
48.81876,44.7177291
48.8168261,44.7246249
48.8165713,44.7245462
48.7176165,44.8648455
48.7076682,44.854101
48.713237,44.767045
48.71596,44.771214
48.7154686,44.7717869
48.7007543,44.7252077
50.5103718,45.9407056
50.0780595,45.4012078
50.0921665,45.4162614
50.0967199,45.4217924
50.1001431,45.4270394
50.091433,45.4164144
50.0987234,45.4006415
50.0948944,45.4200172
50.0924363,45.3726768
50.0736948,45.3844808
50.1066816,45.4120302
50.1072078,45.4125993
50.0737049,45.3848867
50.0923751,45.3723556
50.025219,45.4670376
50.074179,45.3967799
50.0743093,45.3966349
50.108712,45.4283225
50.5007047,46.4987145
49.0063553,46.5172637
50.0366089,46.8604807
49.431324,46.7625806
48.6355173,42.8683252
48.6296446,42.8492997
48.614077,42.8391474
48.6075531,42.7960916
48.6069798,42.7952645
49.8853363,42.6713973
49.8209294,43.1054565
49.8857491,42.6666101
50.0356277,43.1846028
50.3424313,42.8465949
50.0328294,43.1857434
50.035113,43.1841617
50.0403294,43.1805775
50.3430579,42.8470075
49.9913002,43.2534279
49.9919614,43.2538999
50.1763246,43.0302852
50.1751152,43.0320981
50.0359015,43.1856619
50.0676879,43.160496
50.5090776,42.6468735
50.5060055,42.6503649
50.5049022,42.6468048
50.5678788,42.7518656
50.5040118,42.647078
50.5063321,42.6519434
50.4721576,43.2171582
50.6305884,42.8311547
51.0842658,42.6598366
48.4109727,42.2735925
50.2948877,42.1867789
50.2663053,42.2167551
50.3147427,42.220959
50.7301015,41.7631157
50.7759682,41.9892348
50.7974661,42.005311
50.8150936,42.0206188
50.8151666,42.0000368
50.792196,41.9932268
50.9483956,42.3300707
50.9508971,42.3252183
50.9454838,42.3250202
50.9465249,42.326861
50.9488414,42.3308436
50.9877423,42.2904277
50.9877566,42.2902236
59.2117496,37.9360832
59.2088785,37.9356287
59.1555873,37.8443642
59.128171,37.9430547
59.135362,37.8727337
59.1324035,37.909336
59.1309999,37.9807574
59.1191143,37.9032407
59.1293374,37.9604011
59.1342865,37.9782766
59.2105234,37.9264107
59.2135046,37.9426758
59.0949273,37.9138149
59.126112,37.9590791
59.1234702,37.9798728
59.1465684,37.9275309
59.1311138,37.9795307
59.1264383,37.9421507
59.1249647,37.8692661
59.1322403,37.9090332
59.147363,37.9288736
59.1218165,37.9036727
59.0936212,37.9141077
59.1253197,37.8824478
59.1249009,37.8844061
59.1292682,37.9334128
59.1466008,37.9294331
59.1276766,37.9596057
59.1460608,37.9655808
59.1162731,37.9027009
59.1227269,37.9049854
59.1178729,37.902741
59.1171821,37.9017142
59.1280641,37.8797188
59.1352334,37.8970685
59.132329,37.9099496
59.1301423,37.9080017
59.1327521,37.9094823
59.2122689,37.938818
59.1282765,37.9418426
59.1480554,37.9295274
59.1458931,37.9661782
59.1354172,37.8976642
59.1575998,37.9057989
59.1286684,37.9420947
59.1278679,37.9427399
59.1272511,37.9428867
59.1273109,37.9425146
59.1362344,37.9779384
59.1227673,37.9799821
59.1322128,37.9092407
59.1935837,37.6814555
59.2378595,37.9664185
59.2612417,37.9794758
59.1053437,37.9052388
59.0658093,37.9179565
59.0668906,37.9171903
59.1610207,37.8009972
59.1650856,37.4560231
59.066516,37.9192982
59.0716852,37.9357287
59.0705928,37.9363874
59.0876137,37.9608232
59.0881392,37.9611231
59.0883429,37.9583861
59.0872724,37.9644745
59.0660444,37.9186169
59.1575949,37.9059334
59.1671861,37.9368705
59.1518637,37.9308248
59.1315856,37.9141305
59.0862952,37.9603644
59.0709972,37.9392337
59.070379,37.9360939
59.4127751,37.8955345
59.4134252,37.8948907
60.0324485,37.8142362
60.0296545,37.7869985
60.3202337,37.9299664
60.3388788,37.9117701
60.3205003,37.9295727
60.4769911,38.637388
60.0579967,38.0648951
60.0992439,38.558605
59.873594,38.3380215
60.0208022,38.0034296
59.9204185,38.6126475
60.0205916,38.0043778
59.963067,38.587635
59.9627927,38.588196
59.8737454,38.3382406
59.8736854,38.3377277
59.7923343,38.3251336
59.8832849,38.7596397
59.8835814,38.7602835
59.2779736,38.0029588
59.2793914,37.9964097
59.2876458,38.0255876
59.1196983,38.0085446
59.0125859,38.364021
59.1302268,37.9988853
59.1301977,37.9981998
59.2114698,38.5239832
59.2117922,38.5495379
59.211811,38.5442709
59.2098299,38.5043576
59.7610558,39.056066
59.7539096,39.0730936
59.5872441,39.3915924
59.5573439,39.4331341
59.1669251,39.445269
59.1389966,39.2952284
59.1790245,39.5371832
59.1828732,39.5600802
59.1694776,39.4663758
59.1620005,39.4253258
59.1413733,39.3118026
59.1431958,39.326156
59.1648043,39.4354267
60.4645961,40.176279
59.9509584,40.1978926
59.9526177,40.1550972
59.2997587,39.941904
59.4595548,40.1231575
59.2826513,39.7021735
59.2785268,39.711014
59.2698956,39.9026403
59.4409545,40.2320732
59.2970779,39.9377986
59.2818881,39.912072
59.4065533,40.1738591
59.2881731,39.8566584
59.2475042,39.7750168
59.2236468,39.8764651
59.2174812,39.8829173
58.8790746,40.1936274
59.2121987,39.852202
59.2209534,39.8706047
59.2179328,39.8836092
59.2129047,39.7574515
59.1878667,39.8522136
59.2014052,39.8282758
59.2084974,39.8807535
59.2030799,39.8689405
59.2033061,39.8692027
59.222588,39.8915496
59.1991317,39.8639602
59.2133352,39.7677153
59.2510725,39.7796391
59.2134896,39.8119223
58.8794768,40.2532133
59.1865038,39.8545959
58.8792916,40.2560541
59.2133608,39.7682077
59.2229679,39.890162
59.2224002,39.8916695
59.222717,39.8913243
59.2479255,39.7749828
58.8856863,40.1911716
58.8815312,40.1919826
59.2019793,39.8675147
59.1935783,39.8586517
59.1769156,39.8931476
59.218773,39.8850848
59.2011322,39.8285228
59.2007276,39.8202756
59.2152422,39.8121461
58.8821526,40.2535465
59.1896101,39.8558637
59.198839,39.9114414
59.20915,39.6892691
59.2137535,39.7811401
59.2087682,39.6895373
59.1916929,39.8575967
59.21933,39.8856471
59.0198801,40.1163809
59.2268522,39.8620998
59.2349545,39.8621786
59.2072465,39.7627143
59.1765156,39.8921435
59.1763311,39.893224
59.1274148,39.9626892
59.2004332,39.8200493
59.2092306,39.7647082
59.199126,39.9107512
59.198757,39.9110063
59.1989375,39.9104544
59.0289058,40.1120124
59.021543,40.1155678
59.2567392,39.7561339
59.2638052,39.7413039
59.2640864,39.7417856
59.2170042,39.7725677
59.2142338,39.7698492
59.1889832,39.9015356
59.1948115,39.8779882
59.1912393,39.89306
59.190885,39.8933622
59.1995624,39.8640704
59.1960185,39.8608094
59.1954219,39.8603921
58.7929027,40.2673027
58.7418025,40.28861
58.7418089,40.2880459
59.6598189,40.5756341
59.8930621,40.9590875
58.8078141,41.0741159
60.7395004,42.0485169
60.7526963,42.0496941
59.9634836,42.7418576
59.974019,42.7585896
59.9754225,42.7750761
59.9753364,42.7747689
59.9854896,42.6918137
60.5038191,43.5640409
59.7551609,43.1333167
59.7550877,43.1343876
60.412163,44.2447668
60.6690883,46.1917251
60.7739201,46.3035452
60.7721517,46.294016
60.7719565,46.2879026
60.7927458,46.3143362
60.772396,46.294659
60.44604,46.3034503
60.1117033,46.447156
59.9673445,45.7184005
59.9632494,45.7474665
59.9673245,45.7185279
59.563894,45.5325934
59.5655697,45.5344511
59.5090219,45.4939739
58.8422358,36.4259778
58.828656,36.4281709
58.9552312,36.5128199
58.9547036,36.5132481
58.9548438,36.5131343
61.0063362,36.4495903
61.2503855,36.6239588
61.1166306,36.5393207
61.1162859,36.5390367
61.3786738,36.6054898
59.415096,35.9363927
59.9059451,35.9998808
59.1109155,35.2259161
59.09827,35.2591385
59.0979029,35.2603092
49.7001608,39.8595668
49.8931686,39.6381817
49.6113654,39.715202
49.7567359,39.8512843
49.7540948,39.8677089
50.1932068,39.5882977
50.2135274,39.5115776
50.1986677,39.5413824
50.1587899,39.6592435
50.1586152,39.6612428
50.1619542,39.6555675
50.2022981,39.5572127
50.205904,39.5103004
50.2064694,39.5101737
50.2067381,39.5102643
50.2010243,39.5554799
50.2008826,39.5558792
50.2013914,39.5558364
50.1875087,39.5865829
50.1872403,39.586947
50.1997201,39.5387267
50.1621942,39.6549751
50.2062968,39.5112354
50.1876248,39.5866884
50.3959649,39.6601789
50.4516716,40.1398214
50.4495812,40.1832756
50.4506875,40.1396138
50.4475095,39.5913673
50.4402243,39.3994712
50.5414038,40.0784307
50.7628886,40.0275251
50.4554492,40.1678901
50.5415794,40.0791009
50.7497552,40.0356286
50.4540875,40.1720211
50.4484205,40.1675209
50.4487783,40.1670905
50.454645,40.1672495
50.4690951,40.1394183
51.0984478,40.0301637
51.0545538,39.8358187
50.9859537,39.5668461
51.0581208,39.7242386
50.9850562,39.5680078
51.0063856,39.5517639
51.0067643,39.5516991
51.1132468,39.7404263
50.9844554,39.5691985
51.0750855,39.8244308
51.0766768,39.8223817
51.084139,39.9793494
50.9841596,39.5668214
50.9841546,39.5682842
51.0074115,39.5509466
51.2045057,39.6912634
51.0927105,39.7923362
51.0464929,39.8436099
51.0831488,39.9315962
51.0066684,39.5511853
51.0848848,40.010784
51.0851832,40.0113649
51.0993306,40.024527
51.0994465,40.0251365
51.0995905,40.0245087
51.0850564,40.0109199
51.2190253,39.6779171
51.1063794,39.7444387
51.1040353,39.743285
51.1112784,40.0003755
51.1111105,40.0004011
50.9749068,39.5135273
50.9750146,39.5134715
50.9762853,39.5128135
51.2092634,39.6872289
51.0990899,39.7588391
51.4947076,39.5470902
51.3907256,39.5670239
51.4952141,39.5486521
51.6443822,40.1174919
51.4016764,39.5640953
51.4967503,39.5506013
51.3944737,39.5726248
51.2615247,39.6454381
51.4500251,39.5588827
51.3903865,39.5726233
51.4229383,39.563783
51.2651857,39.6441092
51.6446294,40.1175867
51.4688147,39.5542266
51.514467,39.5302417
51.6445622,40.1178655
51.6892146,39.5041159
51.7647315,40.1315854
51.7632515,40.1266337
51.7642956,40.1283387
51.7647424,40.1262055
51.8552245,39.666362
51.6943114,39.5031665
51.8299256,40.8052268
51.8380858,40.8017395
51.101335,40.7283555
50.8251542,40.5831956
50.8372146,40.5872006
51.1012658,40.7302544
50.82827,40.5882851
50.8846054,40.8886376
51.1017226,40.7301932
50.8438696,40.5827628
50.409489,40.4764261
49.9300772,40.5178305
49.964174,40.604732
50.1701477,40.4082294
49.959315,40.5009818
50.1813392,40.4211719
50.0559905,40.4608636
50.1944832,40.3728288
50.1920598,40.3728783
50.1922613,40.3733489
49.9302716,40.517496
50.1928069,40.3731383
49.9627458,40.5986039
49.6065214,40.5503147
49.9143641,40.5137044
49.9137757,40.5133714
49.9126713,40.520716
49.9175505,40.5294684
49.917806,40.5295736
49.9332746,40.5552104
49.9140941,40.512756
49.9139117,40.5129995
49.9627274,40.6026757
49.9209571,40.5198242
49.9498787,40.5407228
49.8899112,40.2434331
49.643934,40.5448817
51.6780273,41.6005694
51.4565854,41.066274
51.4562413,41.0665099
51.1702607,41.2299353
51.0903159,41.4953278
51.1508994,41.4928283
51.1496215,41.4706689
51.1257666,41.5810972
50.8974692,41.211825
51.0151873,41.2517041
50.4266971,41.0202231
50.642552,40.9480547
50.4264233,41.0199534
50.4266664,41.021016
50.4267834,41.0203259
50.4141487,41.0304341
50.4141497,41.0299634
50.4146773,41.0300284
50.4231547,40.9681021
50.3887235,41.0116389
50.6431026,40.948443
50.6427843,40.9481843
51.6675608,41.6451912
51.4062694,42.0035893
51.4017962,42.0071209
51.4595697,41.9759786
51.4374346,41.9120019
51.4021444,42.0077515
51.233552,42.0993879
51.236812,42.0964514
51.2347049,42.1057606
51.4012967,42.0069469
51.4056523,42.0042711
51.4590226,41.9755328
51.4593099,41.9759578
51.4015214,42.0085937
51.446485,41.9417182
51.4467063,41.9416789
51.2348015,42.09057
51.4025121,42.0068766
51.1260335,41.5821707
51.0869093,41.5909324
51.1253011,41.5822028
51.0863613,41.5902816
51.4167739,42.7744297
49.7943383,39.2445843
50.2817364,39.3172239
50.2813466,39.3167779
50.2816056,39.3167653
50.4096765,39.4002791
50.7168038,39.4205458
50.4100011,39.3995968
50.4103488,39.3995398
50.7147927,39.4090036
50.7137261,39.4244643
50.7139753,39.4083454
50.7187102,39.416168
50.9023908,39.067255
51.0491045,38.9839012
51.150818,39.4280037
50.987246,39.5028248
50.9888083,39.4896372
50.9913988,39.5030586
50.992607,39.4774341
50.8649546,39.078874
51.0063547,39.4788149
51.143685,39.4077841
50.9763501,39.5080415
51.1595459,39.4321964
51.0720923,38.7439428
50.9869506,39.474218
50.9004576,39.0675997
51.6147007,39.3763236
51.6683235,39.1921012
51.6635022,39.2017231
51.664357,39.2044794
51.6558592,39.187533
51.6605249,39.2014508
51.6641692,39.252307
51.6363461,39.2112898
51.6361204,39.211712
51.6354237,39.172427
51.652705,39.1910237
51.6783984,39.2954977
51.6781936,39.2954679
51.6342574,39.2369322
51.6361814,39.2467541
51.6825296,39.215604
51.6306491,39.2311846
51.6391051,39.2100713
51.6615572,39.2001697
51.6791,39.1747799
51.6611981,39.2776176
51.6558736,39.1872256
51.6853325,39.2630352
51.6876059,39.1652919
51.6507828,39.163454
51.6572649,39.1856601
51.6477919,39.3066111
51.6790118,39.2115654
51.6778626,39.3020131
51.6784236,39.3012449
51.6128086,39.3836722
51.6683546,39.1918477
51.6598654,39.1966385
51.6837353,39.1190605
51.6222044,39.2605748
51.6234129,39.2610121
51.6223793,39.259559
51.5500353,39.2819181
51.65909,38.8904646
51.6649056,39.2488501
51.6332597,39.2323159
51.6396464,39.1617119
51.3377134,39.0241498
51.6548928,39.1028691
51.6451742,39.1350802
51.6754313,39.1157533
51.6453754,39.1390627
51.6755107,39.1153734
51.6524764,39.0449834
51.6514698,39.0638102
51.339523,39.0257493
51.6133753,39.3827418
51.6599252,39.1965458
51.6008337,39.4274747
51.6369541,39.2461056
51.6648254,39.2488056
51.6226168,39.2605398
51.6640808,39.2522974
51.6753436,39.2568132
51.6576336,39.1852782
51.6005359,39.2430089
51.672357,39.15452
51.678923,39.2115319
51.3313096,39.2529894
51.6642879,39.203713
51.6616783,39.2000023
51.6332252,39.2324942
51.6611288,39.2775459
51.6091675,39.397131
51.5318966,38.9694635
51.3415976,39.0238954
51.6774773,39.172352
51.6555508,39.1377774
51.6611919,39.1530461
51.6803849,39.1780947
51.6340496,39.3350867
51.6377172,39.166767
51.6520272,39.1915195
51.681772,39.1844026
51.6876118,39.1654095
51.6804556,39.178061
51.6353845,38.9398707
51.6807977,39.1663424
51.6712458,39.1588482
51.6145323,39.3755227
51.6650711,39.1897179
51.6829758,39.1214361
51.6576448,39.1854895
51.6723992,39.2527009
51.6669777,39.2212022
51.663211,39.1881359
51.3150073,39.2181453
51.6704711,39.1616396
51.6586353,39.2828335
51.5889937,39.4583199
51.5863062,39.4609356
51.6502023,39.3009929
51.6679901,39.1924946
51.6645191,39.269562
51.6644599,39.269569
51.6502943,39.3005169
51.6261908,39.3511072
51.6358983,39.2081657
51.6508804,39.0637445
51.6351818,39.2075278
51.6254116,39.3527285
51.6463204,39.2976648
51.6462129,39.2975976
51.6652689,39.2465214
51.6558408,39.1389901
51.6686025,39.2222238
51.6359468,38.9339823
51.6449648,39.314027
51.6433375,39.1535474
51.6530714,39.1717495
51.6341478,39.2369925
51.6344114,39.1760085
51.5993079,39.2496776
51.6678567,39.2203539
51.6365833,38.9280398
51.6565924,39.3029599
51.6495672,39.3005258
51.6803306,39.12905
51.6133718,39.3835417
51.643514,39.1531666
51.5992449,39.2494924
51.6456049,39.3108922
51.6735457,39.2108536
51.6526346,39.0431755
51.6002137,39.2442951
51.6345005,39.3337798
51.6401978,39.0112275
51.6614403,39.1999104
51.6779549,39.3004103
51.6740392,39.1668631
51.8339126,39.2137751
51.9279992,39.2208973
51.8008649,39.2080603
51.7087694,39.2766589
51.7266259,39.179095
51.6938899,39.2324131
51.694494,39.2292011
51.6923238,39.2054975
51.843909,39.2142224
51.6835906,39.2157628
51.7152311,39.1804411
51.713277,39.1806466
51.7028298,39.1820217
51.6952756,39.1828008
51.6867,39.2641082
51.6943997,39.1644495
51.7259813,39.0352564
51.7262073,39.0355564
51.6965588,39.3932979
51.6862725,39.2635161
52.0880144,39.1790621
51.7218812,39.1791379
51.7214281,39.1791916
51.8910933,39.2177808
51.886937,39.2174511
51.7125021,39.1744177
51.7061495,39.1628782
51.7055237,39.1475872
51.7114992,39.1530224
51.712118,39.1611535
51.7128586,39.1741955
51.7134379,39.1921587
51.7125411,39.1950513
51.7025131,39.1383935
51.7010228,39.1497164
51.7013693,39.1425132
51.7018656,39.1636316
51.7144078,39.1426874
51.7015378,39.156354
51.7020752,39.1683346
51.7082947,39.1807513
51.7131442,39.185428
51.7034564,39.2754382
51.6904816,39.4983414
51.8913609,39.2168167
51.7064765,39.1956404
51.6932784,39.377982
51.6883291,39.4944091
51.6916806,39.4985
51.7428506,39.1829881
51.6920576,39.2088202
51.7259132,39.035559
51.7259544,39.0350781
51.7995268,39.2024238
51.7025554,39.1820661
51.7018477,39.1632453
51.6850307,39.1154326
52.0720804,39.1823378
51.6911321,39.2326178
51.706491,39.1438075
51.7120743,39.1631379
51.7101882,39.1952185
51.7126565,39.1414144
51.7143177,39.1429236
51.7025712,39.1384389
51.8372086,39.2179749
51.8324203,39.2131623
51.7019735,39.1646539
51.745855,39.3059634
51.7057918,39.1552819
51.9892216,39.2172619
51.709437,39.1387916
51.9289647,39.2206261
51.7000105,39.2736712
51.7415441,39.3076526
51.7094768,39.1386713
51.7128878,39.1410285
51.7033656,39.1354948
51.6944091,39.2304385
51.7416162,39.3026266
51.6922417,39.2085019
51.7030851,39.2757444
51.7124337,39.1441157
51.7093464,39.1390998
51.7268548,39.165644
51.7214209,39.1523882
51.7018481,39.1410257
51.7417248,39.3038155
51.7419201,39.3090579
51.7010305,39.146103
51.9374133,39.2206683
51.9422966,39.2213875
51.9089989,39.335953
51.7030087,39.2757647
51.7593658,39.1886021
51.6859961,39.121747
51.7490649,39.185073
51.6926726,39.1270952
51.7132874,39.1886068
51.7054898,39.2279693
51.6957177,39.0882079
51.7155133,39.2061979
51.7056783,39.2277659
51.7147975,39.2099227
51.701399,39.1635748
51.7061635,39.1631367
51.701929,39.1636244
51.7025445,39.1635537
51.7119528,39.1610535
51.7038716,39.1631247
51.7137534,39.1618401
51.6197948,38.6298483
51.6187025,38.6293396
51.5646426,38.7719741
51.5385554,38.3671427
51.5659113,38.364872
51.6856641,38.3229607
51.5629868,38.3651406
51.5651113,38.7718322
51.5653175,38.7721075
51.5647635,38.3633057
48.2162796,132.4127312
48.800233,132.8938077
48.788546,132.9292653
48.7847006,132.9507226
48.7970057,132.9239113
48.8014671,132.8864325
48.784465,132.9391538
48.7863724,132.9142377
48.7993572,132.9048213
48.7932486,132.9206434
48.7927208,132.9197575
48.7933411,132.9203627
48.7993173,132.9047814
48.8012938,132.8865217
48.8011165,132.8863996
48.786479,132.9336419
48.7802933,132.9545553
48.7869136,132.9458961
48.7984909,132.9206901
48.7858186,132.9139841
48.7868476,132.9454791
48.7853461,132.9134601
48.8001476,132.8938565
48.7944421,132.9175193
48.7834514,132.9364122
48.7879236,132.9306584
48.7784818,132.9420918
48.7672252,132.9014173
48.7712949,132.9044051
48.7666463,132.9026493
48.5638866,133.063444
47.9593264,132.6141721
48.532892,134.9779259
48.5172758,134.9107963
48.5179034,134.9112126
48.8838279,130.6549482
48.9732224,130.9279559
51.6274328,112.945041
51.3837741,112.4681211
51.3537085,112.3978826
51.3834404,112.4674447
52.3605165,113.2689501
52.0134553,113.5529687
52.0249466,113.5361987
52.0825692,113.4817113
52.083398,113.4808578
52.1110913,113.3770689
52.0157726,113.5533548
52.1432382,113.4532997
52.0993036,113.442189
52.0981855,113.4434567
52.0977969,113.4431184
52.0765634,113.4810587
52.0829823,113.4803203
52.1437259,113.4511468
52.0488404,113.5034347
52.0381861,113.503757
52.037238,113.4912154
52.035726,113.4896194
52.0412725,113.4643058
52.040155,113.4651658
52.0309032,113.4472775
52.0312006,113.4854825
52.0357612,113.4903892
52.0370953,113.5026228
52.0209967,113.4953665
52.0294527,113.4860201
52.0434616,113.4727463
52.042247,113.4916553
52.0424783,113.4920679
52.0426231,113.4910788
52.0976577,113.444015
52.0358737,113.509639
52.038097,113.5036604
52.034991,113.5115836
52.0292529,113.5259909
52.0428409,113.4898257
52.0595712,113.3986391
52.0249206,113.4740715
52.0161756,113.4883151
52.0379582,113.5412478
52.0276672,113.5308933
52.0286211,113.5242159
52.0015717,113.3249774
52.0174915,113.3049785
52.0413561,113.4954383
52.0473828,113.234334
52.0249111,113.5359627
52.0835601,113.479785
52.0613477,113.495379
52.1443106,113.4523364
52.0208754,113.4952163
52.0432808,113.4715587
52.1323068,113.4906824
52.1433756,113.4523069
52.0367221,113.5414217
52.0599197,113.4950261
52.0779585,113.4811404
52.1322408,113.4891805
52.1433935,113.4501684
52.0881264,113.4820564
52.007832,113.3013312
52.1325135,113.4890493
52.0180053,113.3085506
52.082593,113.4821204
52.1431252,113.4510596
52.0794032,113.3188384
52.1324304,113.4893935
51.974064,113.1477194
52.1436205,113.4505955
52.0084867,113.3010889
51.5582121,113.0374462
51.978423,113.6164926
51.979829,113.6192768
51.9763605,113.6144798
52.0310537,113.6642789
51.6643474,113.9845416
51.5891512,113.9507169
51.6396854,114.0404226
51.7189399,113.9964503
51.6410078,114.0427436
51.6392901,114.0416577
51.718561,113.9979695
51.6396894,114.0428016
51.7187742,113.9971084
51.5991379,113.9552628
51.589592,113.9493251
51.1019854,114.5197141
51.1011777,114.517507
51.2613358,114.8917325
51.2606769,114.8911989
51.1027733,114.5429076
52.3642281,115.5687825
51.7647646,115.6763339
51.9838555,115.8205422
52.210097,116.3811621
51.8705803,115.9862889
51.8567131,116.049461
51.8739373,115.9920606
50.8993464,116.3863833
50.526652,116.3812653
50.570893,116.3539802
50.5679068,116.3580015
51.9871171,116.5137025
51.6806523,116.8296191
51.6823341,116.8626487
50.4039054,116.5179331
52.2260217,117.6807616
52.2675175,117.571097
51.6605592,117.550584
50.7999035,117.1873158
49.6640586,117.3220281
49.656363,117.3727222
49.632741,117.3724955
49.6380501,117.3741631
49.6638989,117.3211949
49.7300351,117.2724261
56.9041193,118.2524274
51.3868418,118.1797681
50.924435,117.9176394
50.0888369,118.0581863
50.092786,118.0321309
50.0911086,118.0461433
50.0976978,117.9781511
50.0977295,117.977774
50.9449769,118.9462148
53.6810121,119.7077302
53.4908538,119.5210826
53.4900728,119.5207026
51.2835523,109.5629021
51.2007843,108.8660863
51.2047282,108.8581775
51.2769068,108.8450623
56.5858804,41.9976964
56.8103323,41.8909042
57.1314867,41.8014842
56.8024557,41.8521747
56.8033053,41.8599151
56.8202444,41.8254047
56.8099491,41.891073
57.2115315,41.8656396
57.2466516,41.8961289
57.2470566,41.8959504
57.0880058,41.7243686
57.2474101,41.8966361
57.2379604,41.8836013
57.4396038,42.1336276
57.4967233,42.1321864
57.47193,42.0691023
57.4715119,42.0675012
57.5097484,42.0847787
57.474728,41.9727018
57.4715211,42.069933
57.4720133,42.067171
57.5099994,42.085243
56.9532602,43.0191094
56.8391512,42.5948039
56.6198555,41.4217781
56.5980373,41.0252599
56.9643475,40.9737472
57.0292241,40.9674745
56.861016,41.4546336
56.8603398,41.4532468
56.929456,41.0838132
56.8609949,41.453655
56.8610046,41.4517837
56.9814511,40.9794444
56.9986951,40.9734253
56.841128,41.3504292
57.0102282,40.9883449
57.0145857,40.9781671
56.9716863,40.9736301
56.8344715,41.3745908
56.9803527,40.9537681
56.993765,40.9750158
56.8697615,41.2754424
57.0164659,41.0026436
56.8544084,41.3846735
56.9975488,40.9675735
56.9993002,40.9735363
56.8565644,41.3917139
56.8287835,41.3885411
56.8697682,41.2741068
56.8710076,41.2726422
56.8207158,41.419468
56.8170238,41.3499769
56.8366936,41.3524382
56.9927053,40.9862656
56.9873746,40.985749
57.02811,40.9800353
56.9813998,40.998008
56.9963081,40.9695262
56.9648716,41.0025622
56.9647184,41.0022052
56.9280302,41.0879413
56.9328242,41.0937947
56.9287236,41.0892995
56.9726516,41.0768023
56.9479391,41.0526629
56.9656401,41.0217208
56.9644132,40.9775872
57.0225989,40.9790277
57.0312388,40.9687394
57.0386567,40.9684478
57.0549167,40.9634885
57.0105267,40.9724264
57.0866466,41.7211024
57.0147197,41.0019155
57.0209588,40.9899194
57.022703,40.9803751
57.0147055,40.984922
56.8617239,41.4541112
56.9781016,40.9664706
56.9690323,41.0120016
56.972424,41.0115751
56.9423629,41.0599122
56.9687209,41.0112772
56.9589246,41.0258144
56.9580374,41.0230714
57.0000327,40.9737634
56.8195551,41.3515586
56.9518611,41.0457135
56.9582257,41.0358758
56.9931096,40.9730624
56.9660951,41.0052926
56.9603641,41.0092299
56.979239,40.9668631
57.0210848,40.9681936
56.9957179,40.9788334
56.9603676,41.0091501
56.9723157,41.0763028
56.9657411,40.9521978
56.9710568,41.052424
56.9712028,40.9934937
56.9965154,40.9811924
56.9966143,40.9810068
57.0073998,40.9907145
57.0101904,40.9886067
57.0110493,40.979277
57.0189938,40.9687131
57.0105891,40.9718823
57.0273711,40.9668434
57.0386294,40.9683302
57.0312651,40.9686048
56.9834405,40.980974
56.9647959,40.9737447
56.9929159,40.9674145
56.9979786,40.9669584
56.9828287,40.9680249
56.9934629,41.0182421
56.9647602,40.9729822
56.9643494,40.9775843
56.9660374,41.0053662
56.964433,40.9738681
56.9686578,41.011368
56.9813707,40.9979573
56.9723946,41.0115139
56.9686318,41.0171048
56.9608725,41.0296324
56.9581877,41.0358316
56.9479066,41.0526043
56.9857178,40.9632103
56.9804842,40.9671941
56.9767258,40.9659121
56.9652204,40.9621218
56.9784853,40.9665083
56.9842775,40.9608075
57.0107483,40.9953208
57.0164422,41.0027606
57.0227624,40.9803205
57.02193,40.9873783
57.0200923,40.9925877
57.0165569,41.0026911
57.030626,40.9806981
57.0496484,40.9657152
57.0306021,40.9801915
56.9291165,41.0847636
56.9463477,40.9758861
56.9610105,41.0293334
56.9842225,40.9606167
57.010691,40.9879906
57.0299076,40.9678048
57.0457542,40.9666908
57.0293794,40.9677417
57.0305654,40.9796521
56.9603531,41.028411
56.9610997,41.0292926
56.9614359,41.0285674
56.9754243,41.0478112
56.9755034,41.0476707
57.0529863,40.9644191
57.0528661,40.9642083
56.9709937,41.0522085
56.975458,41.0476573
56.9657917,40.9515416
56.9823974,40.9957972
57.0119268,40.9872744
56.8213009,41.3507177
56.8192492,41.3526186
57.0089406,40.9893295
56.8612882,41.4538588
56.8196246,41.3523104
57.3741602,41.2790791
57.2515058,41.1047198
57.2462777,41.1166607
57.2561645,41.1164678
57.2785565,41.1587941
57.0881371,41.6918538
57.2537068,41.1061259
57.1969978,41.554752
57.3743787,41.2772504
57.0878881,41.7209514
57.454524,41.5089037
57.4395139,41.4792656
56.6572419,40.3811503
56.8053412,40.8872345
56.7800163,40.8398429
56.9984943,40.915447
57.0071015,40.949967
57.0298911,40.3714936
57.021582,40.9066797
56.8033286,40.8863087
56.9883607,40.9075213
56.9893474,40.9072955
56.9885175,40.9059652
57.0410598,40.9058454
56.7799034,40.8405214
56.8011154,40.8838714
56.7797807,40.8391515
56.9666954,40.9314758
56.9670755,40.9323482
56.952089,40.9477331
56.8995205,40.936155
56.8762582,40.9408133
57.0466044,40.9406366
57.0463272,40.9406014
57.0533454,40.9252353
57.0220523,40.9065139
57.0058795,40.8748715
57.0058805,40.875028
56.7944849,40.8709722
57.0065072,40.8456409
57.0062907,40.8453665
57.006396,40.8465838
57.174966,40.5022289
57.1747419,40.5028281
57.1743127,40.5013942
56.9817103,39.739422
51.7214283,103.702697
52.4119747,103.9918184
52.4267224,103.9653328
52.2299794,104.046863
52.2303718,104.0464984
52.3978482,104.0217807
52.2311635,104.0472499
52.4607945,103.8043277
52.4286227,103.9564217
52.4345638,103.9577108
52.1854699,104.0145824
52.4337367,103.9584975
52.1813699,104.0079472
52.412426,104.0487652
52.8191709,103.5500544
52.8089062,103.5624335
52.5354423,103.8655426
52.5255725,103.8589975
52.758002,103.6369818
52.7352921,103.661846
52.7485427,103.665802
52.734759,103.663009
52.7311395,103.6660673
52.728912,103.6689702
52.7284371,103.6602166
52.7580756,103.6490125
52.7578807,103.6367063
52.7454201,103.6539892
52.7548654,103.6410923
52.4740353,103.7815442
52.748681,103.6659175
52.7432045,103.6443241
52.4769681,103.7774758
52.7287776,103.6686276
52.7455145,103.6542256
52.5768448,103.8188077
52.728156,103.6698119
52.7505313,103.6472178
52.754944,103.6412535
52.7556427,103.6399985
52.4721607,103.7855821
52.5412129,103.8909118
52.5379014,103.9120548
52.5358504,103.8673575
52.7312134,103.6662352
52.7480372,103.6507409
52.743659,103.6562095
52.7444692,103.6553721
52.5283767,103.8693982
52.5768926,103.8182646
52.5758224,103.8186739
52.5797531,103.8145509
52.4943207,103.8282503
52.5267084,103.8597327
52.5382302,103.8783284
52.501373,103.839081
52.6716086,103.7366323
52.4967603,103.8319758
52.5088781,103.8473959
52.5380932,103.8770995
52.5313478,103.8826543
52.5908371,103.6934112
52.7338007,103.6631866
52.7354903,103.6617162
52.4844694,103.7645607
52.8081989,103.5581643
52.5177729,103.7589131
52.5911303,103.6942744
52.6201867,103.6649284
52.5012927,103.7510074
52.7289705,103.6684243
52.7238836,103.565227
52.5752554,103.818453
53.3620467,103.8903829
53.377047,103.8916914
53.3630868,103.891026
54.0230776,103.322746
57.1308702,103.9386035
56.5648,104.1284612
52.4745951,104.3650095
52.4585495,104.2468319
52.4656439,104.362428
52.4963261,104.4266935
52.6327905,104.1556516
52.4932779,104.319288
52.4653729,104.3623504
52.4656688,104.3626133
52.4655899,104.3620416
52.2522835,104.1605403
52.2300627,104.3121138
52.2908354,104.252175
52.3271386,104.2661003
52.3604466,104.1275682
52.3623696,104.1187072
52.361243,104.125938
52.2074965,104.099141
52.2080119,104.099906
52.2120133,104.0681855
52.2122379,104.0682538
52.2041478,104.0824832
52.3190318,104.2042566
52.2879496,104.2571621
52.3010347,104.2469532
52.2799285,104.3296936
52.4264511,104.3738334
52.3356497,104.3197767
52.2265175,104.3052933
52.2262848,104.3049044
52.2271244,104.30309
52.2278515,104.3020615
52.2983093,104.2988236
52.2794527,104.2818546
52.2856977,104.297335
52.2633792,104.3333334
52.2349781,104.2839504
52.2594947,104.1985349
52.3301206,104.2089251
52.3305797,104.2339491
52.2306073,104.3072612
52.2899887,104.3025054
52.2533891,104.3516668
52.2865973,104.2802822
52.3686399,104.0780505
52.257343,104.1797612
52.2723386,104.3058573
52.2918216,104.2883558
52.2717027,104.2909791
52.2593306,104.2006693
52.2545364,104.2737516
52.3244641,104.2098905
52.2863862,104.2465751
52.2800687,104.2826511
52.2713155,104.2325336
52.4196407,104.3014499
52.2872928,104.2724806
52.3234932,104.287123
52.3242228,104.2908221
52.3249379,104.2874144
52.3381613,104.3211299
52.2987848,104.2977627
52.2978718,104.2998248
52.3003111,104.2468464
52.2513019,104.2764361
52.2659073,104.2903989
52.2515321,104.2638527
52.2802262,104.357229
52.2530728,104.3408248
52.253673,104.3431995
52.2533302,104.3452975
52.2533362,104.3407145
52.3312928,104.264967
52.2560047,104.2631647
52.3252769,104.2352889
52.3251085,104.2303377
52.3070013,104.3253409
52.2675369,104.3036342
52.2867083,104.2715182
52.2679947,104.2188815
52.2904001,104.3374163
52.2891627,104.2808127
52.2585452,104.3466843
52.2620174,104.3503937
52.2529011,104.3970952
52.3228632,104.207346
52.3314873,104.1781596
52.2492502,104.1523118
52.2280306,104.3023242
52.2280432,104.3020707
52.2345265,104.2848925
52.3708167,104.0804176
52.2647673,104.3100667
52.2644656,104.3100923
52.3708372,104.0782177
52.3683304,104.2182984
52.3685254,104.2177721
52.267688,104.2966447
52.2546508,104.2642554
52.2547253,104.2736574
52.2542979,104.2669342
52.2641154,104.2590468
52.2944585,104.2896611
52.2593187,104.345547
52.2651368,104.2589139
52.3236645,104.2654345
52.3253758,104.2488005
52.2640587,104.3111656
52.2058169,104.0851276
52.2783514,104.3562169
52.2686148,104.2568383
52.2639946,104.3110417
52.327574,104.3050063
52.3246313,104.2350327
52.3244694,104.2349331
52.3227917,104.2353199
52.2584299,104.2619928
52.2640861,104.2404939
52.3266915,104.2346988
52.3275505,104.2944844
52.287925,104.2603477
52.2533726,104.3501876
52.2928041,104.3130921
52.2879981,104.2580438
52.2691807,104.3111176
52.2695839,104.2935204
52.2803202,104.2824416
52.3288771,104.2116265
52.2659314,104.2105962
52.2111296,104.110684
52.2977632,104.2964749
52.2057304,104.0851184
52.3498457,104.1382878
52.2061751,104.0819118
52.2058038,104.0833954
52.2571154,104.3740772
52.2575416,104.3471275
52.2824388,104.2809469
52.3253033,104.2488036
52.3251671,104.2358761
52.2528698,104.3997977
52.2534106,104.3972692
52.0565231,104.0827818
52.1995084,104.4965661
52.2258361,104.4693321
52.2267775,104.4698712
52.2204578,104.4775822
52.1895284,104.5067404
52.2970058,104.3006654
52.2478582,104.4275138
52.2815098,104.2355828
52.2697255,104.3495448
52.2397275,104.2943585
52.282289,104.2809631
52.3284053,104.1840277
52.3375515,104.3207942
52.2532446,104.2747026
52.3274581,104.2934727
52.2868327,104.2682914
52.2895462,104.3081853
52.2123187,104.0693859
52.2970441,104.3013178
52.3229221,104.2877509
52.2654192,104.2086915
52.2648109,104.2073994
52.2642119,104.2221956
52.2709424,104.231207
52.2714804,104.2330546
52.2680877,104.2202234
52.2760685,104.286034
52.2294529,104.3103761
52.2304399,104.3069014
52.2712792,104.2876494
52.2494611,104.2651605
54.8028256,105.197255
52.0480349,105.4090905
56.803658,105.7611972
56.8035119,105.7595205
56.8034595,105.7598707
56.792284,105.7717566
56.8054794,105.8884598
56.7988041,105.6150193
56.7986176,105.6147851
53.3554933,105.9771997
53.0537061,105.5246499
56.5280261,106.8077884
53.0229428,106.930705
53.2161455,107.4169721
53.1916576,107.3368376
57.9632274,114.2606714
57.8409987,114.1846934
53.1346496,102.9454032
53.1349257,102.9468507
53.0501339,103.0687847
53.1353415,103.0828733
53.0493811,103.0685606
53.0489558,103.0661943
53.1156939,103.152501
53.0473747,103.0702661
53.3614316,102.7688877
53.5817625,102.5131253
53.3567042,102.7941692
53.9701049,102.9955846
53.9705743,102.99541
57.9581635,102.7389256
58.024882,102.8394765
57.9597114,102.7289658
57.9595884,102.729262
58.0088288,102.7159456
58.0051115,102.7131986
57.9904999,102.6477187
58.025167,102.8384865
58.058186,102.8036668
58.0272508,102.8046443
58.0277078,102.8011371
58.0279567,102.7957029
58.0290211,102.7948341
58.027813,102.7916389
58.0332318,102.8558922
57.9712241,102.6158014
57.9564438,102.7514292
57.9568375,102.7489239
58.0097292,102.7167837
58.0246832,102.8398853
57.9603471,102.7294086
53.5789232,102.5238567
53.5511775,102.5023594
53.5798137,102.5230691
53.5796803,102.5216712
53.5815065,102.5246901
54.0468751,102.07032
54.0426845,102.064903
54.046573,102.064336
54.0909666,102.1384269
54.1067599,102.1659856
54.1066491,102.1660401
54.0792317,102.1230779
54.0635637,102.1011055
54.0446349,102.0654365
56.2200458,101.6388183
56.2732618,101.8564978
56.3015442,101.6708895
56.1677663,101.6229159
56.1542312,101.6103494
56.1770878,101.5973969
56.310447,101.743893
56.3130599,101.7561253
56.3125778,101.7603437
56.3100253,101.7407145
56.1592158,101.6275474
56.2951679,101.7126288
56.3102436,101.7424738
56.2837635,101.8954977
56.3107575,101.7083593
56.3104168,101.7068339
56.142979,101.5501472
56.1550082,101.5825548
56.154795,101.5773348
56.1659811,101.5803814
56.1956617,101.6118724
56.2674332,101.6420836
56.2840065,101.6651478
56.3094351,101.735341
56.3061862,101.766726
56.143186,101.6260511
56.1439004,101.6262917
56.1670278,101.6280774
56.1668573,101.6293116
56.2803038,101.8824756
56.3100535,101.7409401
56.306358,101.7666271
56.3407025,101.6852377
56.3394956,101.6841542
56.3401623,101.6837267
56.3397175,101.6843933
56.295699,101.6957872
56.1768532,101.5981268
56.1591723,101.6270446
56.1596763,101.6267874
56.1633116,101.6280869
56.1545715,101.6219675
56.3016148,101.6720538
56.1543877,101.577369
56.2201132,101.6385778
56.267391,101.6422757
56.3017248,101.671614
56.2723373,101.6456661
56.274783,101.6503216
56.3106849,101.7085316
56.1542971,101.6104241
56.1501042,101.6241186
56.1689227,101.5899146
56.3115494,101.7492288
56.313423,101.7384761
56.1594012,101.6263736
56.1848512,101.6036926
56.3123991,101.6900732
56.1543591,101.6101082
56.3109761,101.7400152
56.1653301,101.6084976
56.1658322,101.5805291
55.8553439,101.0970912
56.1001701,101.5088378
56.0987729,101.5028357
56.1001889,101.5068326
56.1137215,101.5098959
56.1002658,101.506946
54.5700338,100.585987
54.5615972,100.579436
54.5689803,100.5860025
54.5694194,100.5861665
54.558243,100.5784129
54.557209,100.5780485
54.2004969,100.0892224
55.9245727,98.0061879
55.9685468,97.9160517
55.8892463,98.111004
55.969388,97.9155622
55.9696965,97.9136797
55.970693,97.9112348
55.8989861,97.9859979
55.8604832,98.166318
55.8599379,98.1672354
43.0732297,43.3919835
43.3876471,42.9190329
43.3868335,42.9186011
43.3821483,42.9161255
43.8401413,43.2904562
43.8513687,43.2796043
43.7204077,43.5174197
43.6696178,43.4958197
43.669025,43.4938994
43.6692347,43.5414133
43.6702284,43.5359688
43.6939696,43.6974266
43.6695959,43.5369562
43.6955617,43.697622
43.6947747,43.696804
43.6697849,43.5416294
43.6691758,43.541903
43.7290432,43.5136593
43.7213426,43.5223743
43.668815,43.4950587
43.6859264,43.5349797
43.7227322,43.5212545
43.6859392,43.5343342
43.6853298,43.5343884
43.6857729,43.5341849
43.6695711,43.4959056
43.4964772,43.7639089
43.4902549,43.6156379
43.4918644,43.7987457
43.500653,43.6115693
43.4764315,43.5946984
43.4756641,43.6108028
43.5046861,43.6629126
43.4782776,43.6274042
43.4758701,43.6118455
43.4776192,43.6269482
43.5023775,43.7231847
43.5010803,43.7489104
43.4835006,43.6449996
43.4757864,43.6112267
43.5719043,43.586223
43.502733,43.7958598
43.4984197,43.7948352
43.5339427,43.7410998
43.5631046,43.7219295
43.5650758,43.7149288
43.5664494,43.7198609
43.5671931,43.7242596
43.5661101,43.7194212
43.5670422,43.718665
43.571832,43.5860358
43.5634733,43.8475535
43.4734653,43.8299024
43.5088145,43.8222347
43.5089164,43.8219374
43.5345296,43.7441783
43.5335545,43.7435397
43.5990953,43.8438403
43.5029898,43.7981638
43.4931324,43.7933705
43.4942321,43.7927599
43.4834579,43.6444426
43.5974336,43.8207149
43.5980623,43.8199301
43.5993158,43.8433537
43.5995529,43.8431515
43.4759393,43.6106613
43.5586737,43.8536614
43.5590617,43.8532295
43.4965109,43.7922911
43.4898883,43.799234
43.5198541,43.6135837
43.6343133,43.5547014
43.6052059,43.5694976
43.6293207,43.5572332
43.4917318,43.5795201
43.5009592,43.5949037
43.4777959,43.5767147
43.5200591,43.6127353
43.4834553,43.6450757
43.4936481,43.6370118
43.4979162,43.6323631
43.4922028,43.5800784
43.4926116,43.5801391
43.4907608,43.6870286
43.5350185,43.7425382
43.4834149,43.6443437
43.4928961,43.6936499
43.4778809,43.5772758
43.4781977,43.5772166
43.4763753,43.5743732
43.4766803,43.5740687
43.4764112,43.574802
43.4717477,43.5726155
43.4714595,43.5726752
43.5031179,43.6210587
43.5974585,43.5730407
43.5294221,43.6673855
43.5290663,43.6668082
43.7585263,43.9768785
43.7709542,43.9924687
43.7655528,44.0422511
43.7759492,43.9944605
43.7795642,43.9849614
43.6636463,44.0812292
43.6655606,44.0824236
43.6593767,44.0826332
43.7429303,44.0712404
43.7651974,44.0439171
43.7428909,44.0709556
43.765171,44.043602
43.7428285,44.0707111
43.6595526,44.0823247
43.7408888,43.977263
43.7417076,43.9780923
43.7782533,44.2250625
43.6614159,44.0825575
43.7595846,43.9938413
43.776999,43.9933187
43.4872379,44.1621597
43.5019823,44.1232915
43.5021792,44.1226315
43.5004062,44.1239975
43.5005912,44.1238528
43.5007437,44.1244318
43.5039644,44.1341153
43.5017165,44.1274492
43.4839969,44.0834058
43.4875132,44.1557962
43.4836758,44.0836584
43.2662612,42.478918
54.6491832,21.3088039
54.6501841,21.3446284
54.4441481,21.023706
54.6684711,20.9733644
54.6139002,21.2181507
54.488816,21.198769
54.4460421,21.0163222
54.6721873,21.0742051
54.6505541,21.069936
54.6492368,21.2108382
54.6487632,21.2197199
54.6495458,21.2126659
54.6496542,21.1735444
54.6187678,21.2265637
54.6498768,21.1773421
54.6187833,21.2278486
54.6487631,21.2993698
54.4926437,21.1898579
54.446073,21.021505
54.6573462,21.3581037
54.6467307,21.2181995
54.6500788,21.3453609
54.6838529,20.8700478
54.6755072,20.9244504
54.673844,21.0817636
54.8692183,21.0958257
54.8686093,21.0939128
54.86149,21.109685
54.6832316,20.8637226
54.6837129,20.8638176
54.6748415,20.9261106
54.6852699,20.8633821
55.1588738,21.3209473
55.0332553,22.0421574
55.0824862,21.9033691
55.0822591,21.9042785
55.0350567,22.0240656
55.1752973,21.5464865
55.057938,21.9489291
55.0816213,21.9042873
55.0390724,21.6893279
55.0364444,22.0314991
55.0578254,21.9527152
55.0615889,21.9475758
55.0575503,21.9518224
55.0328673,21.8437605
55.0620063,21.9473203
55.0658271,21.9521273
54.8272269,22.08803
54.8262839,22.0901962
54.8759823,21.6533249
54.8261593,22.0886578
55.0203937,21.8297339
55.0200549,21.8276031
55.0197348,21.8279075
55.0199846,22.0750705
55.0205176,22.0750011
54.6379813,21.810547
54.4698631,21.9883854
54.3752989,21.5835842
54.6122841,22.1400048
54.5937956,22.1951146
54.6309296,21.8194738
54.4085395,22.0127801
54.4083916,22.0131479
54.6408858,22.1011438
54.6125206,22.1408636
54.6134005,22.1452421
54.6192507,21.9004655
54.6131415,22.3899989
54.9340158,22.4839065
54.9405135,22.4786114
54.9407145,22.4795313
54.9338465,22.4838298
54.6049574,22.2748315
54.5929749,22.215348
54.6118979,22.2413238
54.5876592,22.1927296
54.3466376,22.2985852
54.5913692,22.2100461
54.5918134,22.2015809
54.5918263,22.2008324
54.5928701,22.2147911
54.6049499,22.2759256
54.5865914,22.1961931
54.3442862,22.2986641
54.6153955,22.2087593
54.6173341,22.2128051
54.6168347,22.2083447
54.6171055,22.2110621
54.6165096,22.2053858
54.6459315,22.7345385
54.5924827,22.2014666
54.3412374,22.2980836
54.3467968,22.2986949
54.6126484,22.2409567
54.6128441,22.2416744
54.609177,22.3343752
54.6097018,22.3352503
54.5917768,22.2101267
54.634649,22.5661901
54.6695131,20.5006869
54.6704088,20.6324777
54.6564219,20.5422377
54.4306677,20.0871993
54.6695831,20.6335763
54.669894,20.6340452
54.6450129,20.5328975
54.6446363,20.5272209
54.6448559,20.5312596
54.6692547,20.5003991
54.6457318,20.5300431
54.3865706,20.6396553
54.3873096,20.6441622
54.3916909,20.6440056
54.6444904,20.5452506
54.6620195,20.5137331
54.6622237,20.5111027
54.3747526,20.6556173
54.5125484,20.230647
54.4531125,20.1349177
54.5939486,20.4396486
54.5937424,20.4385838
54.6418939,20.514321
54.6624925,20.5065909
54.5123923,20.2308927
54.5110812,20.2268802
54.6620438,20.5135365
54.9093116,20.402017
54.905993,20.4959675
54.8515957,20.2697995
54.7604377,20.442795
54.7116946,20.5092469
54.7205267,20.4791555
54.771353,20.5050786
54.715568,20.4852301
54.7188692,20.5016641
54.8802059,20.2558063
54.7424553,20.5025179
54.7205165,20.5141839
54.761141,20.4997594
54.7200063,20.4943454
54.7049105,20.4904467
54.7109784,20.5091923
54.7113672,20.512336
54.7568303,20.4440549
54.7281727,20.4816184
54.7713721,20.5128616
54.9441381,20.1514666
54.8534635,20.5568359
54.6957711,20.5000148
54.6821944,20.5888341
54.7104018,20.4428814
54.7362957,20.4805195
54.7361211,20.4812035
54.7474202,20.5010549
54.7668346,20.4941073
54.754817,20.4480713
54.6869174,20.5230616
54.6928467,20.5239787
54.701848,20.7378552
54.726965,20.4043393
54.7463652,20.4901149
54.7208451,20.4822706
54.6807315,20.4919783
54.6762907,20.5191163
54.6821182,20.4605453
54.7356822,20.4818548
54.7302628,20.4903574
54.7152891,20.4848387
54.7110862,20.4940509
54.7106992,20.4948852
54.7364995,20.5078766
54.7151313,20.4849184
54.7157322,20.4871111
54.7050201,20.4897386
54.6783442,20.4836542
54.7208069,20.5172289
54.7134513,20.535816
54.6934016,20.4580825
54.7116628,20.5182976
54.7119476,20.517784
54.7118108,20.5189821
54.9497053,20.2245301
54.7718918,20.5435128
54.9099051,20.4974602
54.848482,20.5655909
54.8484322,20.5657773
54.842864,20.5674746
54.7766229,20.5428286
54.6952389,20.516751
54.7125665,20.4510127
54.6849561,20.5228125
54.7090255,20.5202993
54.8511245,20.5543957
54.7093273,20.5264636
54.8570466,20.5520484
54.8563102,20.5528651
54.7087365,20.5678825
54.9296281,20.1677631
54.7611547,20.4441836
54.710213,20.5016943
54.88104,20.5863101
54.857916,20.5666181
54.7385779,20.4861145
54.7468426,20.4809482
54.7471746,20.4805015
54.7048365,20.4899408
54.7064857,20.4893877
54.7149421,20.3711682
54.9064673,20.3754503
54.7087065,20.5140062
54.7056247,20.6110891
54.7470095,20.4889663
54.7467561,20.4890833
54.7061824,20.4885573
54.7581767,20.4447504
54.700384,20.2059718
54.7092715,20.5240694
54.7106836,20.5224475
54.6882642,20.1615407
54.7621469,20.5002888
54.710786,20.5135546
54.7752538,20.6246148
54.769321,20.6104441
54.7770734,20.5964071
54.7062883,20.5866718
54.7149973,20.4853137
54.7036016,20.5237522
54.7102455,20.5088109
54.7096703,20.5083606
54.7427676,20.5020114
54.7095829,20.5084991
54.7079543,20.5751174
54.6959169,20.5216729
54.6971877,20.5175632
54.7091084,20.5242902
54.946656,20.2328663
54.9468945,20.2324329
54.9466095,20.2323191
54.9077094,20.1982454
54.9179111,20.1896666
54.9201656,20.2688688
54.9213998,20.3288712
54.9221063,20.264639
54.9230159,20.4056441
54.9072398,20.1992209
54.9196785,20.2704379
54.9214362,20.264197
54.9124793,20.4932937
54.9227359,20.3926862
54.6955383,20.5210804
54.7089191,20.5216815
54.7100649,20.5226148
54.9157541,20.2675261
54.9213041,20.3317667
54.9223548,20.3243428
54.7162124,20.5025284
54.7164672,20.5027426
54.741536,20.4735316
54.9277082,20.2594157
54.8966711,20.276415
54.9090391,20.4991365
54.7308177,20.4899504
54.7365493,20.4935477
54.7365937,20.4936903
54.7369207,20.4937037
54.7376179,20.4888348
54.7613725,20.4705973
54.9199798,20.5074204
54.9427041,20.5068262
54.9003734,20.2005376
54.9082545,20.2051032
54.6769774,20.1364379
54.6812614,20.141929
54.6818709,20.1420278
54.9088365,20.497613
54.7402568,20.4950926
54.9159971,20.1945578
54.7401624,20.4952775
54.7096959,20.5511559
54.704225,20.5054075
54.7020122,20.6641553
54.9545816,20.4814054
54.7413858,20.4738107
54.727993,20.5579263
54.7213589,20.4711647
54.7769435,20.6156529
54.7029105,20.6691606
54.7701512,20.5017483
54.7211272,20.5248166
54.7213288,20.5258345
54.7215831,20.5239018
54.7217783,20.5250788
54.7010719,20.5980685
54.7031602,20.5980379
54.7039918,20.6048794
54.7045706,20.5933384
54.7074304,20.598165
54.7136362,20.5966944
54.7142994,20.5975285
54.7264482,20.5965619
54.6989085,20.5213846
54.6992794,20.5199614
54.9548041,20.4812175
54.9074025,20.1945972
54.7005017,20.2060697
54.7208336,20.5248332
54.6993083,20.5531732
54.7086918,20.5633235
54.7091474,20.5640046
54.7092512,20.5618628
54.7099884,20.5633157
54.7052557,20.5902045
54.6853517,20.4596485
54.7451944,20.5919175
54.7467389,20.5881694
54.7478749,20.5901935
54.7512261,20.6002923
54.7514798,20.593086
54.7535537,20.5858907
54.7635519,20.5607893
54.764233,20.5630446
54.7655045,20.5635632
54.7664144,20.5648731
54.7677459,20.5542766
54.7681087,20.5381019
54.7682164,20.5461186
54.7688369,20.5446328
54.7706184,20.544173
54.7179643,20.5721935
54.880485,20.2563598
54.6994951,20.5453456
54.6999405,20.5453106
54.7032089,20.534663
54.9539393,20.2206676
54.7787044,20.5425765
54.8381917,20.533795
54.7657163,20.4724828
54.7655633,20.4710374
54.9212115,20.3987387
54.9245843,20.3980334
54.6831144,20.5995756
54.6761901,20.5192204
54.8809389,20.5868956
54.7433851,20.5020257
54.7086956,20.5625985
54.7092441,20.5626173
54.9461589,20.2328348
54.7132701,20.5970135
54.728459,20.5573718
54.7651282,20.6083336
54.7277176,20.5582124
54.7284084,20.5572011
54.727683,20.5571246
54.9525603,20.2120068
54.9339166,20.1897356
54.732188,20.5525328
54.7707751,20.5179887
54.7581716,20.6050861
54.7647812,20.6081877
54.7584985,20.605249
54.7629899,20.5615147
54.763813,20.5615423
54.7679355,20.5625806
54.7676635,20.5630182
54.7703285,20.5660676
54.9542502,20.2219375
54.7692915,20.6105943
54.7160307,20.5029919
54.7115357,20.5089995
54.7161795,20.5029024
54.720391,20.5141376
54.7186991,20.5015522
54.7197921,20.5001109
54.7246845,20.4973937
54.7304168,20.4898873
54.7199183,20.5077401
54.7195245,20.4934844
54.7191489,20.4928375
54.7200424,20.4855543
54.7207454,20.4822801
54.7212727,20.4712267
54.714406,20.4598965
54.7104863,20.4429317
54.6957469,20.5219864
54.6958245,20.5001727
54.698399,20.517212
54.699084,20.503764
54.6998329,20.5181945
54.7282117,20.4816146
54.6931344,20.5245428
54.6827651,20.599768
54.676326,20.5178419
54.7178399,20.3839733
54.7096934,20.5378214
54.7192484,20.493111
54.7673594,20.4948704
54.701327,20.6728459
54.7673424,20.4942405
54.9502862,20.1890232
54.7710369,20.5151343
54.7705799,20.5181187
54.7682906,20.4926894
54.7698018,20.4997494
54.7063335,20.5870126
54.7564442,20.4467409
54.7620599,20.4438232
54.761162,20.4580182
54.8570367,20.5686566
54.9200062,20.3247614
54.9203298,20.325036
54.9226639,20.324307
54.7659881,20.4718486
54.6958706,20.500033
54.6907737,20.4669881
54.701453,20.6695076
54.7189108,20.5999599
54.7159612,20.3773733
54.7228033,20.4607778
54.7143555,20.4590474
54.6440915,19.8922897
54.4263691,20.0783533
54.8825004,19.9355941
54.8400655,20.0062109
54.855621,19.9498991
54.8398757,20.0056622
53.4666283,35.0823944
53.4682038,35.0932754
53.4694521,35.0944157
53.4697232,35.0947695
54.085419,35.3428894
54.1154937,35.2573305
53.7955449,35.5209541
54.1159019,35.2619639
54.1188502,35.260501
53.7858211,35.5015054
53.7205225,35.5441433
53.7377007,35.4738141
53.7379185,35.4736765
54.0402674,35.7407698
54.267515,35.4593064
54.4793738,34.9771814
54.4796858,34.9769961
54.2673647,35.4591715
54.4793116,34.9776894
54.1739643,35.3249296
54.7439998,35.2269382
54.731161,35.1757617
54.730713,35.1800938
54.7294429,35.1833383
54.7287791,35.1879009
54.5844375,35.7143028
54.5637125,35.4766614
54.7184383,35.2281183
54.7292583,35.1853556
55.1925439,35.4467091
55.1930036,35.4462811
55.000605,36.3948325
54.960256,36.459011
54.9989847,36.3959629
54.9797265,36.4676858
55.010528,36.465051
55.0059834,36.4457826
54.9807744,36.4948741
54.9797005,36.4268891
54.9800516,36.4253749
54.9656199,35.871293
54.9560261,36.4579921
54.9790538,36.4877035
54.9805981,36.4693339
54.9800104,36.4259691
54.9556475,36.4579995
54.959348,36.4606089
54.9793407,36.4883378
55.0100392,36.4681687
54.9787568,36.4912521
54.9587308,36.4598323
54.9585846,36.4592059
55.0007352,36.3961274
54.9796818,36.4685197
54.9797048,36.4684914
54.9799521,36.4691306
54.955921,36.4571479
54.9611271,36.4592471
54.9557713,36.4574457
55.0126569,36.475917
55.0054986,36.4453846
54.9675951,35.857
54.7282519,36.2920436
54.5577457,36.336206
54.5315982,36.2697747
54.784369,35.9616557
54.516501,36.326215
54.5491182,36.3378275
54.5228465,36.2912213
54.523896,36.2999014
54.5157335,36.3007594
54.5889981,36.3341705
54.5877728,36.3292292
54.5554945,36.3383061
54.5489192,36.3373185
54.5687184,36.2247121
54.5876506,36.3321391
54.5537662,36.3401137
54.5537821,36.2665598
54.6276839,36.2905234
54.5815154,36.0691438
54.5576681,36.2646259
54.5467181,36.2863058
54.5164435,36.3269605
54.5447717,36.1709404
54.5314165,36.2706969
54.5309191,36.2697542
54.7341856,36.2940319
54.726658,36.2912069
54.6260003,36.2881251
54.6229377,36.2909827
54.5856898,36.0742509
54.5280078,35.9878877
54.5688557,36.3346015
54.6788928,36.0228649
54.6829413,35.968197
54.5225773,36.036595
54.5238129,36.0472844
54.5254614,36.0255531
54.5567531,36.3391377
54.5329845,36.2769336
54.5370176,36.3057412
54.556393,36.2642348
54.5275203,35.9847023
54.5278115,35.9890532
54.5640372,36.2600208
54.5231686,36.2939342
54.5307915,36.2703062
54.6275503,36.2890836
54.557299,36.2651092
54.5397766,36.1551703
54.6035253,36.2649693
54.5426224,36.1658771
54.5392994,36.1552834
54.5399607,36.1557832
54.8022727,35.9245084
54.7725009,36.2356249
54.8200034,36.302659
54.9206519,36.3988272
54.9266641,36.4075059
54.5832151,36.0729878
54.9274533,36.407561
54.9271743,36.4069955
54.868523,36.3488695
54.7766356,36.2416026
54.9280897,36.4079914
54.5394966,36.1556446
54.5425752,36.1525325
54.526227,35.9825158
54.5885902,36.0781488
54.5315,35.9915054
54.5290055,35.9795834
54.5308506,36.2697139
54.6805218,36.2989231
54.545712,36.1722005
54.5495977,36.1793035
54.5235321,35.97814
54.5288172,35.9737033
54.5863445,36.0696428
54.5814608,36.0688996
54.9293525,36.41226
54.5455684,36.2826116
54.5636671,36.260257
54.56358,36.260404
54.5007956,36.3077688
54.2484404,36.1008314
54.5125001,36.2719306
54.5020504,36.261718
54.5119859,36.2729315
54.5101203,36.2325063
54.5003822,36.3110507
54.5083517,36.2752477
54.5009731,36.3094041
54.5021189,36.3109528
54.5139008,36.3269745
54.5097567,36.2333128
54.51555,36.3274911
54.515538,36.3250928
54.5084194,36.2755738
54.5122262,36.2628815
54.5017072,36.2790719
54.4991169,36.2805567
54.5095141,36.233423
54.4931209,36.2278783
54.5085196,36.2341842
54.514457,36.3267955
54.5136853,36.3272604
54.4994633,35.9407854
54.5069827,36.2523036
54.4516217,36.0084556
54.4684404,36.2401053
54.4590631,36.2728655
54.4619079,36.2364783
54.4687207,36.2404303
54.5226505,36.0360188
54.5160839,36.0506176
54.5162618,36.0507264
54.501851,36.3116754
54.5134965,36.2390838
54.5096044,36.2283997
54.5087694,36.2330466
54.5045683,36.2777594
54.4808127,36.3014059
54.4689554,36.239849
54.5003702,35.9427892
54.4597827,36.2735432
54.2780427,36.143118
54.2782037,36.1428787
54.278435,36.1432386
54.4932132,36.2273533
54.5156867,36.3011641
54.4541363,36.2896486
54.5102815,36.2598833
54.5104351,36.2601142
54.5094966,36.2313306
54.2973153,36.1791929
54.4932235,36.2283816
54.4689237,36.2865476
54.4559966,36.2687558
54.4596113,36.2727665
54.4120038,36.1992175
54.4807117,36.3023039
54.5011044,35.9438341
54.5153003,36.3011747
54.4563515,36.269071
54.4394689,36.2239072
54.4388804,36.2174409
54.4335317,36.2152699
54.4369306,36.2191518
54.4559819,35.837675
54.5066867,35.9550628
54.2778651,36.142352
54.2786291,36.1428924
54.4811424,36.3020801
54.4641343,36.2802605
54.0348891,35.812199
54.0557346,35.7907334
54.035461,35.8082289
54.0516084,35.9585826
54.051401,35.9582729
54.0555275,35.7899795
54.0395595,35.7413729
55.2218412,36.581347
55.0790954,36.6292326
55.2166973,36.6793302
55.0923869,36.6650108
55.1207407,36.5728864
55.1180522,36.6472844
55.1092421,36.6122013
55.1172542,36.6223458
55.0906874,36.6124508
55.1214486,36.6416301
55.1099084,36.6124982
55.1100319,36.6125469
55.1214241,36.6408639
55.1248657,36.6189504
55.1209616,36.573286
55.1241512,36.6244888
55.1203464,36.6041788
55.123921,36.6258167
55.1173574,36.6223915
55.1254674,36.6167434
55.1206055,36.6047151
55.1123085,36.5865817
55.0895794,36.6161733
55.1016019,36.6012552
55.1036222,36.6164744
55.1107185,36.5878486
55.0881145,36.6171351
55.0780243,36.6290212
55.2147777,36.6807315
55.2124767,36.6785373
55.1157057,36.5808831
55.1228592,36.6495048
55.0781686,36.6285115
55.1185986,36.5921268
55.1744777,36.6733312
55.0915504,36.6206995
55.118719,36.5921313
55.1171297,36.5975635
55.1141812,36.601448
55.1171318,36.5783621
55.1182762,36.5771926
55.0877781,36.6169897
55.2080032,36.6220661
55.1124203,36.5871601
55.1236572,36.6247747
55.1218776,36.5734448
55.0889357,36.6337971
55.0850033,36.6460133
55.1173693,36.5971716
55.1383309,36.7843662
55.0960794,36.912961
55.0852147,36.6455841
55.1388206,36.7828989
55.0917082,36.6191579
55.0474171,37.0924733
54.7216534,37.1352183
54.5437218,36.7438026
54.7209698,37.1427381
54.7581782,37.1769585
54.5437602,36.7446113
54.5440689,36.7446708
54.7577234,37.1760472
53.4066773,34.6653929
53.9928791,34.1909659
54.0794691,34.3086338
53.9707975,34.8155763
53.8674208,34.415624
53.8677173,34.4154957
53.8618796,34.4442752
53.8671089,34.4152285
54.057974,34.295073
54.0830964,34.3361791
54.0779076,34.2842298
54.0806517,34.3157594
54.0829166,34.3361032
53.7591812,34.8075325
54.0639397,34.3714399
54.3102893,34.5169669
54.2371957,34.359573
53.9115189,34.0492153
54.008115,33.9661797
54.035329,33.9195772
54.4083348,34.0072269
52.8295849,156.2713507
53.2060227,157.4709751
53.2059584,157.470324
53.079769,158.5876825
53.0768519,158.3441964
53.1889739,158.3826829
53.1890227,158.38242
53.145402,158.4748423
53.1335329,158.5356943
53.1799935,158.4025357
53.1795775,158.4062385
53.1888002,158.3834979
53.0779337,158.3445164
53.1784907,158.4054223
53.0795012,158.5885564
53.18464,158.3889578
53.1823681,158.4255801
53.184557,158.4238909
53.1881186,158.4259084
52.9389496,158.4031294
52.9026536,158.4286974
52.9394484,158.4038394
52.9032328,158.4289789
54.6759533,158.5725084
54.701928,158.6088953
53.0370152,158.6562741
53.0242174,158.6443582
53.0647903,158.6402537
53.0629032,158.6278806
53.0340292,158.6546806
53.0120211,158.6514131
53.0360722,158.6636273
53.0652157,158.6404204
53.0644163,158.6264561
53.0449895,158.6703491
53.0470377,158.6623413
53.0597675,158.650372
53.0425702,158.661456
53.0463078,158.6651751
53.0788717,158.6371402
53.0648109,158.6396366
53.0337566,158.6534814
53.0612498,158.6162292
53.0546191,158.6378703
53.0341742,158.6537373
53.0848074,158.6363906
53.0839522,158.6366549
53.0453211,158.662068
53.0784309,158.6380649
53.0785378,158.6366159
53.0586171,158.6504295
53.0672868,158.627386
53.0247698,158.6438899
53.0784248,158.6371549
53.0459092,158.6627421
55.8563139,159.4769779
43.947501,41.8999967
43.860969,41.6738308
43.7741196,41.9123023
43.9085162,41.8883545
43.9541672,41.9033585
43.7710663,41.9103487
43.7710013,41.9102645
43.895271,41.8852821
43.8951565,41.885992
43.9826496,41.9247986
43.9824087,41.9244304
43.901154,41.8880119
43.927201,41.8980306
43.9139255,41.891284
44.2090484,42.0419053
44.2030755,42.0651824
44.2330595,42.0477675
44.2493621,42.074434
44.2509898,42.087064
44.2869993,42.049206
44.2462135,42.0601496
44.2481645,42.0588708
44.2521404,42.0857788
44.2229619,42.053585
44.2493342,42.0474889
44.2176384,42.0259464
44.3629061,41.9346034
44.079349,41.9741143
44.2237471,42.0461661
44.2543341,42.0715294
44.2512794,42.0860844
44.2140131,41.8938018
44.2538865,42.0733092
44.1917239,42.0363015
44.2309451,42.0638398
44.2137493,42.0442109
44.2144095,41.8949871
44.215021,42.0361391
44.1152146,41.9923547
44.1657101,42.0254002
44.1240766,41.9983708
44.2518244,42.0859279
44.2522535,42.0563081
44.2036755,42.0664448
44.1919617,42.035404
44.2053152,42.0568348
44.2258582,42.0553598
44.2557859,42.0688008
44.256316,42.0677426
43.5628534,41.2802398
43.8745191,41.5554723
52.921539,87.9853539
53.6897971,88.0535758
53.6936578,88.0548646
53.6915301,88.0583199
53.6930899,88.0562863
53.6933868,88.05989
53.6936695,88.0602693
53.6904054,88.0750585
53.6808432,88.0988246
53.6808957,88.0996637
53.6857255,88.0868982
53.6934501,88.0604365
53.6936041,88.0561629
53.6842202,88.0905895
53.6879112,88.0561944
53.685638,88.0867989
53.6817741,88.0824651
55.7637168,88.318301
56.1515254,88.5346604
56.0528767,89.087062
52.7999101,87.8553819
52.763491,87.8660307
52.7997838,87.8561959
52.7635295,87.8661758
53.1339206,87.4332736
53.1291917,87.4731238
53.6036739,87.3303031
53.7741296,87.2815978
53.766661,87.5853865
53.7813414,87.282736
53.7491342,87.3860517
53.7838658,87.3209972
53.7683734,87.3772023
53.7839915,87.3209755
53.7133519,87.8118689
53.7163696,87.7957875
53.6036532,87.3261599
53.7893955,87.306846
53.603517,87.3309235
53.6037252,87.3305615
53.6034699,87.3243515
53.7685284,87.3767888
53.7665899,87.5861797
53.7130473,87.8110824
53.7133636,87.811215
53.7491246,87.3870394
53.7638946,87.6091325
53.7675144,87.3762409
53.901329,87.3075417
56.2122225,87.7402007
56.2175284,87.7716181
56.1119495,87.6746386
56.1946184,87.9123539
56.1927395,87.9031674
53.3209491,87.1283495
53.6948989,86.9991614
53.6472365,87.1220972
53.693777,87.0042652
53.7495114,87.1067283
53.7502524,87.1079555
53.7779291,87.1297108
53.7769765,87.1270108
53.7676853,87.096509
53.7897568,86.9045894
53.6591949,87.1547556
53.7668307,87.0979345
53.776039,87.1274718
53.7798908,87.1310422
53.7904951,86.9005628
53.7676082,87.185382
53.7585201,87.1699537
53.7571943,87.1357378
53.7444201,87.1565114
53.7442444,87.1570889
53.7684089,87.184662
53.7431226,87.1162627
53.752095,87.1182761
53.7577331,87.1044671
53.7463248,87.1318843
53.7539269,87.1775851
53.7502216,87.1077841
53.7714393,87.1369245
53.7654803,87.1265473
53.7662798,87.1263188
53.7424616,87.1252375
53.7763008,87.12839
53.7686874,87.1191559
53.7580467,87.1718807
53.757253,87.167205
53.7545048,87.1774174
53.7541197,87.177077
53.7894762,87.1295511
53.7658727,87.1272985
53.7579562,87.1364449
53.6518509,87.124595
53.7461947,87.120438
53.8437531,87.1985027
53.8292471,86.8993834
53.757564,87.1380825
53.7680877,87.1834408
53.7649435,87.1758822
53.7521255,87.1118552
53.7706394,87.1349744
53.7480604,87.118337
53.746681,87.1203056
53.7591267,87.1705101
53.7572678,87.1666985
53.7570458,87.1667608
53.650302,87.1219992
53.7893248,87.128768
53.7693397,87.1189201
53.7580871,87.1694055
53.7663814,87.0976923
53.7692182,87.1325554
53.7757575,87.236962
53.8430436,87.1964843
53.7602048,87.1359346
53.8432135,87.1977431
53.7814977,87.2588458
53.742459,87.1166946
53.860285,87.2116199
53.8289145,86.8986607
53.6696265,87.1395616
53.744819,87.1564453
53.8947753,86.8556832
53.8243033,86.7633191
53.8602781,86.6179237
53.8652758,86.6413697
53.7574047,87.1354122
53.7575769,87.1372023
53.7426843,87.1275304
53.7766427,87.1276293
53.8638144,87.2110539
53.8437572,87.1960151
53.7834003,87.1460551
53.8586141,87.2271008
53.8438306,87.1978055
53.7896944,86.902868
53.8615434,87.2091892
53.7519734,87.1182748
53.79036,86.901918
53.7905427,86.9022399
53.7904999,86.9019879
53.8343093,86.8962825
53.7531663,86.9153726
53.8592337,86.6799889
53.8653566,86.6465196
53.8612956,86.6422187
53.8631817,86.628694
53.7725272,87.1944957
53.7432346,87.1268957
53.8677693,86.7609618
53.7519758,87.1180947
53.8608288,87.212916
53.7632478,87.1307863
53.7610119,87.134778
53.7577229,87.1184385
53.7577316,87.1182144
53.7578005,87.1046721
53.7634254,87.1304967
53.7466437,87.1204871
53.771377,87.1353322
53.7995974,87.1595131
53.7665288,87.0938642
53.8583946,86.6331544
53.7809041,87.2606991
53.7558688,86.9162867
53.7433942,87.1259112
53.7632804,87.1305556
53.8618019,86.6730214
53.8584128,86.6322694
53.8585857,86.6328362
53.7551605,87.1771499
53.8719128,86.6412127
53.7461174,87.132157
53.7663665,87.0935129
53.7578438,87.1722892
53.7660687,87.147628
53.8057667,86.8628779
53.8104608,86.7965159
53.8105956,86.7966781
53.7599468,87.1362593
53.7606419,87.1354082
53.8795535,86.6893253
53.8952148,86.7447672
53.8786944,86.7548304
54.0083904,86.832687
53.8967427,86.7469347
53.8977865,86.7464317
53.8953749,86.7450188
53.8761727,86.675884
54.0115414,86.6757694
54.0517527,86.6826187
53.8796693,87.1118538
54.0070106,86.831591
53.8970801,86.7474083
54.0063033,86.6374956
54.0812761,86.772357
53.8942776,86.8516773
53.8946521,86.8575843
54.0059135,86.6366448
54.0163101,86.6274556
53.8952653,86.7449438
54.0089377,86.6290751
54.006219,86.6367437
53.8762906,86.746568
53.8720622,86.6507074
54.0088444,86.8308575
53.8808461,86.6506623
53.8732843,86.6205744
53.8740513,86.6590518
53.8736995,86.6590563
53.873511,86.6590598
53.8731948,86.6626333
54.0085777,86.6271221
54.0059286,86.6365754
54.0087493,86.6259739
53.8720529,86.6460998
53.8853663,87.1324315
53.884287,87.1269238
54.0093711,86.8265592
54.0157812,86.6282175
53.8744407,86.6264224
53.8718922,86.6216146
53.8740349,86.6412897
54.0766843,86.782109
53.871909,86.6414184
53.8720201,86.6414192
53.8720494,86.6464519
54.985296,86.8196393
55.9025107,86.9089888
56.2653849,86.7141652
56.2663652,86.7148577
53.986754,86.5446914
54.6823635,86.1843634
54.4265628,86.4153764
54.4920926,86.3630077
54.4732635,86.3385165
54.6353015,86.2589872
54.4720619,86.3357653
54.4977991,86.3667075
54.492067,86.36393
54.4058385,86.3027394
54.429498,86.4146341
54.3814828,86.369541
54.4267524,86.4125051
54.4943178,86.3669975
54.6375944,86.2581932
54.4272619,86.4207966
54.4297526,86.414398
54.4278001,86.4181672
54.4271073,86.4209564
54.4364843,86.2948094
54.4362273,86.2946007
54.3805887,86.3750879
54.6818975,86.1834283
54.6792242,86.2683524
54.3097574,85.9412138
54.6708267,86.1104241
54.4362711,86.2944398
54.6383167,86.2590673
54.3061656,86.2905096
54.679449,86.2691771
54.6354864,86.2591208
54.4063387,86.3083312
54.637136,86.2556543
54.4465269,86.4061549
54.497966,86.3658354
54.491584,86.3627824
54.7411098,86.2289992
54.7417442,86.2282287
54.5100963,86.2259149
54.9576925,86.3685253
55.0479614,86.2767577
55.0516767,86.2796026
54.7409309,86.2279757
54.7408431,86.2279918
55.2235889,86.0257747
55.3486624,86.1614404
55.3809572,86.0735819
55.2948773,86.1409041
55.3446787,86.1208261
55.3362658,86.1317379
55.4192022,86.1201483
55.3426002,86.0310524
55.4184249,86.1243488
55.3244884,86.1148387
55.4031192,86.0368738
55.438337,86.1393642
55.3574186,86.0465052
55.3300454,86.1319129
55.3414568,86.1698787
55.3490647,86.1610971
55.355608,86.1676085
55.3755052,86.1292981
55.3441581,86.0624197
55.3360236,86.0975604
55.3839499,86.0735832
55.224221,86.0245382
55.2217054,86.0372742
55.5470501,86.1700872
55.3360769,86.1979915
55.3433899,86.0621114
55.3943751,86.2022098
55.3448526,86.1250661
55.3414248,86.1697675
55.3523966,86.0979453
55.3364737,86.1421337
55.2848263,86.1134257
55.2242565,86.0315709
55.3715512,86.0803573
55.3722745,86.0804319
55.3720754,86.0810655
55.3723741,86.0789386
55.3510076,86.0962511
55.4136557,86.2336322
55.3103081,86.1658894
55.2781852,86.1486503
55.2782514,86.148812
55.2636118,86.1639681
55.3390492,86.0619505
55.5512001,86.1727603
55.377998,86.1317154
55.4129339,86.2334702
55.3958564,86.1971596
55.3919098,86.1942238
55.393113,86.195346
55.3168835,86.0991533
55.3619928,86.0071859
55.381125,86.1233309
55.3221136,86.1306054
55.3572584,86.0776736
55.3555474,86.0850727
55.3281709,86.1494459
55.2264798,86.0308039
55.2238053,86.0308165
55.2249088,86.030832
55.3446383,86.1145983
55.3578182,86.1369686
55.294659,86.1407808
55.2946407,86.1401601
55.3854154,86.089248
55.3447324,86.1268681
55.3450666,86.1480149
55.553171,86.1949689
55.3299164,86.0625942
55.3398293,86.1389876
55.3779398,86.1271008
55.3531504,86.159097
55.3487773,86.1360256
55.3364937,86.1417964
55.2412323,86.1754045
55.2615374,86.1639446
55.2611951,86.1645849
55.4172779,86.2328012
55.4240393,86.2307938
55.3140604,86.0938414
55.3021722,86.1670605
55.3572703,86.1475322
55.3186487,86.1585591
55.3156965,86.1612937
55.345633,86.0969608
55.3471698,86.0906782
55.349091,86.0823174
55.3360465,86.1855311
55.3557135,86.0071175
55.3545928,86.1082998
55.3894489,86.2106174
55.3490373,86.1626755
55.3220322,86.1321798
55.3371972,86.1552456
55.3338477,86.1441578
55.3050905,86.1405262
55.3300815,86.1320373
55.3530923,86.0646337
55.3485137,86.1012464
55.3494218,86.196799
55.3468474,86.1873486
55.3466016,86.1886015
55.3592408,86.0690712
55.3566372,86.0055453
55.3544875,86.0058126
55.3556853,86.0073564
55.2609961,86.1664553
55.3499879,86.19877
55.3538303,86.1075002
55.3473169,86.187828
55.261587,86.1640788
55.421998,86.2319543
55.3892612,86.2124288
55.3892978,86.2072667
55.389212,86.1068427
55.3619959,86.0072434
55.3449291,86.1481183
55.344911,86.1315412
55.244902,86.1837888
55.5468067,86.1697046
55.385695,86.0894795
55.3147658,86.192671
55.3891914,86.1072712
55.3447154,86.1250675
55.3371163,86.1553246
55.3444699,86.0972736
55.3440082,86.1781265
55.3439334,86.1782018
55.3335485,86.1770165
55.3357604,86.1939435
55.3337835,86.1442152
55.476515,86.1248321
55.3545867,86.1070794
55.4842348,86.1315772
55.3564845,86.1553448
55.4715758,86.1209235
55.3362679,86.131885
55.3584935,86.1338435
55.3893422,86.2096996
55.344872,86.1268615
55.3449552,86.1361497
55.514452,85.8985602
55.5144059,85.909972
55.5171131,85.9127977
55.3357822,86.185826
55.3591436,86.0689818
55.344785,86.1315651
55.3359212,86.0845208
55.3491511,86.1627264
55.3493744,86.1625369
55.383658,86.0735842
55.2237821,86.0241346
55.2210832,86.0307856
55.6758207,86.1764424
55.8538208,85.9819589
55.6664336,86.1897088
55.7601817,86.1184174
55.8522612,85.9802976
55.6653688,86.1901122
56.1276438,86.0476195
54.2388243,85.8114752
54.3747392,85.840309
54.374901,85.8393408
54.6083111,85.4377379
54.7118479,85.2136335
55.2914525,85.6808992
55.2903227,85.6811553
55.2909565,85.6830208
55.3250102,85.6235143
55.3280965,85.6023157
55.4720355,85.8303103
55.466577,85.8258328
55.7542589,84.7901548
55.6581128,84.7110536
55.65712,84.7155856
55.7171344,84.9393082
55.7236483,84.8655815
55.7165957,84.8822344
55.7140066,84.9144221
55.7510009,84.790654
55.7141849,84.9213815
55.7067023,84.9183813
55.7071833,84.9187755
55.716455,84.8840621
55.7037738,84.9064161
55.7208531,84.9320966
55.72488,84.9389948
55.7142468,84.9042433
55.7166062,84.8827497
55.7136891,84.9435933
55.7496575,84.7914362
55.7138867,84.9111239
55.7100338,84.9167754
55.7139284,84.9113035
55.751028,84.7920237
55.7080787,84.9025921
55.7102509,84.9280434
55.7099207,84.9148276
55.7080265,84.9025771
55.6559365,84.7211455
56.4999282,50.6107037
57.8280548,50.7447944
58.5500212,50.7353144
58.8454489,50.8527241
58.8162566,50.8434109
59.3349774,52.2286475
58.6688645,52.1764531
58.6647224,52.177042
57.6871308,51.8677361
58.7988267,52.405604
58.8209001,53.3131176
57.2562123,49.9065259
57.5292862,49.9745972
57.6350657,50.1550363
57.6240063,50.1728402
57.5089028,50.5141307
57.4065839,49.9897246
57.5541355,49.9968003
58.5436882,50.0445226
58.5352858,50.0222309
58.547421,50.0564487
58.4345633,50.254995
58.5025585,49.7169703
58.4877903,49.7329
58.4884123,49.7333107
58.5745719,49.6847429
58.5813009,49.6591269
58.5410137,50.0458894
58.5537536,50.0442467
58.5531503,50.045421
58.5815885,49.6604192
58.5205097,49.9796197
58.5234112,49.6817719
58.5017927,49.7196794
58.6149763,49.6668785
58.7238327,50.1560288
58.6146543,49.656609
58.6155492,49.7416015
58.6055086,49.6807194
58.5937176,49.6582443
58.6746247,49.6555252
58.7315661,50.1830959
58.6649499,49.7793597
58.6758566,49.6501447
58.6717041,49.6505664
58.6152182,49.7411036
58.6149316,49.7411947
58.6151422,49.7415789
57.497712,48.8625332
57.6059858,48.9195169
57.9900357,49.1240856
58.5795573,49.6528425
58.57865,49.6495406
58.5192035,49.5818722
58.5110621,49.5916602
58.5089458,49.5809529
58.5129106,49.5869349
58.5719507,49.6095717
58.5788575,49.6502724
58.581248,49.6588586
58.2003803,49.2955443
58.499269,49.6270083
58.5038981,49.6279439
58.5804521,49.6559673
58.390261,49.1063259
58.4617475,49.2637629
58.4616242,49.2638975
58.5825311,49.6097642
58.5580443,49.6198745
58.5810624,49.6581773
58.5169156,49.4532301
58.5669496,49.6513176
58.5820015,49.6097532
58.5521975,48.8996256
58.5135818,49.5817379
58.5752805,49.6311748
58.5733399,49.6312101
58.5742679,49.6308265
58.5134692,49.5813564
58.5491314,49.6035246
58.5133316,49.5818931
58.5787091,49.6495551
58.6154128,49.5987605
58.6051263,49.6570597
58.5969835,49.6010664
58.6021549,49.590531
58.5924633,49.6136292
58.6024987,49.6034879
58.6368023,49.6117741
58.5969441,49.5905665
58.6029357,49.6322156
58.6051322,49.6576177
58.6100101,49.420384
58.6744722,49.6542215
58.6019664,49.6304189
58.6245133,49.6466796
58.624691,49.6468452
58.5903412,49.6058641
58.6158775,49.5987883
58.6028592,49.6307959
58.7711704,49.4782057
58.7714856,49.4781429
58.5970149,49.6134492
58.6024149,49.603494
58.6025854,49.6135508
58.6152226,49.5985176
58.6028733,49.6317753
58.6025514,49.6115406
59.0250677,49.2223944
59.5074802,48.8228985
57.6783472,48.3018725
57.9182833,48.3885961
58.3191294,48.3977935
58.3063174,48.3189412
58.3223392,48.2701754
59.7722436,47.9677814
59.8609849,48.2848054
57.297157,47.8244223
57.302021,47.8590693
57.2972096,47.8261563
60.6349818,47.2469468
60.635069,47.2467272
58.3331883,46.4302468
57.4652339,40.5735036
57.4488933,40.568826
57.7716206,40.9505209
57.7288004,40.8997098
57.7385532,40.9142155
57.7555978,40.9818117
57.7578057,40.974418
57.7724651,40.980617
57.7613867,40.9788958
57.775727,40.9438063
57.7542263,40.949503
57.7460707,40.9608888
57.7572684,40.9441334
57.7459577,40.9883764
57.7842038,40.9602333
57.7707405,40.933198
57.7724438,40.9366263
57.770709,40.945064
57.7279581,40.8978477
57.727689,40.8968888
57.7464294,40.9294976
57.7403465,40.9163177
57.7827364,41.0050219
57.7562233,40.9821207
57.7432558,40.9950956
57.7371692,41.0172564
57.741171,40.854687
57.7295251,40.8799178
57.7292857,40.8788631
57.740779,41.0014264
57.7575903,40.9455383
57.7575839,40.9462035
57.7396645,40.9153707
57.7266997,40.8951085
57.7270175,40.8819416
57.7542043,40.9872467
57.7554117,40.9818338
57.7590819,40.9788229
57.7589033,40.9778662
57.7612191,40.9519191
57.7571851,40.9741961
57.7233119,41.0506647
57.7441901,40.99295
57.7458014,40.9610715
57.7411868,40.8553719
57.8053564,41.0051968
58.4811741,41.5325742
58.4783063,41.4392941
58.4811627,41.533934
58.4811282,41.5318521
58.1536978,41.6131165
58.1545941,41.6139063
57.8893806,41.7202614
57.8906895,41.7215224
57.8788666,41.6854286
57.826696,41.505685
57.8904441,41.7200555
57.8152743,41.3691905
57.5248136,41.2299942
59.0695935,42.2789665
58.7399682,42.687111
58.7554133,42.6797514
58.4173115,42.984508
58.3626512,42.3262024
58.3462825,42.3475092
57.8194897,42.4739238
58.7510803,42.7064449
58.7537799,42.6880957
58.7373356,42.6899918
58.2441825,42.9293652
57.7987684,43.2029471
57.7814793,43.1891228
57.7814589,43.1901574
58.3073655,43.8228545
57.8868409,43.7923621
57.8465334,43.6379639
58.2975336,44.731517
58.2994917,44.7316338
58.378654,44.838956
58.2998087,44.732475
58.9119301,45.701274
58.887245,45.7188314
58.9115104,45.7011161
58.7203419,45.475977
58.3765115,45.7162504
58.416646,45.5213464
58.3756576,45.5953952
58.3198175,45.4878659
58.3671982,45.5114102
58.36702,45.5117974
58.3670736,45.511797
58.3053857,45.3872194
58.3841784,45.7603606
58.3753932,45.5847647
58.3753723,45.5809587
58.3748587,45.5835291
58.3772875,45.5840819
58.3735583,45.583386
58.324511,45.5036701
43.5354882,39.8116005
43.6000767,39.7539936
43.6174221,39.7243692
43.4261038,39.9286477
43.5746215,39.7320799
43.6281029,39.7160648
43.5827071,39.7201244
43.594018,39.7186023
43.5920959,39.7272949
43.5833314,39.7179215
43.5944165,39.7201803
43.5942534,39.7219617
43.5934421,39.7214794
43.6006231,39.731223
43.5946395,39.7226063
43.5831395,39.7209889
43.582355,39.7226308
43.5452244,39.7892487
43.5948229,39.7210429
43.5751078,39.7768055
43.4024547,40.0016683
43.59918,39.760287
43.4236137,39.9399977
43.4251004,39.9280998
43.5747928,39.7318533
43.5456026,39.7884953
43.6316379,39.7480739
43.632546,39.7481203
43.5723262,39.7780827
43.5787438,39.7746908
43.6396975,39.7005437
43.4501372,39.9054485
43.4223866,39.9382659
43.6004763,39.7592595
43.595114,39.7315808
43.5676842,39.7425866
43.5185194,39.8544209
43.508262,39.8707321
43.519235,39.8520641
43.6390641,39.7000941
43.6315687,39.7490633
43.5184881,39.8541611
43.6443624,39.6957277
43.5802687,39.7501119
43.4503108,39.9055552
43.4491795,39.9055717
43.4169088,39.9666546
43.4130018,39.9744562
43.4005485,39.9962752
43.6090493,39.7286266
43.4195677,39.9416846
43.4683919,39.9763159
43.4691509,39.9768062
43.5660742,39.7452301
43.5878569,39.7268427
43.4439658,39.9093783
43.437868,39.9111702
43.4171246,39.9700051
43.6100915,39.7296601
43.4394332,39.918457
43.4397702,39.918586
43.440429,39.920074
43.4416292,39.9224363
43.5708629,39.7830666
43.5647954,39.7553838
43.422938,39.9409098
43.422911,39.9412832
43.4264306,39.9385711
43.4272491,39.9373014
43.4386352,39.9112636
43.5654745,39.7497723
43.6395077,39.7032249
43.6065204,39.7356239
43.6067735,39.7360764
43.6071457,39.7352878
43.6074385,39.7355304
43.6093235,39.73693
43.5815414,39.7540076
43.4252744,39.9275562
43.4384546,39.9116755
43.4386614,39.9115915
43.4405654,39.9214011
43.6067255,39.735612
43.611095,39.7285586
43.6249982,39.7168373
43.6283927,39.7167626
43.4108787,39.9488479
43.4113389,39.9496357
43.4000999,40.000239
43.4011938,40.0000291
43.4454724,39.9273182
43.5741944,39.7617103
43.5780494,39.7489739
43.5805931,39.7507129
43.5838721,39.7535607
43.5997477,39.7303332
43.6392419,39.70314
43.6100943,39.7264518
43.631473,39.7485673
43.6332004,39.7495135
43.4253456,39.9279478
43.4695404,39.8998628
43.6259163,39.718425
43.6391723,39.7009554
43.6102918,39.7300368
43.5652855,39.7492098
43.4478123,39.9059453
43.4000052,40.0004823
43.4001498,39.9984941
43.4011815,39.9951957
43.410944,39.966347
43.4140907,39.969315
43.4155555,39.9710782
43.4145368,39.9712608
43.592809,39.7306968
43.5971353,39.7306453
43.5975553,39.7311371
43.4024602,39.9699811
43.4066175,39.9736801
43.3949477,39.9895309
43.6398352,39.700474
43.6078694,39.7269962
43.6140177,39.7216484
43.5950528,39.7315916
43.587885,39.7267894
43.5883611,39.7265508
43.4508576,39.9500119
43.4355814,39.9275624
43.4365717,39.9248148
43.445659,39.9271504
43.4261221,39.9249217
43.439265,39.910815
43.4252482,39.9276334
43.582638,39.7498835
43.4262338,39.924582
43.4021955,40.0015879
43.436875,39.9252311
43.595065,39.7315681
43.5946573,39.7209626
43.6089002,39.7366691
43.4114694,39.9664335
43.6461625,39.692479
43.6622166,39.6705347
43.6622512,39.6709154
44.4657646,39.7291623
44.4268983,39.5310111
44.4265266,39.5313813
44.4654504,39.7281718
44.4389098,39.7777905
44.4655589,39.7260932
44.4654859,39.7268862
44.4267304,39.5307269
44.4653557,39.7265786
44.4654881,39.7266155
44.4360685,39.5267335
44.5949087,39.7039524
44.7391107,39.8618372
44.8293262,39.8435646
44.7737738,39.9073774
44.5944566,39.7037925
44.7657416,39.8718008
44.7655958,39.872371
44.747922,39.8754696
44.748753,39.8760505
44.5947312,39.7038828
44.7385914,39.8605639
44.7739578,39.9072824
44.7523073,39.9214794
44.7520911,39.9211257
44.7683676,39.9112239
45.2445185,39.6939461
44.9419023,39.601014
45.2233663,39.6376879
45.2240034,39.6389656
45.2231221,39.6385863
45.2247275,39.6389395
45.2180283,39.647269
45.2175358,39.6533567
45.2123235,39.681226
45.243903,39.69454
45.243115,39.693303
45.243815,39.6948163
45.2435408,39.6962709
45.3566235,39.7829943
45.3052367,39.9034119
45.3043555,39.9357853
45.3163607,39.9257729
45.2338562,39.9554144
45.304297,39.9356575
45.1396938,39.7829019
44.9535911,39.6331042
44.9318211,39.5832971
44.9481295,39.7460636
44.9603812,39.7277087
45.1387187,39.7873208
44.9416799,39.6005434
44.9383888,39.7678394
45.3161221,39.9261265
45.218758,39.5860277
45.6151236,39.6963528
45.4302131,39.5132773
45.4562849,39.4626043
45.4312178,39.5116688
45.5887547,39.6494512
45.5881246,39.6479783
45.3672624,39.6971309
45.5819323,39.5954302
45.5816119,39.5920467
45.6151566,39.6342687
45.6105325,39.6907571
45.6150285,39.6318732
45.6160825,39.6338243
45.6167977,39.7012234
45.5850851,39.704493
45.5857438,39.7058667
45.6174912,39.7031578
45.5853095,39.7042308
45.6834835,39.6103257
45.7002983,39.6152752
45.7087047,39.6181605
45.6156889,39.6966277
45.5909809,39.6683221
45.6850185,39.605691
45.6154487,39.6353657
45.5919557,39.6701387
45.5884853,39.6494678
45.5918436,39.6694946
45.7001704,39.6156678
45.5945891,39.6774639
45.5916463,39.6673952
45.6182887,39.6939683
45.5832987,39.58296
45.689057,39.6082286
45.5850946,39.519544
45.5841324,39.5129378
45.5878647,39.5168351
45.5944536,39.6771198
45.630889,39.5601334
45.6307315,39.5590136
45.4305524,39.5118055
45.7059977,39.6169161
46.1144185,39.8738826
46.0782783,39.7812217
46.1279506,39.7684006
46.12843,39.768939
46.127615,39.7676406
46.1283827,39.769036
46.1223141,39.8664371
45.8549308,39.6857581
45.8643278,40.0184528
45.8639326,40.0446832
45.8657015,40.0488027
45.9999063,40.0214322
45.8499625,39.6833451
46.0815556,39.784876
45.8624627,40.0489463
46.1264809,39.8625532
45.8628517,40.0436358
46.0120528,40.0101408
46.0007098,40.0210617
45.8539117,39.6866216
45.853253,39.6849382
46.1223985,39.8581227
46.5396263,39.6169847
46.5603594,39.6765045
46.4414342,39.7165743
46.5796157,39.6700771
46.5800604,39.6697446
46.4419048,39.7153183
46.445696,39.7160152
46.5382883,39.6086148
46.4428283,39.7169924
46.4417951,39.7171808
46.3015064,39.8183935
46.2994573,39.8118088
46.405724,39.7244232
46.3153206,39.9536023
46.50547,39.6954082
46.5071982,39.6943425
46.5576279,39.6776156
46.5659337,39.6749253
46.5772837,39.6706633
46.3296167,39.7902159
46.3293259,39.7904711
46.5584247,39.677202
46.5597263,39.6717692
46.2698089,39.4361075
46.2998285,39.8129876
46.758019,39.660793
46.7581133,39.6607873
46.7583572,39.6611128
46.7586573,39.6608973
46.7604283,39.6614708
46.6898025,39.6518617
46.6897487,39.6522538
45.8705289,40.1309664
45.869517,40.1467738
45.8410224,40.1458213
45.8451985,40.1152661
45.8483139,40.0948001
45.8610625,40.0864698
45.8613709,40.0860862
45.8616588,40.086334
45.8411099,40.144287
45.8414584,40.1445647
45.8416359,40.1438824
45.8853613,40.1315841
45.8878482,40.1313067
45.8914513,40.1258221
45.8375131,40.1782441
45.8706408,40.3843451
45.8704098,40.3827589
45.8734655,40.1429714
45.9322924,40.0867101
45.9194412,40.0990737
45.9087817,40.1092444
45.8607422,40.1550927
45.8654019,40.1058605
45.8568354,40.1583863
45.8567865,40.1589184
45.8704764,40.1457505
45.4474046,40.4369938
45.3675186,40.1662271
45.3643979,40.2012253
45.4569043,40.5183778
45.4572425,40.5182475
45.4302681,40.5370346
45.4069878,40.4424974
45.4371822,40.5334281
45.4295108,40.5568908
45.43822,40.5655603
45.4271264,40.5607863
45.3784125,40.5570616
45.3926323,40.1572589
45.6994886,40.2972344
45.4678965,40.6414445
45.3610689,40.1670695
45.3907997,40.1547378
45.3906218,40.1561104
45.3931949,40.1573526
45.4303964,40.537375
45.3259276,40.1943134
45.3892034,40.6267525
45.3800187,40.556045
45.4339809,40.5839814
45.3893554,40.6263154
45.4422466,40.5308135
45.455214,40.5239935
45.4571933,40.5230726
45.4624804,40.520334
45.4492739,40.5270633
45.430252,40.5366005
45.430181,40.5363301
45.4575314,40.523661
45.3612047,40.1679201
45.4303137,40.5372771
45.4589944,40.5220708
45.3809553,40.5538731
45.3656174,40.1255846
44.9118006,40.5965921
44.9114476,40.5969744
44.9656224,40.5939933
45.1372088,40.14643
45.1379664,40.1471124
45.2699349,40.689338
44.9142229,40.5939809
44.9138246,40.593234
44.9142709,40.5944848
45.2686233,40.6887432
43.6756132,40.2850883
43.6792566,40.275136
43.4386167,40.0213985
45.9455607,40.7105371
45.9255597,40.712448
45.9550124,40.7045904
45.9531375,40.6713889
45.9540955,40.6739954
45.9536514,40.6747249
45.9542509,40.6744505
45.9547543,40.7043985
46.0617867,40.8380929
45.4475825,40.6818964
45.3740528,40.7442376
45.4364619,40.643302
45.3403428,40.6925874
45.3736253,40.6868859
45.3906812,40.7486587
45.4531144,40.8312709
45.3702135,40.6811787
45.3697639,40.6808249
45.3397749,40.6917806
45.3399838,40.7199991
45.3040029,40.6532499
45.3411213,40.6920857
45.4576004,40.6797496
45.3236083,40.6281894
45.3227836,40.6288196
45.3736135,40.7453327
45.3740298,40.7456463
45.4246081,40.6990948
44.9711769,41.0530819
45.0792395,41.0713414
45.1171602,41.0209358
45.1028691,40.9950832
44.9844387,41.0929742
44.9966292,41.11239
45.2266964,40.8046521
44.9786564,41.0749285
45.0027701,41.102332
44.9949326,41.136952
44.9759999,41.12309
44.9984992,41.1147793
44.9713245,41.1447862
44.9866182,41.0592234
44.995692,41.0863468
44.9810297,41.1137437
44.9969547,41.1290528
44.9814623,41.1129078
44.9775038,41.133245
44.9750812,41.1671623
45.0038911,41.1268865
45.0052968,41.1226628
45.01655,41.1530319
44.9934267,41.1465136
45.0005524,41.1293055
44.9994112,41.0923495
44.9956144,41.069358
45.2850785,40.6902026
45.1086079,41.0076004
45.111023,41.0127366
45.1117888,41.0125468
45.0777051,41.1187832
45.077896,41.1196623
45.1160134,40.9875037
45.106933,41.0026324
45.1200552,41.0115264
45.1190749,41.0217244
45.0938094,41.0558539
44.9667692,41.0578738
44.9674389,41.0576849
44.967685,41.05884
45.1056267,41.0444399
45.0568717,40.9824324
45.0603953,40.9878927
45.279969,40.6907286
45.1039155,40.7406568
44.7160641,41.2226474
44.9987208,41.1336376
45.023488,41.0927561
44.9943611,41.0618899
44.9992859,41.113779
45.0019452,41.066194
44.9972633,41.0523014
45.0002696,41.0612707
44.9723293,41.1551774
44.9480127,41.0898209
45.2797857,40.6897707
45.1246013,40.9776272
45.228872,40.8076806
45.1889458,40.8564582
45.0575226,40.98557
45.0234991,41.0136809
44.9994772,41.0309904
44.96255,41.0651365
45.0926401,40.9541112
45.1221754,40.9276226
45.1231678,40.9267135
45.1025496,40.9928769
45.1023119,40.9942219
45.0147823,41.0858863
44.9841125,41.0913045
45.0231761,41.0934153
45.1110585,41.0125586
45.1237841,40.9990301
45.1182471,41.0216529
45.0599746,40.9879421
44.9637644,41.0628661
45.0003029,41.1155797
44.9247516,41.1307017
44.9998197,41.1165398
45.0843737,40.9615959
45.000313,41.1156073
44.9986885,41.0310425
45.026059,41.012026
45.0423872,40.9991753
45.0586082,40.9846093
44.6677271,40.7670898
44.6671651,40.7651949
44.6795292,40.6887111
44.6781429,40.6896357
44.6076796,40.7536551
44.6665838,40.7648027
44.6670421,40.7665918
44.6682601,40.7674714
44.6786952,40.6892094
44.3975103,40.8113959
44.3975103,40.8119077
44.0374345,40.8914252
44.8514585,41.3559056
44.8334015,41.3998349
44.8330297,41.3963495
44.8261922,41.395494
44.4046334,41.5085082
43.9997322,39.2138969
43.8284702,39.4293433
43.999814,39.215361
43.8280042,39.4290477
44.1041352,39.0867423
44.1041748,39.0862674
44.1056027,39.0868821
44.1141564,39.0577479
44.1057545,39.0870166
44.5984167,39.0513681
44.6445197,39.1290332
44.6811358,39.1811956
44.6421607,39.1179877
44.7653809,39.2307669
44.7681953,39.2301079
44.6004202,39.0232556
44.601213,39.0258319
44.6776654,39.18069
44.6811115,39.1815894
44.6767233,39.1791311
44.6806733,39.1815511
44.5983238,39.0490205
44.6007778,39.0244668
44.8893052,38.8522478
45.2504902,38.9945856
45.0073195,39.1160441
45.0082557,39.1213159
45.0082462,39.1217741
45.0062067,39.1149899
45.0127334,39.0671802
45.0141345,39.0624858
45.0145164,39.0616581
45.0210392,39.0503325
45.0343733,39.017386
45.0226149,38.9969728
45.0589797,38.9818617
45.03443,39.0196962
45.0541807,38.9803305
44.9969572,38.9597744
44.9968592,38.9596702
45.0472316,38.9311231
45.0392485,38.9368228
45.0343039,38.921559
45.0396372,38.9362903
45.0288072,38.9593407
45.0266469,38.9055409
45.0366045,38.9547887
45.0396687,38.9555678
45.0383884,38.9144536
45.0271188,39.0275004
45.0132316,38.962215
45.0119471,38.9599303
44.9987723,38.9617774
45.0118785,38.9732763
44.9987792,38.9615951
45.0435358,39.1225214
45.0385606,39.1283312
45.0442105,39.1285113
45.0348916,39.0582329
45.030483,39.0282019
45.0222755,39.0501098
45.0161693,39.0944297
45.0295692,39.1245749
45.0158211,39.0939843
45.0188916,38.9807325
45.0690359,38.9726447
45.0399985,38.9945241
45.041175,38.9828041
45.0202118,38.9995367
45.0559842,39.0170081
45.0708399,38.9697603
45.0716127,38.9729248
45.0476156,38.9695701
45.0238522,38.9701706
45.024058,38.9894666
45.0345374,39.0120487
45.0353419,39.0278076
45.0356022,39.0284823
45.0399608,38.9947761
45.0429221,38.9809981
45.020526,39.0236574
45.0075839,38.9681206
45.0148795,38.9781427
45.0134417,38.9756685
45.0385196,39.0038558
45.0511382,38.9590942
45.0426516,39.0041631
45.0554503,39.0174958
45.0402048,38.955648
45.0422461,38.9619812
45.0045975,39.1072378
45.0332184,39.0264357
45.0322264,39.026697
45.0491119,38.9692277
45.1232323,39.1108853
45.1251051,39.007727
45.0434899,38.9345314
45.023461,39.2094401
45.1092076,38.9348541
45.1273409,39.012226
45.0307933,39.0852835
45.0208568,39.0099301
45.0385636,38.9756972
45.0227563,38.9766389
45.037911,38.9549806
45.0564058,38.8969861
45.2513187,38.9942081
45.2521149,38.9943258
45.2522113,38.9952355
45.1075646,38.9398187
45.0781834,38.8949717
45.0850617,39.0201327
45.1272162,38.9974989
45.1285269,38.9979913
45.1203434,39.1121253
45.0648758,38.9621083
45.0199571,38.9997342
45.0458187,38.977645
45.1358679,39.4154711
45.1354547,39.4158389
45.1341358,39.4129096
45.141883,39.2874951
45.231847,39.2120498
45.2908725,39.2937745
45.0592659,38.9848448
45.023899,38.9890402
45.2021679,38.9989275
45.0589196,38.9848735
45.0327085,39.0266547
45.0948274,39.1382626
45.0647877,38.9623288
45.1154876,39.1164533
45.0618971,38.9613277
45.0430784,38.9365896
45.0542505,38.9333202
45.0646253,38.9618491
45.0647788,38.9620045
45.0351254,39.0176117
45.0212747,39.0496587
45.0589952,38.983273
45.0550891,39.0039044
45.1661504,38.9994103
45.1876138,38.9992631
45.1881127,38.9992619
45.0432294,38.9366387
45.1260291,39.0069329
45.105177,38.9942633
45.0590654,38.9836759
45.0428914,38.9365013
45.03882,38.9141964
45.0553688,39.0064366
45.1122905,38.9239215
45.0676141,38.965635
45.0531824,38.9761038
45.0150875,39.0897431
45.094565,39.0136321
45.0146368,38.9786174
45.0960328,38.992033
45.0137728,39.0831381
45.0581373,38.9609282
45.059791,38.9609377
45.1031966,38.9822129
45.032785,39.0976959
45.0296805,38.9097525
45.1353754,39.4143685
45.1444148,38.9991631
45.0944944,39.1354876
45.0947579,39.1350067
45.1105711,39.1201893
45.0621761,38.9195406
45.0387201,39.1070456
45.0326365,39.1345583
45.1262895,39.0111606
45.2515878,38.9949334
45.056519,38.8886508
45.0554994,39.0128301
45.0556425,39.012402
45.037577,38.9815476
45.1167834,38.9855525
45.1032309,38.9909369
45.1044389,38.9828931
45.1047534,38.9833757
45.1080101,38.9837567
45.1434219,38.9995593
45.0548,38.933524
45.0154958,39.0910638
45.0564034,38.8894951
45.0568992,38.8895827
45.062571,38.918891
45.0425973,39.0271417
45.1273048,39.0119386
45.0775852,38.8944202
45.0208927,39.0499118
44.9991353,38.961498
45.0351551,39.0591902
45.0152594,38.978769
45.0199017,38.9994963
45.0401969,38.9756831
45.0432424,38.956532
45.0363426,39.0001874
45.0391704,38.9821069
45.0290284,39.1226923
45.248532,39.1999054
45.2531819,39.1988969
45.2578121,39.1963044
45.1214497,39.1110564
45.0701722,38.9729867
45.2509727,39.1980021
45.0330281,39.1370315
45.0273183,39.0282479
45.0239311,39.0572384
45.0333044,39.054468
45.0435791,39.0270528
45.0433588,39.0268095
45.1167426,39.1152612
45.028749,39.0157704
45.0554961,39.0170343
45.0724403,38.9868954
45.1259284,39.0091778
45.0669661,38.9858455
45.0098469,39.1265987
45.0349548,39.0174098
45.0197318,38.9986159
45.1078732,38.9945866
45.3087419,39.2371519
45.2560278,39.201702
45.2491625,39.1971409
45.0123597,39.0664043
45.0332571,39.0547956
45.2342902,39.187125
45.2481415,39.200582
44.9992668,38.9618828
45.2965308,39.2289522
45.0346216,39.1020065
45.0724432,38.9868004
45.033978,39.0564378
45.1839989,39.1173225
45.0460043,39.0267479
45.0207951,38.9691861
45.0360343,39.0696885
45.2513227,39.1986064
45.3065152,39.2357336
45.3060182,39.2385443
45.2973717,39.2296657
45.0432599,38.9567107
45.0942892,39.0136635
45.084813,39.0146021
45.0603481,38.9859354
45.109272,38.934896
45.0388625,39.027131
45.0425539,39.0042747
45.0426203,39.0038973
45.0459468,39.0265423
45.0128601,39.0557547
45.0557888,39.0256405
45.0345428,39.0175364
45.0434288,39.1131156
45.0433028,39.1132765
45.0690388,38.9731061
45.0349055,39.017379
45.0361232,39.0114727
45.0345526,39.0119501
45.0325111,39.025067
45.0230527,39.0561185
45.0592996,38.9860138
45.0133063,39.0555046
45.037017,39.0791445
45.0985548,38.9128534
45.0437538,39.1130436
45.0231153,39.0571556
45.0106711,39.1293545
45.2762863,39.2074889
45.096373,38.9923224
45.0401234,38.9946584
45.106313,38.9494949
45.046171,39.0265198
45.0143065,39.0627453
45.0951051,39.1376104
45.1065752,38.9191836
45.0357961,39.0674734
45.2708921,39.0046666
45.0391652,38.9821401
45.2718892,39.0051699
45.1801053,39.1115038
45.0237743,39.20902
45.2832693,39.2200782
45.2737614,39.0058514
45.2729001,39.0055624
45.2864409,39.011168
45.0851046,39.0201292
45.0539066,38.9802521
45.035345,39.0630154
45.0358396,39.0678753
45.03661,39.0750805
45.2390724,39.2087504
45.4823549,39.4110994
45.4837528,39.4081278
45.6084067,38.9676717
45.6062675,38.9614369
45.6275606,38.9404471
45.6117082,38.9333623
45.606032,38.9485071
45.63942,38.9702131
45.6379556,38.9712627
45.6412482,38.9700446
45.6256976,38.9849277
45.6275649,38.9850765
45.6096864,38.986305
45.6009721,38.9575906
45.6092652,38.9860556
45.6095466,38.9871365
45.5997729,38.9322437
45.6001632,38.9505678
45.6336743,38.9215471
45.6079292,38.9632155
45.4488879,39.4443089
45.4624704,39.4480573
45.4569374,39.1815814
45.4022738,39.4002866
45.6002616,38.9506937
45.5970651,38.9386384
45.6081553,38.9632734
45.6082916,38.9635192
45.4723363,39.3975005
45.5249747,38.9308471
45.5216554,38.9424844
45.5210763,38.9409428
45.5218235,38.9431946
45.5149654,39.009019
45.5999019,38.9556859
45.5860874,39.1416431
45.6079149,39.0083146
45.5858884,39.1411308
45.5373252,39.2211438
45.6274981,38.9412656
45.6269931,38.9408751
45.6382727,38.9688038
45.5059978,38.9423489
45.5212274,38.9418302
45.4588804,39.3869622
45.4113441,39.3387948
45.3866658,39.3137148
45.4838443,39.4086661
45.4630031,39.4481894
45.4659192,39.4259626
45.4849999,39.405236
45.3858916,39.3110934
45.3863652,39.3110875
45.3870799,39.3142875
45.3864593,39.3156906
45.4106716,39.3417453
45.4102083,39.3414307
45.4120489,39.3357429
45.4832421,39.4093281
45.3859066,39.3155985
45.4829254,39.4100798
45.6082403,38.9321248
45.599951,38.9359036
45.6508345,38.8976289
45.6507562,38.8961393
45.6530697,38.8941294
45.449653,39.4442049
45.4564132,38.9880239
45.4503206,38.991471
45.3803808,39.0254227
45.6338988,38.9212214
45.5971442,38.9393443
45.4992766,38.9479443
45.4990608,38.9476296
45.5165926,38.9409668
45.6278629,38.9316418
45.8661113,39.0207254
46.0554529,38.9996156
46.0571708,38.9996913
46.0546923,38.9622341
46.1221224,38.9885092
46.1227425,38.9868229
46.1230415,38.9890286
46.1238766,38.9866506
46.2884476,39.3243507
45.9858229,39.2557506
45.7745607,39.0082353
45.7750619,39.0109087
45.7750492,39.0104737
45.7746315,39.0081992
45.7939425,39.0529077
46.5253583,39.0105973
46.5231845,39.0171251
46.3108489,39.3689166
46.5026696,39.0633857
46.5163493,39.1035245
46.3125121,39.3701061
46.5428202,39.0198097
46.5063015,39.0652223
46.3130246,39.3708219
46.4921555,39.0596513
46.50271,39.0394533
46.493004,39.0600591
46.5254921,39.0093055
46.5284123,39.0567073
46.4928324,39.0594121
46.5290198,39.0553794
46.5292778,39.0563379
46.5030967,39.0388565
46.503254,39.0395378
46.313465,39.3699148
46.2898719,39.322118
46.5427774,39.0202093
46.2903072,39.3232456
46.5023856,39.0636165
46.5431157,39.0200118
46.5256708,39.0099039
46.4315239,39.2139208
46.2719569,39.431917
46.1764434,39.0824063
44.3549356,38.7052114
44.3625692,38.7219092
44.3653912,38.7020477
44.34046,38.7031392
44.8365039,38.3016604
44.8895536,38.8521106
44.8452743,38.5721685
44.832572,38.6653018
44.8323511,38.6641921
44.8438124,38.3924714
44.8530196,38.3687344
44.7965844,38.8129759
45.0505854,38.8284346
45.1228699,38.6286946
45.1026307,38.4876268
45.0019193,38.6050436
45.2860821,38.3942055
45.2857826,38.4113518
45.0584919,38.7708746
45.1026239,38.6768004
45.0512163,38.8204863
45.0512034,38.8205371
45.1827647,38.5632858
45.0512823,38.8208844
45.1258418,38.6253372
45.0534075,38.8106212
45.2061833,38.2857151
45.1616697,38.5450451
45.1241254,38.6213973
45.125191,38.6185844
45.1628464,38.5446115
45.0847492,38.6873458
45.1319792,38.7468528
45.1332032,38.7484555
45.1329284,38.7483809
45.2064451,38.2953983
45.0917287,38.6801049
45.0852966,38.6863606
45.1001073,38.6775574
45.1003145,38.6770723
45.2074753,38.2986229
45.1231934,38.626431
45.4841258,38.6963532
45.458596,38.6977502
45.4552649,38.7032569
45.6727042,38.8207539
45.5829467,38.495415
45.3714638,38.4660864
45.3723269,38.4673323
45.3731177,38.4670006
45.4577315,38.6982632
45.4556579,38.7024541
45.463908,38.6972725
45.4638817,38.6972086
45.7845303,38.6917968
45.9318845,38.5261594
45.7539756,38.7657555
46.6107459,38.6556864
46.6719676,38.3006932
46.66597,38.2680719
46.7007572,38.2894511
46.6104687,38.6556819
46.6722267,38.3000752
46.6927363,38.2789
46.6968095,38.2846528
46.6653332,38.2690738
46.6869816,38.2901644
46.6650872,38.270271
46.688811,38.2740913
46.6105943,38.6574443
46.6925873,38.2791386
46.6906076,38.2764863
46.6887644,38.2739348
44.5940112,38.046283
44.5953273,38.0444333
44.5426941,38.1548063
44.6445277,37.9670502
44.7262983,37.7646486
44.8701996,38.1286017
44.7259853,37.7640701
44.7370342,37.7828175
44.9030265,37.9805209
44.9015701,37.9814897
44.8485221,38.1422053
44.8598255,38.1899169
44.5574388,38.0786085
44.5745625,38.0914801
44.5779518,38.0879714
44.5762297,38.0919355
44.859485,38.1906089
44.8716965,38.1256635
44.8625765,38.1636816
44.8591459,38.1958121
44.8993328,38.0405035
44.555365,38.1235294
44.5945708,38.0506759
44.848384,38.1437372
44.895098,38.0584947
44.6653816,37.915356
44.6662906,37.9144404
44.7451607,37.7641162
44.8619841,38.1315616
44.7640995,37.7360622
44.8592664,38.1908986
44.6822571,37.8819114
44.6821489,37.8822265
44.6545598,37.9484231
44.8582246,38.1907028
44.8692266,38.1296443
44.729818,37.8134496
44.7454193,37.7623871
44.7437536,37.7257842
44.594634,38.0510737
44.5558488,38.1238554
44.5556945,38.123831
44.5444633,38.1484661
44.598666,38.0403942
44.6184043,38.0215572
44.6465845,37.9617739
44.7443416,37.7260153
44.7437959,37.7263317
44.7439253,37.725416
45.2704624,38.1762551
45.2828295,38.2408793
45.248624,38.0839416
45.2474891,38.0816325
44.9059541,37.9886262
44.9289906,37.9932534
44.9394909,38.0091338
44.9406964,37.9974711
44.9202078,37.9900615
44.9438289,38.009008
44.9456808,37.9918232
44.9465772,37.9824577
44.9542749,37.9744803
44.9550735,37.9761854
44.954098,37.975506
44.9454654,37.9978109
44.9307001,37.9850484
44.9299389,37.9652302
44.9140108,38.0036966
44.9283413,37.9849766
44.9535471,37.9756878
44.9545806,37.9750777
45.1448812,38.0963648
44.9995498,37.9381926
45.2825421,38.2427026
45.2131749,37.8546049
45.214395,37.8544154
45.2330555,37.9802806
45.2283283,37.9463218
45.2278213,37.9508442
45.220785,37.858897
45.212503,38.1068268
45.0633743,38.1852277
45.0279286,37.9323891
45.0456007,38.0244144
45.0183593,37.9196823
45.2290391,38.1098732
45.22869,38.1103507
45.2823577,38.2488874
45.217217,38.1636518
45.2211528,38.1087341
45.2061563,38.1053625
45.2195676,37.8580152
44.9297326,37.9896628
44.9466104,37.9824372
45.2297081,37.9613678
45.2325267,37.9774865
45.2828159,38.2440898
45.2823273,38.2488152
44.9058883,37.9755974
45.0767929,37.8686184
45.2124559,38.1076176
45.2123086,38.1066813
44.928342,37.9775034
45.1978463,38.2127364
45.2029835,38.2230027
45.0339102,37.8794592
45.1454229,38.0966338
45.1853957,38.1004634
45.185932,38.0970142
45.1838817,38.1000973
45.1830463,38.1844708
45.18497,38.0994111
45.1866024,38.0950519
45.1828997,38.1057994
45.1804849,38.0994015
45.1816507,38.0997432
45.1882237,37.8845879
45.3723125,38.2468573
46.0489329,38.1863418
46.6811148,38.257911
46.6814515,38.2575539
44.8285538,37.6496535
44.8218367,37.6429257
44.8066218,37.647406
44.8412557,37.6695019
44.8076408,37.6478728
44.8453978,37.6526493
44.7606668,37.385632
44.8452524,37.6523947
44.8409458,37.6690701
44.8827481,37.3383981
44.7953697,37.6667304
44.8233584,37.6439426
44.858083,37.6352679
45.0061013,37.3210254
45.2965344,37.3454101
45.2602815,37.349036
44.9255672,37.3266905
45.1669071,37.6605525
45.0564304,37.1206078
45.1271574,37.3254723
45.2162945,37.6046832
45.0632411,37.5519344
44.9013882,37.3362057
44.928745,37.3398701
44.9293052,37.3410858
45.2974087,37.3431075
45.2133547,37.2897718
45.2662878,37.4163514
45.2659075,37.4168831
45.0485932,37.327505
44.9253994,37.3255483
45.2585836,37.3499112
45.1277048,37.3250674
44.9291804,37.3406919
44.9119367,37.4085136
44.9124566,37.4087898
45.216543,37.5992823
45.2337245,37.5298318
45.2339427,37.532232
44.9248103,37.3247686
45.1142925,37.6193801
45.1139397,37.6179232
45.1261254,37.6191872
45.1274545,37.6081431
44.9249112,37.3256335
45.0255544,37.503141
45.1832616,37.2970205
44.9883582,37.5029911
44.9251174,37.3257877
45.2661793,37.4189637
44.9008731,37.3379691
45.2169428,37.6009918
44.9853417,37.2603264
44.8990316,37.3436161
44.8993469,37.3493548
44.8999708,37.341442
44.9013478,37.3364527
44.9591949,37.306699
45.194651,37.6744613
45.0493218,37.3276978
45.0046734,37.3387237
45.1373672,37.3169022
45.0486459,37.3270744
45.1598854,37.6574049
45.1354839,37.3207921
45.0050788,37.3394119
45.1672817,37.6605162
45.1411362,37.3158707
45.1987593,37.6612812
44.9076324,37.3311576
44.9215507,37.38637
44.9505034,37.3674069
44.921576,37.3879484
44.9510643,37.3657987
44.9853662,37.2599457
44.9617825,37.3101449
44.9838993,37.3220338
45.1909159,37.1732354
45.2105364,37.1211275
45.1476728,37.3100478
45.1913114,37.1707565
44.9197982,37.3879643
45.1783514,37.2806727
45.174342,37.2815095
45.1786747,37.2897585
44.952588,37.3691354
44.9504053,37.3660881
45.0024716,37.3163664
44.9994933,37.321293
45.2099044,37.1131795
45.1707171,37.281601
45.1702802,37.6579779
45.1699015,37.6580639
45.1728744,37.656897
45.006281,37.3293521
45.1688596,37.653246
45.1637177,37.2915554
45.2078368,37.1220631
45.1672722,37.6604448
45.172913,37.6567534
45.315187,37.3012514
45.3255538,37.2547945
45.325629,37.2546161
45.3014827,37.0078033
45.2279492,37.0000937
45.3581354,36.9915156
45.2434793,37.0701412
45.2497063,37.0618542
45.2278758,36.9998277
45.2266051,36.9981085
45.2252653,36.9999033
45.1936805,36.7406576
45.2007466,36.6268314
45.1970284,36.7452172
45.2440459,37.0648912
45.2291378,36.9999989
45.1960199,36.7416963
45.2021463,36.6233795
45.3018568,37.0075951
45.1987602,36.7403965
45.2020097,36.6215958
45.2003917,36.6282072
45.228012,37.000522
45.2039399,36.6174759
45.198399,36.6271244
45.3592252,36.9913734
45.4141857,36.7679052
45.3524781,36.7001554
45.3595626,36.9868506
53.3948101,92.0400286
53.3773655,91.9828392
53.3249893,91.931818
53.341563,91.9614252
53.3198854,91.9499612
53.3403571,91.9606289
53.3173923,91.9409029
53.3941895,92.0414356
53.4095778,92.0197587
53.4218873,92.0244277
53.4093375,92.020502
53.6749508,91.6338684
53.7287266,91.6896209
53.728835,91.6889169
53.6950795,91.6743939
53.6888415,91.671897
53.6916501,91.6680124
53.6799737,91.7089895
53.6799526,91.711559
53.6794228,91.7176469
53.6736706,91.635388
53.7097004,91.6855912
53.7287879,91.6909271
53.7217661,91.726525
53.6957022,91.6626565
53.6963478,91.6770471
53.6805539,91.7333035
53.6887098,91.6716471
53.7222897,91.7276966
53.6752588,91.6333753
53.6758587,91.6320784
53.6753125,91.6344069
53.6872511,91.6757178
53.8695842,92.6073206
54.3108747,91.5566289
55.3109135,91.7362555
55.3086773,91.7362556
55.3087,91.736343
55.3315825,91.7243745
55.9498723,91.9273305
55.9504363,91.9279936
56.2350035,92.1512501
56.2228609,91.9383555
56.2231319,91.9345172
56.2196831,92.0534326
56.2238361,91.9348557
56.219414,92.0537319
58.5205598,92.1129195
58.0428317,92.9577195
58.2408138,92.465468
58.1935253,92.5173084
58.2416982,92.4642356
58.1938225,92.5173404
58.1338188,92.6754402
58.1341069,92.6751857
56.4152628,92.9700556
56.0863686,92.7569818
56.1613805,92.5625144
56.0737648,92.9405895
56.0626198,93.0235298
56.0604079,93.0250553
56.0614273,93.0230285
56.0552763,93.1005043
56.0810502,92.9338006
56.0838207,92.9320936
56.0360574,92.9334724
56.0390763,92.9347831
56.0365704,92.9295214
55.991941,92.8857546
55.9770021,92.8477402
56.0128897,92.9586078
55.9860449,92.8872823
56.0105206,92.8715528
56.0123514,92.8762968
56.0208068,92.8684687
55.9990186,92.8770192
56.022689,93.0613525
56.034997,92.8346453
56.0001841,92.921448
55.9838428,92.8874757
56.0154044,92.8757463
56.0354495,92.8321606
56.0161941,92.8405144
56.0124427,92.83288
56.0186314,92.794288
55.9838677,92.8877968
55.9982227,92.7969241
55.9627429,92.3928251
55.962699,92.3903197
55.9633987,92.3886788
55.962317,92.3902646
56.071982,92.9441637
56.012311,92.8482566
56.0410019,92.9272155
56.0166755,92.8958448
56.0147319,92.8905542
56.0195499,92.8756244
56.0200366,92.8748739
56.0399363,92.9349384
56.0576429,92.9652265
56.0716182,92.9406922
56.0246587,92.8332697
56.0103059,92.8370455
56.0069528,92.8593896
56.0108755,92.8484788
56.0126081,92.8811319
56.0184185,92.8755944
56.0162316,92.8438877
56.015683,92.8405877
56.0278681,92.8365014
56.0353202,92.8315753
56.0445444,92.7768
56.0533954,92.7491492
56.0782398,92.7621306
56.0773344,92.7602961
56.0620362,92.8800789
56.0756104,92.9254884
56.0769091,92.9270985
56.0121298,92.8011444
56.023696,92.8155509
55.9930877,92.8132561
56.1608186,92.579314
56.0395252,92.769307
55.9969404,92.8793813
56.0461441,92.7735532
56.0346034,92.8917791
56.001119,92.9603125
55.9953532,92.9712025
56.0153373,92.9586345
56.0159319,92.9607238
56.0147187,92.9707079
55.9951876,92.971305
56.0329731,93.0391605
55.9999263,93.0309674
56.0011558,93.0334531
56.0333615,93.0397476
56.0294846,93.065119
56.0629419,92.8798119
56.0986311,92.9205884
56.0991965,92.9205545
56.1161142,92.9272401
56.1186864,92.9461065
56.1208641,92.9535316
56.1175602,92.9310148
56.0025238,92.8133157
56.0228101,92.7485171
56.0151353,92.8716681
56.0732963,92.5881084
55.9880524,92.9770666
55.9885409,92.9764275
55.9786256,92.8819537
55.9880098,92.9749742
55.9828494,92.7240521
55.9883741,92.9399042
55.9854741,92.8870069
55.9849647,92.8543627
56.0202243,92.8743738
55.9945309,92.8745303
56.046183,92.8868198
56.028847,92.8371413
56.0504773,92.8977151
56.0520816,92.9090727
56.0543601,92.9054259
56.1217028,92.9477635
56.0630621,92.9742149
56.0158838,92.8963438
56.0990114,92.9207908
56.0473841,92.9167237
56.010339,92.960618
56.015097,92.9560047
55.9914009,92.8853273
56.0913127,93.0326121
56.0432865,92.9421152
56.0468359,92.8892348
56.1340249,92.7358506
56.175061,92.6296171
56.1760867,92.6244794
56.1065008,92.7326434
56.1824384,92.4832797
56.0775155,92.9317038
56.0131882,92.841041
55.9725218,92.789836
56.1733894,92.6343076
56.1754903,92.630179
56.1756158,92.6312259
56.1754022,92.6317505
56.173333,92.6340073
56.2016933,92.4784977
56.162571,92.6715018
56.1574104,92.7266985
56.1351481,92.7327026
56.1297748,92.7364931
56.1035872,92.731789
56.0619115,92.83349
55.9788946,92.8418061
55.9889428,92.7529931
55.9943242,92.7497211
56.0850925,93.0194852
56.0298295,92.7764583
56.0302389,92.7760542
55.9843483,92.8872995
56.1208558,92.9448498
56.1516557,92.9653183
56.1208126,92.9442378
56.1211446,92.9434017
55.9849674,92.8880309
55.9809929,92.8870345
56.0417263,92.8929806
56.0343897,92.8916925
56.0487212,92.8942836
56.0477921,92.8928059
56.1203566,92.9499659
56.1550327,92.9681275
56.1546459,92.9725409
56.1579452,92.9687655
56.0228203,93.0621146
56.0704834,92.9873701
56.0121457,92.8018853
56.0606815,92.9703402
56.0608959,92.9704245
56.0158487,92.8951211
55.981651,92.8884212
56.0236527,92.7544613
56.0403051,92.9279451
56.0207931,92.8693538
56.168247,92.6169288
55.9711502,92.783318
56.0127153,92.838522
56.1683414,92.6167663
56.0159383,93.0310697
56.0149393,92.8004261
56.0150473,92.8407114
56.0396301,92.9354369
56.0069332,92.8611421
55.9899165,92.9300364
56.0433428,92.8716452
56.0596627,92.8330542
56.0727971,92.9132948
56.0656575,92.9543134
56.0162226,92.8954491
56.0632638,92.9317542
56.0695166,92.9052929
56.0855265,92.9334991
55.9719871,92.788253
55.9729849,92.7920887
56.0086342,92.8716288
56.0697025,92.9362358
56.0513512,92.9551183
56.0708747,92.9885852
56.0714183,92.9852242
56.0503673,92.8979046
56.0471772,92.9149771
56.047179,92.8905922
56.0699206,92.9861534
56.0655836,92.9280653
56.0462624,92.8899233
56.0530414,92.9055984
56.0114597,92.8913056
56.0390519,92.9282985
56.1334174,92.7372242
56.0789703,93.0063511
56.0701408,92.9370705
56.0174146,92.9691977
55.9922673,92.9384175
55.9834267,92.9479087
55.9952402,92.9715385
55.9956353,92.9710019
56.05806,92.9643609
56.0215414,93.0454184
56.1550708,92.9663181
56.1567934,92.9535246
56.0128602,92.9583512
56.0060406,92.8471555
56.0126635,92.9723094
56.01255,92.9517788
56.0283278,92.8370759
56.101581,92.9251193
56.0232132,93.0146391
56.0157751,92.9705384
56.055067,92.9415835
56.0580674,92.9401131
56.05862,92.9419831
56.007877,92.9621169
56.0123361,92.8078211
56.1674989,92.541926
56.0024416,92.9657284
56.0010221,92.9597935
55.9837835,92.8866626
56.064833,92.8883947
55.9914062,92.886299
56.1334601,92.7401526
56.1592301,92.6932294
56.0782361,92.9285199
55.9784009,92.8148443
56.0195676,92.8768892
56.0094987,92.8715304
56.0143791,92.8966426
56.0464534,92.9148586
55.9770568,92.8225903
55.9934448,92.8048003
55.9939588,92.8049999
55.996405,92.8053447
55.9971736,92.8000655
56.0559902,92.9007964
55.9929392,92.8607767
55.9990641,92.8771379
56.0202419,92.757394
56.0038647,92.9650925
56.0657145,92.8912487
56.044641,92.7742673
56.1084877,92.9262938
56.0498519,92.7624994
55.9851078,92.8134685
55.9802421,92.8138942
55.9822843,92.81459
56.0124745,92.9724031
56.0105287,92.9634664
55.9552197,92.3201688
56.0631357,92.8940929
56.043251,92.8716965
56.1678011,92.6534748
55.9820445,92.8115628
55.9836864,92.8767867
56.0202866,92.7565992
55.9618471,92.3593142
56.0229156,92.7503284
56.0783998,92.9292184
55.9829455,92.7255851
56.0167027,92.9643799
56.0395732,92.7692833
56.0230087,93.0151155
56.0115298,92.8080252
56.0122011,92.8035569
56.0230519,92.80261
55.9789985,92.8145741
56.0575652,92.898467
55.9779468,92.8817905
56.0198219,93.0344193
56.0160154,93.0303429
56.0141262,92.8016932
56.0800852,92.9329439
56.0831061,92.7587652
56.030283,92.9170721
56.0626988,92.8813965
56.0232063,93.0231971
56.0353946,92.7722861
56.0765004,93.0009419
56.0767827,93.0015629
56.0829508,93.0147502
55.9718856,92.9487115
55.9714175,92.9504327
55.9718248,92.9489267
56.0198983,93.0343587
56.0212859,93.0413424
56.0218841,93.0488939
56.0225574,93.0587533
56.0022733,92.8071937
56.0704072,92.9871982
56.0017364,92.8094108
56.0642072,92.9536049
56.0753352,92.6081549
56.0755538,92.6068895
56.0813776,92.5962362
56.0752898,92.9964196
55.9970408,92.7995561
56.0615524,92.6961527
56.0624302,92.6839608
56.0708976,92.6342149
56.0652585,92.6675207
56.0562817,92.9459735
56.0351999,92.8311562
56.0354972,92.8346942
56.0245625,92.8333734
56.0871638,92.7567544
56.1756251,92.6306163
56.1735708,92.6281966
56.1723117,92.6257613
56.1594217,92.6951089
56.1629071,92.6718336
56.0245918,92.8334659
56.0627331,92.6808943
56.0715645,92.9406504
53.9083749,92.6886823
53.9084553,92.6888571
53.9085873,92.6883281
53.9086736,92.6887825
53.8735824,92.6187312
53.251892,92.5043819
57.6275939,93.2670867
56.2480785,93.4948597
56.2445136,93.5383378
56.2343525,93.4892779
56.2832472,93.5529306
56.2230254,93.5084461
56.2224666,93.508696
56.223403,93.5323018
56.2367685,93.5438955
56.2368383,93.5440134
56.2431601,93.5396831
56.2338207,93.4882196
56.2236407,93.5334246
56.2339926,93.488742
56.0882372,93.1751359
56.0039169,93.2483409
56.0539425,93.1030878
56.0546161,93.1029307
56.0538843,93.1055448
56.117827,93.3117897
56.0524688,93.1981676
56.0177626,93.2312658
56.0224881,93.1116172
56.0224056,93.112951
56.0853344,93.1721728
56.1310987,93.1034935
56.1314304,93.1032773
56.0863839,93.1751111
56.0878066,93.175323
56.1318649,93.1045838
56.1337344,93.1089672
55.9834382,93.2732386
56.1036365,93.294821
56.2025837,93.4221857
56.0588635,93.212959
56.1172534,93.3104383
56.0564771,93.2064432
56.1173,93.3171808
56.1855675,93.4045829
56.0683472,93.2314614
56.1350338,93.1022794
55.9467618,93.5671398
55.9468667,93.5651007
56.0877632,93.175288
56.116524,93.3190032
56.0871049,93.2641986
55.9608517,93.4698738
56.1171363,93.3176292
56.1140243,93.3243178
56.1019616,93.2918855
56.1475327,93.3442568
56.1476285,93.3434204
56.0953718,93.2794791
56.0034675,93.2475456
55.9831411,93.2723327
55.0123322,93.8400819
55.0114801,93.8398784
54.2628276,93.3190168
58.1855579,94.6676484
58.1370826,94.5179008
55.8578914,94.3113419
56.0567412,94.6543688
56.1032369,94.5930299
56.1014007,94.548658
56.0576367,94.6035914
56.0583559,94.6036085
56.0563204,94.6564652
56.0534005,94.6560661
55.9704984,94.6915389
56.113162,94.5765705
56.1090238,94.5868027
56.1035956,94.5924432
56.1131058,94.5760926
56.1133569,94.5765673
56.1014013,94.5485277
55.9778572,94.685853
56.1126477,94.5733154
56.1132392,94.5764203
55.8576304,94.3115215
55.8585956,94.3407174
57.2331433,94.8562999
55.9318614,94.7662123
55.7678839,94.7799549
55.9619118,94.7205962
55.9701414,94.6903019
55.9564504,94.720908
55.9563307,94.7205273
55.8796598,94.9992407
55.8790677,94.9974729
55.9600374,95.1897724
55.76866,94.782207
55.7678596,94.780067
55.265637,94.8994251
56.682239,96.1090556
56.6567294,96.0543803
56.2492301,95.6480107
56.1822931,95.72917
56.2188636,95.7177022
56.2185577,95.7170116
56.2499754,95.6452556
56.2491696,95.6466344
56.2440824,95.6910659
56.2214703,95.7177907
56.2231735,95.7417573
56.2505873,95.696855
56.2511032,95.6969963
56.1909248,95.72481
56.1909207,95.7241827
56.2320384,96.074074
56.2432593,95.6910097
56.2508303,95.6961697
56.2205581,95.7180245
56.2232868,95.7460692
56.2381789,95.7882606
56.2101105,96.0677765
56.2103533,96.0671236
56.2369868,95.7905438
56.1815455,95.7284693
56.1816545,95.7294582
56.1579539,95.6703184
56.1568127,95.6714208
56.1569893,95.6726648
55.6389233,95.4561571
58.3318274,97.3967082
58.3324172,97.3968495
58.6040196,99.1632507
53.6493572,91.5656595
53.6498842,91.5671953
55.0090772,90.957079
55.0282779,90.9570852
55.0086157,90.9582625
55.0078701,90.9580822
55.0116168,90.9168548
55.0440568,90.9797063
55.3628261,91.0962452
55.3629229,91.096248
56.2029941,91.2684873
56.2050126,91.2445879
55.3207137,89.871174
55.9093707,90.1215094
56.0210054,90.3776941
56.24079,90.5111734
56.4543875,90.5113531
56.3052604,90.5342128
56.2412558,90.4802012
56.2729547,90.5210789
56.2403658,90.5117263
56.2409108,90.4818696
56.2441026,90.4525858
56.2635648,90.4945895
56.4361421,90.502597
56.436404,90.5027513
56.2417831,90.4801513
56.241201,90.4818713
56.4547865,90.5115031
56.454777,90.5104604
56.2396392,90.470145
56.245668,90.4799003
56.2673346,90.5004665
56.2646729,90.505154
56.1789668,89.6117916
56.2406167,90.4777233
56.2757638,90.5428265
56.2747134,90.542074
56.2925897,90.3469093
56.2260356,90.0147598
56.3406299,90.5190184
56.2012984,89.8023761
56.636432,90.5805699
56.6363562,90.5798826
69.3696987,88.3182955
69.3584598,88.3862668
69.3695044,88.3198115
69.3407826,88.2081999
69.3407617,88.2085258
69.3396421,88.2245854
69.3582875,88.1837463
69.356399,88.1770501
69.345304,88.2075743
69.3393242,88.2247809
69.3374167,88.2284674
69.345415,88.2080599
69.3373931,88.2245884
55.2913465,89.8258233
55.3181695,89.8234175
55.317554,89.8311528
55.3213116,89.8689878
55.3166705,89.8241111
55.5312221,89.189295
55.5445103,89.1698
55.5233114,89.184192
55.540106,89.168606
55.5227123,89.1846841
55.5345558,89.171995
55.3220546,89.8522683
55.5239195,89.1820066
55.3220221,89.8518637
55.3178608,89.8310459
56.1795158,89.6058852
56.180381,89.6080436
56.1792185,89.609074
56.1836229,89.5617437
56.1928837,89.5458209
56.2009888,89.8044662
55.5485577,89.1436882
55.5486614,89.1437363
55.5573167,89.0923813
55.2543151,63.2513969
55.2550549,63.2556677
55.2346001,63.2866755
55.2168746,63.2676394
55.2162847,63.2678455
55.2156834,63.2675746
55.2538794,63.2545586
55.221629,63.264466
55.2549687,63.252949
55.221164,63.2652511
55.452793,65.0906923
56.2745334,62.9628903
55.9840748,63.461897
56.2752167,62.9575107
56.2765477,62.9614814
56.2748614,62.9609259
56.275604,62.9610171
56.1003481,63.7801763
56.0822081,63.6540225
56.0995387,63.7775627
56.0839057,63.6308029
56.1023278,63.6511651
56.0910614,63.6363966
56.1368106,63.6804086
56.136219,63.6821628
56.0790949,63.6480083
56.0838574,63.6043956
56.0814508,63.647049
56.0888579,63.6445437
56.087653,63.6730462
56.0779345,63.6175983
56.0896652,63.651311
56.0880394,63.6374862
56.100276,63.6473002
56.1387082,63.6132124
56.1028772,63.6513154
56.0697695,63.6409383
56.1391298,63.6127863
56.1011193,64.3390772
56.1007249,64.3397175
55.9680051,64.4418254
55.967847,64.4411224
54.9105272,64.4169686
54.9236797,64.4497543
54.9239347,64.4521401
54.9108888,64.4273731
54.4766846,64.8791854
55.8180655,65.5632567
55.500599,65.2529067
55.4899629,65.2125522
55.5022825,65.2519356
55.4981568,65.3889194
55.8161183,65.5633487
55.4991953,65.3901937
55.8174217,65.5640295
55.4441569,65.3496418
55.4269713,65.2754835
55.487912,65.4365152
55.4459954,65.3377199
55.447302,65.345184
55.4276881,65.2792674
55.4972233,65.3893158
55.4495084,65.3606166
55.453037,65.3259093
55.4670842,65.2920096
55.4834604,65.3308925
55.4506042,65.3452395
55.4599348,65.3498103
55.4593979,65.3504098
55.4590176,65.3493667
55.4408078,65.3186795
55.4527055,65.3672456
55.4516944,65.3716069
55.4202785,65.2520509
55.4251321,65.2690268
55.4458323,65.2961192
55.4664205,65.2912085
55.4667003,65.2927678
55.4705336,65.2860905
55.4611697,65.2548163
55.4849668,65.3144195
55.3512852,65.3494278
55.4500829,65.344458
55.4509111,65.3419091
55.480827,65.321421
55.3786395,65.2016556
55.3743166,65.1980018
55.4669499,65.2914075
55.4201786,65.2521411
55.4549771,65.3542853
55.4247026,65.2670707
55.4510849,65.3585055
55.4669903,65.2921651
55.4253945,65.268807
55.4795988,65.3162199
55.4232484,65.2616963
55.4508404,65.3588042
55.3793471,65.3910936
55.4413474,65.3208535
55.4362981,65.3525589
55.4511895,65.3717596
55.4513208,65.3717385
55.4551838,65.3540681
55.4377217,65.3286386
55.464133,65.26453
55.4632489,65.2622092
55.4619399,65.2573409
55.4652851,65.2683069
55.4783175,65.3118507
55.4277081,65.2765452
55.4279064,65.2774236
55.4216217,65.2568839
55.4864213,65.4351599
55.4667325,65.2921097
55.4787796,65.3135094
55.4751141,65.3006499
55.4975165,65.3883496
55.4657148,65.2697153
55.4814143,65.3227996
55.4472256,65.3638753
55.4530633,65.3043241
55.4409771,65.3208985
55.4766174,65.169258
55.4866607,65.2016892
55.4387215,65.3574749
55.4877089,65.2051665
55.4585201,65.1176925
55.7949341,66.7508353
55.390053,66.6011864
55.263427,66.4692773
55.3883191,66.6020645
55.3883668,66.6008807
55.5127103,67.8554398
55.0910852,68.2377477
55.0924198,67.9189917
55.0926079,67.9204967
55.2449691,67.2645288
55.2441572,67.2649752
55.0913148,68.2474042
55.1520769,62.5157181
56.3364314,62.2786275
56.2988547,62.4799491
56.338409,62.2735315
51.2195853,35.3102154
51.1532024,35.7304857
51.6548329,35.6944203
51.6617924,35.6456506
51.659005,35.6585659
51.6318942,35.575419
51.5710117,35.8313674
51.6319402,35.574387
51.6319088,35.5743601
51.5715735,35.8315975
51.6319114,35.5747441
51.6576368,35.9467702
51.6574983,35.9467892
51.5703198,35.830493
51.3028519,35.5058838
51.6607621,35.6506201
51.6607218,35.6508036
51.6567419,35.9334508
51.6569795,35.9350505
51.657217,35.9391634
51.661881,35.6467178
51.5701149,35.9846768
51.5700985,35.9844896
51.6574938,35.9621035
52.0824778,35.4438279
52.0616312,35.8804875
52.0538978,35.8871531
52.0541817,35.8862728
51.6776424,35.6136568
52.3229082,35.3642615
52.0934643,35.8569279
52.3499414,35.3649798
52.3378597,35.3514875
52.3299068,35.3654302
52.33267,35.3738464
52.3555401,35.3531111
52.098134,35.8235076
52.350806,35.3642359
52.0960198,35.8207706
52.0980454,35.8241099
52.098349,35.8187554
52.0984342,35.8216418
52.3231327,35.364496
52.3231631,35.3641596
52.0499019,36.2846768
51.6955205,36.1584774
51.8218542,36.1227808
51.729588,36.3077704
51.7479856,36.1947222
51.7313746,36.1928045
51.7254497,36.1882105
51.681243,36.0614914
51.7384052,36.2275154
51.8190421,36.1257725
51.7050309,36.1680747
51.7378923,36.1240724
51.7292896,36.1440007
51.7225277,36.1361005
51.7275622,36.18638
51.7473319,36.223809
51.7529462,36.1826606
51.733289,36.1402941
51.756806,36.2179517
51.7241786,36.1898067
51.7516363,36.1875525
51.7577311,36.2179036
51.7434956,36.2341295
51.7561003,36.2228961
51.7466755,36.2469717
51.739868,36.2677586
51.7292783,36.1912811
51.7222412,36.1895956
51.704802,36.1680547
51.7127368,36.1344796
51.7302998,36.1927717
51.7053324,36.1650281
51.7044729,36.1633842
51.7203654,36.1664354
51.7590116,36.1588894
51.7066026,36.1648148
51.704488,36.1638547
51.7476549,36.2472647
51.7313039,36.1806289
51.7773333,36.1183008
51.7907023,36.1690794
51.7068317,36.1657509
51.7044299,36.1642177
51.7511327,36.1873964
51.7520487,36.1910158
51.7226294,36.1358609
51.7550767,36.1363652
51.7374848,36.1369244
51.7291833,36.1438113
51.7219608,36.1898616
51.7386056,36.2299044
51.7302907,36.3025962
51.6956032,36.1581407
51.7390119,36.2305787
51.7375581,36.2259632
51.7466609,36.2471684
51.7386062,36.2267306
51.7549539,36.1366902
51.7551015,36.1367531
51.754345,36.1375222
51.7736503,36.179268
51.7515987,36.1890954
51.7479799,36.1947223
51.7318623,36.1302242
51.7093706,36.1822653
51.7418805,36.1476527
51.7015967,36.162003
52.049894,36.2834926
51.7515466,36.1875726
51.7319368,36.1305266
51.7177937,36.1344055
51.7317419,36.1304778
51.7292832,36.1441146
51.7529855,36.1833309
51.7379466,36.2260802
51.7539989,36.2128569
51.731709,36.1557626
51.7530233,36.1829249
51.7127282,36.1356689
51.7616612,36.2256534
51.7900026,36.1684634
51.7208226,36.1085069
51.790046,36.1692466
51.7614902,36.2255684
51.7219631,36.1888377
51.7224158,36.1356672
51.6916366,36.1559724
51.7530659,36.2152086
51.7184962,36.1646075
51.7173087,36.1662838
51.7916821,36.1667313
51.7536448,36.2128145
51.7302622,36.3028922
51.7272983,36.1407152
51.7268821,36.1844921
51.7134492,36.1344695
51.7673517,36.2226346
51.7093957,36.1820942
51.7402527,36.2670801
51.7147504,36.0801072
51.7272487,36.1601576
51.7891761,36.1696928
51.7824517,36.174083
51.777978,36.1767042
51.7771937,36.1761619
51.7126456,36.1191951
51.7348413,36.1538485
51.7206568,36.1080855
51.7248084,36.1048591
51.7347916,36.153899
51.7377734,36.1239003
51.7185155,36.1096954
51.7318025,36.1557176
51.7571991,36.1079287
51.7769474,36.1187771
51.7149695,36.0796935
51.5954278,36.0981082
51.5803297,36.080788
51.650429,36.1295711
51.665944,36.1335233
51.6663242,36.1335495
51.6618322,36.0619318
51.662031,36.1370306
51.6646386,36.1382444
51.6701291,36.1421999
51.6844777,36.1513852
51.6631566,36.1377497
51.662685,36.1363377
51.5837283,36.0839232
51.6032052,36.2458642
51.584169,36.0826903
51.6695809,36.1414025
51.5848187,36.0826365
51.664633,36.1745489
51.6717093,36.142756
51.5846443,36.0850084
51.6654878,36.1741374
51.6790338,36.2671013
51.6546207,36.035858
51.6792535,36.2673077
51.5825006,36.0816449
51.6542049,36.1699818
51.6597956,36.0535318
51.661655,36.0642131
51.6638575,36.0630876
51.6587207,36.1348289
51.6536483,36.0248704
51.656443,36.042181
51.6604969,36.0559637
51.6621324,36.0614754
51.6436209,36.1758878
51.6726316,36.233498
51.6443717,36.1756305
51.6751871,36.2356368
51.5933621,36.0983282
51.6196486,36.1771602
51.6653041,36.0631499
51.6633032,36.0649903
51.5964055,36.0992702
51.6629136,36.0640895
51.6634731,36.0654434
51.6176478,36.172664
51.5738397,36.0360421
51.6716835,36.1374548
51.676881,36.0668945
51.2371554,36.226684
51.2132485,36.2412508
51.2127428,36.238479
51.2103351,36.2386473
51.2156179,36.2533138
51.1744543,36.2728694
51.2378522,36.2249222
51.2130352,36.2400919
51.1521183,36.282747
51.8719423,36.917012
51.8645596,36.9340244
51.8795577,36.8817913
51.879185,36.8985347
51.6536429,37.1262322
51.4809768,37.2149283
51.4398665,37.1184981
51.4097662,36.7988105
51.6327533,37.1261101
51.4117387,36.7526445
51.8330482,37.7350689
51.6187372,37.7177353
51.5062316,37.6580114
51.5535307,38.0319162
51.5600385,38.005375
51.5584758,38.0115945
51.2109729,35.3072387
51.2129812,35.2470269
51.2127728,35.2467239
51.2133043,35.2468282
51.2194912,35.3090365
51.2133493,35.2466529
51.1968696,35.3153916
51.2046286,35.2354426
51.2049372,35.2335216
51.2053443,35.2362238
51.2056056,35.2337058
51.1713134,35.1345389
51.1741361,35.1410097
51.2050496,35.2344553
51.2050941,35.2349774
51.6341804,35.2339123
51.6559693,35.2574182
51.6557554,35.2575059
51.6558026,35.2569198
51.4257944,34.888023
51.4258492,34.8876529
51.6871614,35.2749203
51.8375439,35.282415
51.6894135,35.2719652
52.1667236,35.0543089
51.3497451,34.6460751
51.5714634,34.6833031
51.5769016,34.6754908
51.3337737,34.6431863
51.3330032,34.6432766
51.5592701,34.6887475
51.9265632,34.4863242
51.9151553,34.5500369
51.9287568,34.4944105
51.9199548,34.4629945
51.9287149,34.4935304
51.9430758,34.5498134
58.727468,29.8424127
58.749442,29.857235
58.6220152,29.8322861
58.6307653,29.8348372
58.7337187,29.8838997
58.7272367,29.8789884
58.7290986,29.8836301
58.7311888,29.8824909
58.7313058,29.881793
58.7308819,29.882218
58.7304523,29.8913205
58.7303766,29.8921174
58.7821474,29.8794326
58.7305409,29.8816367
58.7297843,29.8928738
58.7304964,29.888521
58.7312743,29.8809209
58.6353218,29.8458551
58.6295907,29.8378058
58.6362496,29.8368979
58.6184208,29.8313166
59.5866083,29.3169474
59.4893924,29.5376724
59.5961568,29.7039632
59.4892412,29.5382268
59.4425499,29.4711096
59.575931,29.284632
59.641391,29.6189937
59.6054938,29.4665215
59.5756227,29.2829634
59.6458348,29.6725989
59.6589679,29.7267785
59.6689134,29.8100901
59.6687344,29.8083455
59.6437337,29.6554326
59.642735,29.6612674
59.6442954,29.6620935
59.6654322,29.7823197
59.7297886,29.6096992
59.7038996,29.0526535
59.894372,29.0784114
59.8870496,29.0858211
59.9032736,29.067824
59.9623468,29.3082783
59.8952531,29.1124836
59.8979167,29.0742197
59.884612,29.0960552
59.9031471,29.0668949
59.7156949,29.8066145
59.9028574,29.0678439
59.8688859,29.7719443
59.8568192,29.7954119
59.941007,29.5793801
59.9413801,29.5793361
59.9046485,29.1061041
59.9272823,29.6556888
59.894773,29.1130207
59.8947237,29.1124616
59.9030941,29.0678408
59.8840852,29.0966711
59.8839333,29.0967444
59.8832726,29.0964422
59.8842449,29.0971465
59.7033064,29.0554853
59.6953389,29.6417024
60.3392922,28.9896677
60.4067723,29.6368148
60.514395,29.0074556
60.3317942,29.7300525
60.3264799,29.7259374
60.4542149,29.0774206
60.3578446,29.740383
60.4949954,29.6353377
60.47352,29.2793698
60.3698986,29.4770142
60.3609,29.5432042
60.3621189,29.5358205
60.3598055,29.5354368
60.3615004,29.5344969
60.3614691,29.5356948
60.3104973,29.7830126
60.3290221,29.7289486
60.3253495,29.7258517
60.3697448,29.4884326
60.3595857,29.5346938
60.3702377,29.4779392
60.3592768,29.5356677
60.4695333,29.3250232
60.4711004,29.3319054
60.3698973,29.475197
60.4898593,29.2855711
60.5768836,29.1930664
60.4089425,29.3890833
60.4098561,29.3870702
60.3579937,29.7410658
60.6723939,28.8773357
60.6744469,28.8752921
60.6229651,29.5072402
60.5926311,29.2179897
60.6728262,28.8760153
60.5770909,29.1964579
60.5772127,29.1921658
60.6391119,29.0020686
60.8347663,28.8362109
60.8348755,28.8361891
60.6306714,29.0435616
61.0427431,28.9261108
60.9971164,30.1821287
60.9969312,30.1816628
60.8493856,30.1469383
60.9205811,29.7623611
60.9205154,29.761424
60.6716947,30.017264
60.5517174,30.1440325
60.5475003,30.1578322
60.5511877,30.1547389
60.5516975,30.1460427
60.5517489,30.1520714
60.5523604,30.1531284
60.598547,30.0730246
60.5988028,30.0718948
60.5993672,30.0723651
60.6002937,30.0631753
60.6005257,30.0632632
60.6009393,30.0634105
60.5989876,30.0720649
60.6028955,30.0671405
60.6530106,30.032343
60.6574933,30.0326495
60.669023,30.0141039
60.6714132,30.0160487
60.6721771,30.015117
60.5517044,30.1528104
60.545705,30.1941713
60.5458084,30.1936751
60.5458397,30.1934814
60.5460677,30.1934687
60.5761136,30.1733554
60.842572,30.1288563
60.7119408,29.9749048
60.7120137,29.9747264
60.5459502,30.1927981
60.5453923,30.1938254
60.1821895,30.1292812
60.205725,29.9478897
60.276773,30.2297774
60.1761459,30.3613113
60.1675981,30.4220305
60.3787947,29.9639264
60.1020947,30.3794184
60.2094048,29.9395705
60.2892316,29.8194211
60.4374459,30.2351933
60.5023689,30.213584
60.2083533,29.9393996
60.1017575,30.3796904
60.1015372,30.380457
60.1721354,30.3561277
60.174712,30.3571361
60.1781534,30.3579711
60.1752659,30.3583616
60.2248567,30.3582904
60.2207562,30.3612403
60.2490088,30.3416711
60.3193385,30.2802802
60.3630849,30.2801105
60.3679226,30.2805152
60.318364,30.2804541
60.3675214,30.2796067
60.3659803,30.2843429
60.3685026,30.2799648
60.219505,30.2942835
60.143821,30.5270461
60.2603554,29.836324
60.3264839,30.4415911
60.5008534,30.1942303
60.5027657,30.1903282
60.4004431,30.2793252
60.1115138,30.4457315
60.4234138,30.2656601
60.5019913,30.1983765
60.5022719,30.1984546
60.5018214,30.1947482
60.423928,30.2626322
60.2907567,29.8044408
60.2910064,29.8056475
60.2914253,29.8047975
60.2928489,29.8191596
60.2968124,29.8058666
60.2034191,29.9394586
60.2086343,29.9396109
60.2088432,29.9398018
60.2164591,29.9406757
60.1772631,30.3609889
60.2197408,30.2944951
60.2760194,30.2295496
60.1687172,30.3213323
60.5025653,30.1985776
60.3633736,30.2924609
60.1744357,30.373241
60.1486642,30.1990771
60.1305437,30.2218298
60.1301094,30.2225062
60.3024229,29.7991085
60.1118099,30.4468872
60.2074349,29.939568
60.0884936,30.3744262
59.8524341,30.5110352
59.8590922,30.5154839
59.9459218,30.5347319
59.67307,29.8520995
60.0556607,30.3952118
60.0954037,30.3770256
59.7513162,29.8895376
60.1012517,30.3872853
59.8942616,30.5277946
60.0919058,30.3690123
60.0911153,30.3673019
59.942194,30.5397184
60.0910546,30.3675942
59.8928645,30.5292435
59.798455,30.1580739
59.8487998,30.5111241
60.098223,30.3820199
59.7285196,29.9967931
59.7979646,30.1565937
59.7984751,30.1576322
59.8117352,30.1198679
60.0125263,30.5822369
59.8140694,30.107525
59.6734202,29.853997
59.945717,30.5160124
59.8144178,29.9269868
59.8145273,29.9255691
59.8149788,29.9278593
59.8110095,29.9248162
59.8193372,29.9297664
59.8155465,29.9275168
59.8158133,30.0839886
59.8171604,30.1040817
59.7975139,30.160583
59.8586022,29.8024495
60.0979846,30.3769924
60.0954787,30.3823433
59.8541876,29.8071144
59.9455705,30.5153277
59.809243,30.1262897
59.9436132,30.6045746
60.0476701,30.4634253
59.8876348,30.5247991
59.8911861,30.5237114
59.893812,30.5237398
59.9429331,30.5394144
59.9460719,30.5341124
60.0472432,30.4593477
60.0955525,30.3824024
59.9459487,30.5389331
60.0979862,30.3773605
59.8451958,30.5200936
59.6902204,29.9279653
59.8007585,30.0787527
60.1015207,30.380376
60.0916832,30.3669979
59.8952675,30.5227503
59.6928144,30.5993858
59.6929528,30.5973742
59.6923006,30.59205
59.7516803,29.8897651
59.7883905,29.9312421
59.702922,29.9991756
59.7015751,29.9974543
59.6935142,29.9431647
59.6951356,30.5951742
60.0946781,30.3424921
59.6909679,29.9317338
59.6719097,29.8597549
59.6703235,29.8592953
59.6722146,29.8568977
59.9463068,30.5464512
59.6962083,30.6043392
59.7041746,30.5766769
59.6994029,30.5880036
59.9431805,30.6049083
59.9456015,30.5805838
59.9454383,30.5798972
59.532305,30.1494722
59.5792227,30.1371645
59.454594,30.5823482
59.5606476,30.1135637
59.5223535,29.9662134
59.5355923,30.1520165
59.5944349,30.1589156
59.5203557,30.0606818
59.5196751,30.0740256
59.6173315,30.3719815
59.5383893,29.9152774
59.5770539,30.1330078
59.5207462,30.0507775
59.5417956,30.0912721
59.5223628,29.9671964
59.5766256,30.1324886
59.5763427,30.1319068
59.5602765,30.1122581
59.4273541,30.6952808
59.5204427,30.0615236
59.5200046,30.0674223
59.6856671,30.612439
59.6688242,29.8475176
59.5802758,30.1375618
59.6644712,30.2264357
59.6724886,30.2344804
59.5260177,30.0731746
59.6138602,30.1927886
59.5805032,30.1766959
59.5350074,30.1547107
59.5384889,30.0875176
59.54025,30.0885263
59.5406845,30.0900381
59.6689572,30.230819
59.53496,30.155197
59.6690165,29.8499119
59.5811706,30.1394539
59.5367614,30.1578269
59.5955921,30.1569369
59.6703869,29.8228651
59.6854731,30.6127948
59.5333228,30.1557399
59.5223685,30.0727729
59.5197748,30.0752096
59.524491,30.0712785
59.5223365,29.9651742
59.5351975,30.15273
59.5800652,30.1762006
59.6697277,29.8583253
59.669094,29.8679644
59.5226288,29.9671226
58.8395433,29.9195373
59.9062706,31.0609042
59.8955713,30.6760755
60.0385225,30.6638968
59.9107385,30.9267693
59.9059455,30.9978409
59.7362133,31.0713261
60.0881574,30.9489783
59.8940594,31.1183158
59.8925958,31.1186575
59.9063267,30.9939176
59.9085832,31.0077791
59.910601,30.9966107
59.8942862,30.6817736
60.0341481,30.6362809
59.9759642,31.0251484
59.9043866,31.0823573
59.9035104,30.7773316
59.8958322,30.6793042
59.8994473,31.1231344
59.8980737,30.6796163
59.8961676,30.6724269
59.891111,30.6439027
60.0339245,30.6358081
59.897647,30.6847688
59.8993322,31.1235221
59.9844702,30.6552336
59.9863746,30.6553995
59.9872532,30.6564059
59.887938,31.2211187
59.8809705,31.4523155
59.8784022,31.4081585
59.8836164,31.3142705
59.8873044,31.2990589
59.890358,31.2534765
59.8886153,31.2212302
59.8898579,31.285774
59.8914739,31.2719217
59.784568,31.1059274
60.0184089,30.6627965
59.8793607,31.416426
59.8830213,31.313659
59.8780278,31.3642402
59.8877364,31.2119576
59.8881301,31.2141793
59.8793332,31.3503945
59.9066531,30.8054585
59.9005427,30.7313893
59.9084918,31.008251
59.8883956,31.1915405
59.8132621,30.9207739
59.8943264,31.1197833
59.5997646,30.7699467
59.5458922,30.8711588
59.6041892,30.756211
59.6056574,30.7587753
59.4898193,30.9707097
59.4270109,30.6952674
59.4417274,31.0594661
59.3524824,31.2269397
59.6269568,30.720478
59.3118566,31.3035522
59.5656668,30.6668369
59.5699214,30.6710176
59.5741298,30.6670475
59.5784871,30.667114
59.6044613,30.7557213
59.5646266,30.6628305
59.5699498,30.6711564
59.6065168,30.7611211
59.5578621,30.8460858
59.5451054,30.8696636
59.543998,30.8673057
59.5642079,30.8344655
60.0114526,32.1537815
59.9919837,32.1773764
60.0067585,32.1347276
60.0086933,32.1425858
59.9895542,32.1799543
59.4421531,32.0516125
59.4579319,32.0155508
59.4572613,32.0158376
59.446258,32.0156074
59.4571541,32.0094783
59.4931219,32.0576966
59.4575481,32.016239
59.4580081,32.0165298
59.4584142,32.0167828
60.4707509,33.0783483
60.4706547,33.078054
60.4757785,33.1037433
59.9273846,32.3328403
59.9605334,32.349589
59.9237206,32.3394799
59.9236619,32.3388787
60.0752851,32.3383553
59.9615473,32.3376769
60.069081,32.3238254
60.0744133,32.3362285
59.9618228,32.3377483
60.0742358,32.337939
60.0594462,32.3613872
60.0686565,32.3229752
60.068902,32.3195288
60.0738494,32.3384458
60.0713462,32.3223666
59.9258094,32.3537941
59.9254392,32.3548007
59.3203275,32.4086959
59.3212077,32.4094621
60.7435745,33.6117681
60.739468,33.6006418
60.7399562,33.6013718
60.6193996,33.6506118
60.7405744,33.6113159
60.7411238,33.6155812
60.7399896,33.614128
60.7398197,33.6014955
60.7401284,33.6161706
60.7422265,33.6125864
60.6721665,33.3622364
60.7401776,33.6181806
60.8084028,33.7413034
60.7907541,33.7311657
60.4095493,33.8607192
59.8840237,33.7827995
59.6836537,33.4920564
59.5712438,33.7942551
59.6826275,33.3858919
59.6842531,33.4915032
59.6804799,33.1932172
59.6418912,33.6129498
59.6362981,33.4933334
59.6296879,33.5227342
59.6406169,33.6138511
59.5943833,33.1882549
59.6300685,33.5220914
59.631412,33.5239107
59.6848015,33.489013
59.6394014,33.5056445
59.5712268,33.7951303
59.5653217,33.9432733
59.646358,33.51077
60.9031977,34.1465479
59.453516,34.6358349
59.5010775,34.253216
59.5708727,33.994804
59.4538865,34.6352316
59.4532449,34.6362601
61.013714,35.4851166
61.0150861,35.492575
59.4607494,35.0661543
59.3470212,34.858418
59.1265295,28.2280847
59.1262206,28.2274669
59.3780861,28.572756
59.399947,28.5994798
59.3809444,28.389506
59.4007964,28.598709
59.5796893,28.8039718
59.4655515,28.8931076
59.376301,28.2134903
59.3767936,28.6241831
59.4006546,28.5988437
59.427985,28.7951459
59.5684484,28.766034
59.5926384,28.7469143
59.5954823,28.740858
59.6197619,28.6541461
59.6303274,28.5855366
59.5907321,28.7520249
59.5669076,28.766493
59.5733416,28.7744828
59.568314,28.7631793
59.5680644,28.7636516
59.5639353,28.7675471
59.465721,28.8934753
59.3810974,28.3885547
59.5666201,28.7591003
59.4311983,28.7881681
59.4006615,28.6036707
59.5708704,28.7688848
59.5740838,28.7762201
59.4277732,28.7909174
59.6606464,28.4149403
59.6628915,28.5406636
59.662393,28.5402674
59.6612864,28.4200825
59.6630886,28.4476044
59.6642549,28.4342057
59.6906893,28.4476422
59.6767641,28.4097356
59.6628255,28.4446221
60.4333764,28.7216483
60.7904819,28.7089392
60.7440404,28.6787596
60.7476743,28.7900556
60.7149983,28.7332807
60.7122173,28.7464556
60.7455366,28.6753352
60.6939573,28.7610883
60.7514699,28.7874556
60.7244696,28.8446448
60.7243426,28.8363962
60.7481568,28.7787969
60.7486799,28.7808869
60.7504013,28.7851831
60.7066423,28.7707088
60.7456095,28.675925
60.7141744,28.7561431
60.5963811,27.9472958
60.7240082,28.766896
60.7002561,28.7550867
60.7059883,28.7717328
60.7448131,28.6772056
60.7056103,28.7525055
60.6951927,28.7647047
60.6966033,28.7920338
60.7730723,28.6471502
60.7970162,28.6944415
60.7252247,28.8379575
60.6946786,28.7653964
60.6209897,28.1633169
60.7277223,28.7043253
60.7233424,28.7700706
60.743411,28.632693
60.7238714,28.7681256
60.7233029,28.7687395
60.7425326,28.6322514
60.725535,28.8408065
60.9313301,28.5624042
60.9365168,28.5588744
60.9359737,28.5591447
59.1179209,28.0881525
59.0226827,28.1917358
59.1179335,28.0762532
59.0455444,28.0381
59.1177211,28.0882269
60.5965015,27.9141071
60.5961819,27.9206472
60.5963176,27.9048874
52.0812755,38.2707792
52.1343717,38.285724
52.1343282,38.2849075
52.1332679,38.2855438
52.0192075,37.8813902
52.3308556,38.3315351
52.5685263,38.1859725
52.4929462,38.0526868
52.7953099,38.3155547
52.7991526,38.3172812
52.7952878,38.3163541
52.9657605,38.2369355
52.6287669,38.5050142
52.6093427,38.4898464
52.578052,38.9200672
52.460136,38.7754519
52.5892375,38.6041622
52.625774,38.4922063
52.3831972,38.93726
52.5491615,38.7156959
52.5487819,38.7134444
52.6097131,38.4870757
52.5890497,38.6048468
52.6416864,38.5049521
52.5403711,38.7261105
52.5470976,38.7221455
52.5861595,38.8373156
52.4701611,38.7688206
52.6289825,38.4598046
52.5840772,38.8933288
52.5885109,38.6043394
52.4699726,38.768243
52.4820557,38.7602479
52.4809652,38.7609117
52.4642445,38.7719072
52.4630931,38.7717947
52.5803961,38.5128476
52.4601736,38.7758147
52.6291978,38.4561812
52.5473473,38.715317
53.2498409,39.1723101
53.2465896,39.1326012
53.2445826,39.1420649
53.2445808,39.1416461
53.2480606,39.1257374
53.2445313,39.1412491
53.219373,39.5042786
53.2195519,39.5041
53.2198258,39.504037
53.2498584,39.1728573
53.2374053,39.143736
53.0102277,39.1608538
53.0092647,39.1339465
53.010477,39.1613218
53.0206507,39.1382981
52.5903665,39.5574189
52.5795831,38.9525047
52.3280003,39.0204353
52.5792988,39.5364425
52.5775319,39.5345918
52.5937696,39.5197572
52.6318924,39.5338413
52.6391954,39.5330278
52.6102024,39.5310101
52.6036014,39.5382763
52.6048693,39.536205
52.6039829,39.5377905
52.598178,39.534301
52.5964172,39.5367988
52.578718,39.5346894
52.5873476,39.5516403
52.5879869,39.5515056
52.5953243,39.5039876
52.5854987,39.520693
52.6035807,39.4608458
52.6018789,39.46473
52.6032823,39.4632654
52.5967624,39.5361575
52.6126029,39.5530961
52.6054853,39.5322429
52.6371602,39.5297826
52.5942141,39.5192652
52.6044026,39.42567
52.6042669,39.4256466
52.5902669,39.5575549
52.5517698,39.5641712
52.5933872,39.5321903
52.4628482,39.3303547
52.5913195,39.5286493
52.5856767,39.5211647
52.6090219,39.5295845
52.6188179,39.5477499
52.5862723,39.5207282
52.5283799,39.4676968
52.5911749,39.5113096
52.6395403,39.5262155
52.6359903,39.5294485
52.6786162,39.4804973
52.6227222,39.5645042
52.6092786,39.5301801
52.5805842,39.5305519
52.581662,39.5146101
52.5986335,39.509249
52.5984222,39.5085164
52.5905901,39.5135831
52.516233,39.4758623
52.5759499,39.5115312
52.5764733,39.511236
52.5865556,39.5222127
52.5972093,39.4974257
52.5970184,39.4980191
52.5712722,39.5155948
52.5708434,39.5143915
52.6027793,39.4682317
52.6030831,39.4635963
52.5518218,39.564295
52.6043115,39.4259201
52.5204696,39.4728283
52.5209827,39.4721022
52.5209331,39.4721697
52.5265515,39.4913949
52.5231251,39.5180341
52.2049922,39.13005
52.2170505,39.1397053
52.0946632,39.1766419
52.2156495,39.1448408
52.234724,39.0703078
52.2854775,39.0514422
52.1174909,39.1670566
52.2196639,39.1494817
52.2151775,39.1438818
52.2103213,39.1373852
52.2189404,39.1489417
52.1178483,39.1893811
52.1192404,39.1871652
52.2108835,39.1381445
52.2864099,39.0490393
52.1850134,39.1015655
53.2428546,39.9724359
53.2113494,39.9089338
53.2453455,39.9650444
53.2413465,39.9618166
52.8572179,39.8324806
52.7826507,39.7297637
52.857452,39.8327322
52.6463622,39.6840367
52.5961011,39.6025277
52.5009253,39.9558367
52.5994023,39.6070438
52.5978083,39.6070557
52.6171151,39.5842781
52.6174672,39.5974323
52.6103607,39.565286
52.6095791,39.5638155
52.6103476,39.5730126
52.6045851,39.5735246
52.6027215,39.5733856
52.6034976,39.6030568
52.6170866,39.5972294
52.616252,39.597572
52.6474637,39.6895116
52.6458524,39.6884123
52.5593958,39.7270342
52.5497114,39.5712599
52.6123856,39.5982479
52.6125561,39.5990694
52.5486641,39.5694752
52.509858,39.5766599
52.605337,39.5934176
52.6035824,39.6026419
52.4945604,39.9503066
52.500256,39.9554198
52.5009086,39.955285
52.5011029,39.9545371
52.5821059,39.617831
52.6006368,39.6057974
52.5596162,39.5836808
52.5702245,39.6019234
52.573021,39.6504975
52.622912,39.5684936
52.6445148,39.6916612
52.6314814,39.7381767
52.5955993,39.5945337
52.5958241,39.5948137
52.5992952,39.6067835
52.6003097,39.6087412
52.599175,39.6088952
52.5265048,39.7996967
52.4958632,39.8813668
52.5248745,39.8037118
52.6046846,39.5978926
52.5487743,39.5688451
52.6169579,39.57825
52.5734531,39.6506622
52.523726,39.80446
52.4948522,39.9500275
52.6431557,39.6871009
52.5744261,39.6680626
52.6433127,39.68682
52.6230375,39.5682495
52.5911882,39.5904703
52.6164967,39.5689788
52.6165646,39.5690884
52.6049908,39.5977831
52.6124485,39.5979227
52.5100423,39.5778152
52.6100786,39.5635499
52.6223277,39.5738649
52.6176938,39.6052692
52.4863521,39.6676961
52.5729139,39.6223317
52.576074,39.6207846
52.5726757,39.622227
52.6194515,39.6255231
52.6195225,39.6260842
52.6177758,39.6079726
52.6173827,39.5980113
52.6175947,39.583298
52.6025782,39.5744568
52.5701431,39.6012714
52.514178,39.816475
52.516653,39.8185921
52.4953542,39.9405408
52.5957899,39.5949505
52.6056424,39.5934075
52.6044714,39.5933177
52.6099724,39.5730583
52.5830788,39.6183556
52.5899884,39.6161689
52.5903211,39.6162477
52.5743959,39.6277132
52.5486098,39.5700585
52.5640104,39.9277798
52.5850638,39.9294287
52.5835125,39.9314201
52.5846999,39.9283821
52.5858012,39.9278381
52.5675387,39.9316899
52.5664513,39.9297832
52.6176259,39.6080159
52.6174109,39.6079743
52.5245372,39.8028067
52.5146885,39.8171605
52.6222382,39.5737585
52.5837167,39.580419
52.5174323,39.8208215
52.5149724,39.8175982
52.5167029,39.8183357
52.5156149,39.8202638
52.0439686,39.7285812
52.0533682,39.7374635
52.0536148,39.7369738
52.053954,39.7367755
52.1798742,40.466195
52.1800713,40.4662377
59.5438011,150.8767918
59.6250476,150.7848285
59.5745798,150.816107
59.5734748,150.8152146
59.5740862,150.8161745
59.5494466,150.8133715
59.56024,150.7981081
59.5603954,150.7991402
59.5606011,150.7988316
59.5730801,150.802016
59.5651967,150.788688
59.5650304,150.7887556
60.0267308,150.7412856
60.0509673,150.7664135
62.2432639,151.7658547
62.9261745,152.4063982
62.9397662,152.3835163
62.122266,155.0141873
62.5179919,155.7659678
62.5095089,155.7767917
62.5096571,155.7771194
62.5097193,155.7768156
62.5077244,155.7838581
59.7328225,149.3570552
59.7564808,148.6588523
55.5216948,37.3822274
55.2784285,37.146361
55.5882872,37.2156585
55.5769288,37.2074321
55.270709,37.1260696
55.5572079,37.1515603
55.5568301,37.150923
55.555428,37.1460174
55.5587926,37.1570931
55.4734235,37.3110241
55.4660401,37.2933128
55.3983244,37.2375601
55.3982527,37.2374736
55.5016362,37.3335493
55.4403031,37.2883187
55.4961627,37.3325057
55.2710893,37.1270898
55.2780254,37.1453002
55.5605471,37.1505052
55.5480616,37.1188224
55.4022941,37.2392616
55.4068137,37.2496544
55.4898703,37.3039864
55.4838346,37.3217211
55.4858874,37.3255098
55.4847143,37.3227024
55.4295733,37.276059
55.579608,37.1633185
55.5651165,37.1522537
55.5645139,37.1524003
55.4733414,37.3111904
55.564852,37.1525209
55.4858409,37.3253159
55.3993196,37.2489255
55.5779595,37.234667
55.5770379,37.3749219
55.5773049,37.3752158
55.5432192,37.3830312
55.4009114,37.2415402
55.4010396,37.2409961
55.4017214,37.2442438
55.4028092,37.243597
55.5710851,37.2013321
55.5361593,37.3682542
55.4105123,37.2233853
55.490354,37.3029689
55.4418951,37.2892664
55.4655804,37.2941376
55.4660123,37.2939073
55.3531269,37.3413603
55.3996722,37.2392106
55.5379631,37.3734506
55.7863338,37.3709063
55.9507661,37.3499972
55.7653073,37.3704777
55.763294,37.3690823
55.7902855,37.3735387
55.7648885,37.3683436
55.841639,37.3724824
55.8425263,37.3538008
55.8466184,37.3607889
55.8396592,37.3448673
55.8414878,37.3713934
56.0080615,37.2009306
56.0072819,37.2017949
56.0008408,37.208966
55.9978602,37.237987
55.9972516,37.2367041
55.9830138,37.1788516
55.9822928,37.210564
55.993113,37.2142029
55.9795465,37.1871577
55.6084604,37.2923091
55.7676116,37.3692178
55.6321755,37.328199
55.6225722,37.2756891
55.6218034,37.2703315
55.6208324,37.270468
55.5979708,37.2427435
55.5905708,37.2255716
55.8496975,37.3674363
55.7699212,37.3693123
55.7655236,37.3691166
55.7674086,37.3695549
55.7942841,37.3769688
55.8499592,37.3678951
55.7306857,37.3773808
55.7320952,37.3785771
55.5924915,37.234222
55.6476189,37.2698695
55.5976953,37.3100984
55.6209868,37.3383531
55.6329861,37.3345615
55.6076123,37.353346
55.6095155,37.3566799
55.6344258,37.3421385
55.6418505,37.3581342
55.6092967,37.3531275
55.6416792,37.3584657
55.9737014,37.1834575
55.9800181,37.2625084
55.9770711,37.1686314
55.9820037,37.2107977
55.9999074,37.2444533
55.9916304,37.2146208
55.9912652,37.2141988
55.9912282,37.2240952
55.9955672,37.2320554
55.9945216,37.2295815
55.7650498,37.3672457
55.6053103,37.297882
55.5998131,37.3059696
55.6009228,37.3044952
55.5981275,37.3131987
55.9701214,37.1490532
55.996359,37.212072
55.5879596,37.2146474
55.9841538,37.1644667
55.977931,37.1682128
55.6090506,37.3548807
55.9949835,37.2128901
56.0077245,37.1687391
56.0080224,37.2011039
55.5892992,37.2221222
55.7618754,37.3690658
55.6432699,37.3611097
55.9732319,37.1492365
55.9737519,37.1489984
55.9771482,37.1586893
55.9840511,37.1644671
55.984166,37.1668571
55.9771026,37.1491836
55.9995566,37.1936582
55.9840485,37.1665586
55.9784311,37.1745678
55.9966521,37.2355202
55.9834889,37.1466445
56.0094264,37.191524
56.0092234,37.189325
56.0076418,37.2005648
55.822972,37.3618868
55.6029781,37.2929981
55.6341004,37.3444393
55.6432513,37.3614527
55.9787999,37.1873514
56.0011024,37.2093279
55.8222262,37.3618954
56.0008914,37.2438803
55.9744715,37.1835717
55.9699526,37.1836175
55.9700731,37.1756169
55.970195,37.1756151
55.9705891,37.1835399
55.9795969,37.1895188
55.973664,37.1830022
55.9914334,37.2244435
55.979873,37.2598348
55.7386138,37.3729331
55.9998128,37.2448622
55.9818508,37.1474872
55.6066282,37.2889869
55.5930316,37.2336012
55.8502651,37.3672627
55.9811108,37.2042968
55.959334,37.1867974
55.8402726,37.3507701
55.6486063,37.2612637
56.0118831,37.2041504
55.839168,37.3413496
55.9998,37.2440867
56.0114001,37.2042049
55.974525,37.1834825
55.6073665,37.2855739
55.6116962,37.3808387
55.6128503,37.3789761
55.8613359,37.3476113
55.9807763,37.1705423
55.6055279,37.1641395
55.6059478,37.2878719
55.5931171,37.2355462
55.6139394,37.3734593
55.6444178,37.3293556
55.6367172,37.3363495
55.636733,37.3505275
55.6359927,37.337266
55.6321933,37.3480117
55.6360047,37.3357485
55.5913095,37.2868915
55.5904841,37.2836651
55.6483237,37.2696074
55.983741,37.1467986
55.9837078,37.1465734
55.6321602,37.3270676
55.6053029,37.2976889
55.856195,37.3554934
55.9914978,37.2196154
55.6048962,37.2921291
55.7010034,37.4004987
55.7773438,37.842453
55.7158818,37.4022497
55.7034286,37.4007631
55.702284,37.3996544
55.7695728,37.5967711
55.7565781,37.6300747
55.7475736,37.6119933
55.8748715,37.526547
55.8795163,37.482289
55.8417182,37.5223403
55.8494756,37.4897038
55.8400421,37.4880184
55.8178017,37.7541275
55.6330321,37.5397846
55.6636416,37.4827065
55.6465322,37.4757648
55.6395776,37.5374135
55.6394184,37.5386042
55.8231837,37.5196324
55.8257279,37.5296297
55.8080419,37.5709599
55.8429538,37.4785593
55.8631658,37.4649774
55.8619423,37.4638299
55.8609085,37.4662598
55.8638344,37.464237
55.815075,37.5016397
55.8181084,37.4989766
55.7701795,37.5959026
55.641118,37.6835846
55.5922261,37.7288767
55.7339413,37.4056269
55.8031146,37.7989363
55.7208421,37.6746153
55.6756043,37.6259169
55.875034,37.4333006
55.8879916,37.645463
55.6494471,37.5646564
55.8757953,37.4310822
55.9034987,37.5421726
55.8877283,37.6741479
55.7180661,37.5684946
55.717014,37.6620236
55.8483005,37.5855649
55.8267516,37.6469299
55.7946295,37.7012702
55.7275368,37.6147765
55.7388972,37.6516468
55.7701543,37.6511387
55.7883922,37.7622754
55.7617315,37.7698972
55.7743391,37.8431873
55.7593985,37.6462527
55.8756781,37.4309469
55.8305125,37.6515969
55.8467434,37.6703294
55.8211022,37.6419561
55.7734613,37.6278692
55.7932983,37.7994318
55.7669292,37.6218199
55.766056,37.6364567
55.7831455,37.7462915
55.735974,37.5169412
55.7640864,37.3819325
55.6406927,37.4634221
55.5968828,37.535483
55.5926242,37.5304983
55.6507254,37.4810332
55.7464572,37.6695504
55.6499101,37.5637569
55.6062359,37.5324334
55.5981628,37.5296115
55.7404799,37.8418267
55.7004621,37.5457517
55.710198,37.5060149
55.715655,37.5362539
55.7539757,37.5595957
55.750157,37.6597561
55.7495624,37.6690057
55.664426,37.548541
55.6874477,37.4284557
55.7738415,37.6200327
55.7735363,37.621617
55.7783809,37.6306836
55.6847406,37.8367602
55.7077211,37.8389884
55.7730613,37.6090519
55.7925356,37.6347386
55.7961706,37.7029048
55.7469895,37.640817
55.7672304,37.6220652
55.7807436,37.6163216
55.7817309,37.6162124
55.7926422,37.6216896
55.7813437,37.6153044
55.7295778,37.655214
55.7733793,37.6134349
55.7598111,37.6845203
55.7242701,37.4488963
55.7243188,37.4508363
55.7231249,37.4461012
55.8679693,37.6753153
55.867823,37.6132079
55.8683963,37.6129153
55.631724,37.5396026
55.7702027,37.6437226
55.7933389,37.6168214
55.7932828,37.6162997
55.7933427,37.6150502
55.7923902,37.6282854
55.7919247,37.6382546
55.7926807,37.6395508
55.7956637,37.6354819
55.6380199,37.544397
55.7151598,37.5357427
55.7060661,37.5540519
55.7249644,37.5344341
55.8103887,37.7985766
55.8029337,37.8301371
55.810619,37.8293958
55.8133088,37.8342204
55.6904755,37.8292183
55.7062143,37.8411392
55.7088119,37.8301605
55.5920536,37.7307525
55.6344992,37.6994887
55.7795288,37.66608
55.8522384,37.584653
55.7112142,37.6657336
55.8129797,37.8292583
55.7951375,37.7053806
55.8906235,37.4988812
55.6943248,37.5564945
55.6948816,37.5570344
55.8293621,37.649651
55.7622072,37.772331
55.7685542,37.8402337
55.7680883,37.8216405
55.7498465,37.8308571
55.7489998,37.8303941
55.7679646,37.8405176
55.7661158,37.822435
55.7672038,37.8316357
55.7249891,37.8004015
55.8082199,37.6158818
55.7916876,37.5890247
55.7931447,37.6793768
55.7956032,37.5843812
55.7919571,37.5832779
55.663195,37.6306955
55.7179407,37.6635726
55.7362914,37.6457157
55.7015751,37.6151269
55.6821299,37.5892952
55.6630608,37.4381863
55.8743405,37.5860597
55.8703979,37.5852441
55.8703152,37.5846044
55.8697982,37.5870521
55.6646089,37.4306454
55.7061852,37.5135346
55.7454331,37.4217634
55.8215899,37.6433954
55.7555327,37.5995326
55.7386422,37.5863192
55.8906986,37.6217625
55.8909489,37.6220945
55.672459,37.6262699
55.6706992,37.6275717
55.6628811,37.6259241
55.663217,37.6196304
55.8429771,37.5848063
55.8084002,37.5804376
55.7035997,37.6455009
55.7202182,37.7026994
55.7869977,37.5617749
55.7013259,37.6123025
55.7311477,37.5439363
55.7374608,37.5378699
55.792226,37.5853033
55.8475264,37.6602902
55.6378649,37.6549449
55.6683644,37.6288528
55.6387157,37.6898854
55.5893761,37.7322174
55.7033979,37.621544
55.6014112,37.7223304
55.8871649,37.5874183
55.7055294,37.6173181
55.8325015,37.6527696
55.6939853,37.6090963
55.6109589,37.7175397
55.6574359,37.6514113
55.7054971,37.6867628
55.7158354,37.6848782
55.7153593,37.681041
55.884049,37.7210499
55.8844947,37.7307587
55.8378155,37.6366978
55.8451083,37.5612821
55.8506337,37.439041
55.8521429,37.392748
55.7676187,37.5933352
55.8434815,37.4392823
55.849427,37.4394538
55.8489228,37.4230755
55.8469555,37.6266685
55.867001,37.585163
55.6306335,37.7515432
55.656767,37.840197
55.6305438,37.7504162
55.8320623,37.4061278
55.834478,37.392718
55.8327187,37.4066341
55.8328724,37.4057811
55.8338867,37.3894016
55.6352307,37.7487743
55.7744125,37.7118155
55.7114891,37.8195339
55.8084741,37.39116
55.8519209,37.451553
55.7341875,37.6433827
55.7551668,37.6572984
55.7297482,37.6261252
55.7300303,37.6204519
55.754006,37.7157791
55.7535804,37.71609
55.8216002,37.6205581
55.8086639,37.4762374
55.8026214,37.4753963
55.8026252,37.4769438
55.7465317,37.6799245
55.74815,37.700153
55.7517092,37.7176706
55.7442495,37.8452349
55.7477489,37.8417976
55.8018996,37.4773678
55.8028353,37.475817
55.6409235,37.8181055
55.7779587,37.8465849
55.7774471,37.8428357
55.805277,37.4113152
55.8051196,37.410784
55.8005101,37.3911286
55.8015197,37.3853005
55.745198,37.8152001
55.7445203,37.8087136
55.6802428,37.664751
55.6575036,37.6538307
55.6157341,37.6599407
55.6410522,37.6851266
55.6323304,37.6846863
55.6386711,37.6902059
55.6381172,37.6909006
55.6476408,37.6486423
55.6985657,37.9398796
55.7182375,37.8417494
55.7180273,37.8434469
55.7092776,37.8522025
55.7395649,37.6736461
55.739894,37.8160947
55.7312559,37.8474588
55.738317,37.672856
55.7460766,37.6798775
55.7446174,37.6016373
55.7671457,37.6087369
55.7328959,37.4892986
55.7312478,37.4916564
55.7271791,37.4944897
55.7327032,37.490574
55.7322024,37.4901662
55.7381153,37.514315
55.7572698,37.3969973
55.6175287,37.6577716
55.6170597,37.6582532
55.7390827,37.5309563
55.7413623,37.5344373
55.7828209,37.699689
55.620946,37.6700357
55.6575187,37.6534542
55.663716,37.6336753
55.6348978,37.673262
55.7434682,37.651568
55.7462178,37.6381026
55.7110249,37.6219411
55.6630398,37.6315643
55.6620292,37.4827076
55.7395222,37.5358047
55.7419697,37.5346023
55.7341202,37.6428703
55.7667981,37.4753781
55.7502935,37.4310757
55.6815339,37.6637747
55.7115565,37.5264257
55.7073086,37.5118447
55.7509891,37.7130782
55.731162,37.6726575
55.7179544,37.6638649
55.6295227,37.6627491
55.6288206,37.6623795
55.7317232,37.6058428
55.7822376,37.6967436
55.7760834,37.8380341
55.6556947,37.4954918
55.632457,37.4434057
55.6172492,37.447911
55.7214118,37.8255534
55.7945984,37.7037746
55.7945608,37.7004693
55.7949793,37.7011016
55.7676119,37.8237047
55.7682914,37.8222566
55.7956653,37.7044611
55.7949431,37.7051881
55.7950688,37.7048617
55.6972744,37.8049579
55.7013385,37.792699
55.8980517,37.5901708
55.744401,37.6989104
55.7926699,37.6048577
55.7924285,37.6397458
55.7787706,37.6760722
55.7722758,37.8430265
55.7665274,37.8428245
55.7221416,37.4498295
55.7206371,37.4506429
55.6864861,37.4769742
55.8783896,37.5465858
55.7552834,37.5331554
55.7554294,37.5367858
55.7565317,37.5336173
55.7501769,37.5331905
55.7623242,37.7722344
55.7496484,37.5329392
55.7558564,37.5333937
55.7669995,37.5380264
55.7628732,37.5632231
55.7705278,37.5561809
55.7656327,37.5421311
55.6470393,37.484827
55.7641383,37.6563983
55.7591367,37.7564518
55.7668272,37.6972423
55.8240759,37.8249633
55.6404208,37.4633729
55.7571057,37.7450289
55.8234914,37.8218906
55.8224392,37.8255295
55.8208073,37.8262519
55.7922723,37.5823057
55.7726737,37.8248695
55.7718465,37.8226159
55.7484073,37.6988907
55.7480243,37.6966016
55.7495223,37.6983008
55.7486116,37.6987435
55.776809,37.5554052
55.6859491,37.8332356
55.7997625,37.5155687
55.5956754,37.5961244
55.5959842,37.5881446
55.6413471,37.6070836
55.6412315,37.6070742
55.6419344,37.6057832
55.7943911,37.5467319
55.792609,37.5507211
55.7065798,37.5807227
55.6411558,37.8161175
55.5924542,37.5288557
55.7439459,37.6032143
55.7642522,37.3820038
55.7509734,37.6560683
55.7712392,37.4748888
55.7920904,37.5519316
55.6295516,37.4339766
55.7467062,37.6702615
55.6533889,37.6052974
55.7629745,37.6861769
55.7945349,37.396733
55.8494572,37.6747523
55.8472109,37.6704616
55.8559215,37.5840832
55.7544572,37.6002525
55.7529963,37.6010652
55.7617179,37.6868197
55.7502441,37.6658585
55.7495091,37.6530106
55.6224088,37.5432968
55.7596611,37.6835934
55.6712067,37.4524675
55.8524391,37.4965758
55.7499566,37.7799203
55.8331314,37.4053086
55.6912128,37.8600169
55.6757733,37.8567381
55.6798932,37.5959815
55.785752,37.5662219
55.7538866,37.5706556
55.7509154,37.575462
55.7525103,37.5742897
55.7565979,37.5840099
55.7847039,37.5664917
55.7858263,37.5660672
55.7699414,37.5552643
55.7676272,37.8442677
55.7768413,37.4648629
55.7763055,37.5034857
55.7762273,37.5035797
55.7733857,37.5488846
55.6917651,37.8602603
55.8356663,37.3845483
55.815887,37.6386779
55.8181296,37.6385861
55.6854935,37.4157539
55.6820528,37.4157436
55.6189442,37.7777061
55.6565456,37.5711065
55.7407664,37.6540498
55.7417846,37.6535222
55.7165484,37.5173943
55.7794133,37.6662784
55.750291,37.6660481
55.7000182,37.6673001
55.7290999,37.6177203
55.7645712,37.6055673
55.7784939,37.5810905
55.7490451,37.6675116
55.7505379,37.6658527
55.7438392,37.6552966
55.7357022,37.5940693
55.7301025,37.617838
55.7291849,37.619032
55.7569417,37.6153567
55.7344964,37.5963837
55.7350089,37.5938226
55.728085,37.6108015
55.70903,37.5819639
55.7069224,37.5790914
55.7077161,37.5801998
55.7103741,37.5851287
55.7119254,37.5797746
55.7091856,37.5822092
55.712056,37.5800347
55.729962,37.6123085
55.7307607,37.6083013
55.7465615,37.6793824
55.7111832,37.621005
55.7480291,37.6121201
55.7170288,37.5704555
55.8042395,37.7591664
55.7480932,37.6686081
55.8502034,37.402706
55.803656,37.7076755
55.6623168,37.6196251
55.7794144,37.7207803
55.7793127,37.6225175
55.8016921,37.7486412
55.7502416,37.6656001
55.7512915,37.5709199
55.6286718,37.4289035
55.6158236,37.7781256
55.7353962,37.7038385
55.6781883,37.5630005
55.612395,37.5914262
55.7307602,37.6605027
55.7489134,37.6416459
55.7014811,37.5789294
55.7519401,37.5835082
55.6564584,37.7617933
55.6629458,37.7542852
55.595487,37.5885186
55.821405,37.6206873
55.8472356,37.5845732
55.7653587,37.6044139
55.733385,37.5428274
55.685837,37.4778468
55.6857492,37.4767629
55.6808939,37.749387
55.6884168,37.7171167
55.7099169,37.7267817
55.7006119,37.7511082
55.8212028,37.4460417
55.7022746,37.5489462
55.8419552,37.6362714
55.6200279,37.712351
55.6110123,37.717874
55.613029,37.7162443
55.7085606,37.6661295
55.7037075,37.6593375
55.7064728,37.6672393
55.705999,37.6680735
55.6077678,37.7188531
55.656643,37.7265126
55.7995666,37.6858242
55.7231374,37.6929666
55.6797685,37.7356307
55.6677506,37.6604808
55.820216,37.4511804
55.6089545,37.6652056
55.718338,37.7794755
55.7184139,37.7810498
55.7168426,37.7743975
55.6990348,37.7330762
55.7306367,37.4825516
55.730394,37.4837201
55.7696764,37.5563489
55.7617171,37.6864876
55.8026,37.7972636
55.7207445,37.7000288
55.718133,37.6935957
55.7218311,37.6979457
55.7223168,37.6993692
55.7917867,37.6542171
55.6840718,37.7348957
55.6643865,37.5481773
55.7469159,37.4190611
55.5864261,37.5975415
55.8622885,37.5844246
55.8676316,37.5846849
55.8438011,37.5847973
55.6473817,37.4856309
55.651299,37.4865779
55.6944441,37.5562758
55.7356672,37.6985036
55.8084219,37.5806157
55.7907606,37.6555472
55.7341345,37.7013012
55.6878933,37.5453718
55.8036093,37.5187302
55.7277652,37.7542142
55.72395,37.4509032
55.693287,37.535561
55.7184067,37.57006
55.6560684,37.7413737
55.7278677,37.7547736
55.7885989,37.3832453
55.7725935,37.4239029
55.811999,37.3985836
55.7285403,37.6528327
55.8106341,37.5804226
55.7209291,37.4336695
55.7374181,37.51052
55.7411817,37.6548111
55.6931251,37.5362784
55.6916128,37.5329096
55.6393306,37.537846
55.6380247,37.54323
55.6554083,37.5399973
55.7011637,37.5462565
55.7175858,37.568965
55.7153726,37.5363153
55.6530747,37.6053107
55.710051,37.6655363
55.7718632,37.415855
55.7532631,37.5735911
55.6288989,37.4223533
55.856681,37.5843716
55.704564,37.6369655
55.7045491,37.6352852
55.6702571,37.6277609
55.7132004,37.6770709
55.6343194,37.5203951
55.6106217,37.4907527
55.7659755,37.5406633
55.7634113,37.5608365
55.6173349,37.6942251
55.7720467,37.4211046
55.6633977,37.5087645
55.7470728,37.6557296
55.8103133,37.5798954
55.7018906,37.5480163
55.6635656,37.6135325
55.6635432,37.6138057
55.6880276,37.5451292
55.7455361,37.5761531
55.8791831,37.4818458
55.7498849,37.6524391
55.6968938,37.8055162
55.701324,37.6674342
55.8075897,37.3952825
55.7510125,37.6008709
55.8506799,37.4395983
55.8982816,37.3994747
55.7544534,37.818199
55.6100584,37.6672373
55.8798566,37.586557
55.6932406,37.5363741
55.7447901,37.6025521
55.7010152,37.5465176
55.6703097,37.5859572
55.7411402,37.6547358
55.8635226,37.5483992
55.7299068,37.6238431
55.7116722,37.6217915
55.7336389,37.6690634
55.6880745,37.5733723
55.7223813,37.5551941
55.6414226,37.6058008
55.6441558,37.6559775
55.6588735,37.6403372
55.7363917,37.6986531
55.7526123,37.573797
55.7748766,37.6842358
55.7796731,37.7207317
55.7869999,37.7425946
55.7190409,37.6941689
55.7305708,37.6606321
55.7957416,37.7143335
55.74544,37.5662287
55.7446387,37.5719003
55.7529399,37.5744592
55.808635,37.5066536
55.6615783,37.4281851
55.6466385,37.4869566
55.8547108,37.5666751
55.7052126,37.6213552
55.5988514,37.7239695
55.7090619,37.6671441
55.75175,37.8170215
55.7461002,37.782302
55.747859,37.7665305
55.7703989,37.6436321
55.6552112,37.5386738
55.6556373,37.5396932
55.6558461,37.538391
55.6330567,37.6026178
55.6361829,37.6955337
55.7877591,37.7455759
55.7807063,37.6702695
55.7811893,37.6693499
55.9224526,37.3902655
55.7257386,37.535104
55.7194137,37.7849791
55.7248939,37.7637666
55.7196813,37.7847012
55.7267287,37.7596671
55.9020617,37.5421704
55.6840634,37.552358
55.7329367,37.5437514
55.7232323,37.6938397
55.8093176,37.4930748
55.7888531,37.5573689
55.711728,37.6728294
55.7684021,37.8416552
55.7669901,37.8408718
55.829582,37.8253946
55.7669888,37.8405983
55.8316851,37.4054483
55.8341998,37.3909477
55.7026548,37.4001364
55.7454416,37.5828905
55.6193126,37.7130701
55.7914876,37.5905861
55.7924895,37.585426
55.7737828,37.6181258
55.7290365,37.6165895
55.6700574,37.5866367
55.7997359,37.5042425
55.8006697,37.3891407
55.8869526,37.6737681
55.6864638,37.5723056
55.8902297,37.4038798
55.7130084,37.8310682
55.7102507,37.5059106
55.7732161,37.6089518
55.7637243,37.5609928
55.808412,37.3898597
55.8307198,37.4038239
55.6342633,37.6197701
55.7039496,37.6175117
55.8956627,37.5867882
55.7304216,37.658887
55.7301242,37.6577866
55.6706236,37.5850092
55.6990167,37.7328501
55.6621717,37.7411455
55.6271623,37.4392629
55.7443322,37.80822
55.7272859,37.6371349
55.8234522,37.822483
55.6061335,37.5323643
55.6040515,37.5426131
55.7347621,37.5980659
55.7458789,37.6418756
55.7723049,37.8200839
55.7476854,37.6123345
55.7070064,37.5117281
55.6706006,37.4954434
55.778143,37.8423763
55.6775277,37.5635477
55.8693785,37.6644773
55.8501538,37.6710253
55.7066071,37.5128135
55.7379499,37.6479935
55.7754443,37.4793401
55.8902144,37.6198386
55.6566581,37.7623111
55.8696054,37.6649443
55.8697135,37.6646419
55.8871789,37.6745314
55.891542,37.6199287
55.6490396,37.5640696
55.6391904,37.5383546
55.8011749,37.5062542
55.7052182,37.6676324
55.8459172,37.6357465
55.5960202,37.5875624
55.7813288,37.669068
55.7809667,37.6698059
55.7807308,37.6702282
55.7048147,37.5159349
55.7310583,37.7230248
55.7050377,37.8436861
55.7237906,37.4508866
55.7488452,37.641278
55.7478543,37.6465002
55.7392152,37.6498578
55.7497251,37.6250566
55.7798034,37.720537
55.7608354,37.6856496
55.7719874,37.6522345
55.7746019,37.6520851
55.8068105,37.6154711
55.6821734,37.8427694
55.8299062,37.6504922
55.8314679,37.6517471
55.7296285,37.6553106
55.7463998,37.6132195
55.7355434,37.6462533
55.7282913,37.6534068
55.7184944,37.5701957
55.7228507,37.5556305
55.7541718,37.570241
55.7539941,37.5702551
55.747634,37.5759955
55.7301818,37.6120341
55.8258748,37.529875
55.8342366,37.5345212
55.663159,37.4383546
55.8625104,37.465434
55.8628729,37.4659425
55.6607478,37.4820812
55.7541219,37.5608267
55.7615738,37.6842083
55.7675228,37.3758268
55.7554541,37.5373937
55.7818131,37.6149396
55.7720261,37.4963441
55.7984984,37.5365837
55.8024102,37.7691921
55.8002035,37.5321896
55.7764372,37.4692233
55.7786988,37.479327
55.7767465,37.4681749
55.8962307,37.5876414
55.8016149,37.5283391
55.7959748,37.7145191
55.7513928,37.6007668
55.8985142,37.5877078
55.7082003,37.8598739
55.6408908,37.8185739
55.898291,37.3997312
55.7345004,37.6435824
55.7112911,37.6220482
55.745984,37.7809389
55.8848983,37.4088127
55.6153506,37.500002
55.6488601,37.6056677
55.6413716,37.6056701
55.7032233,37.6171439
55.8321423,37.4055761
55.7245424,37.79902
55.7916121,37.5511374
55.8880084,37.6452004
55.7207762,37.6585972
55.8034159,37.5220752
55.7789489,37.7205072
55.7990314,37.5152967
55.6519566,37.3873908
55.6205644,37.7124534
55.8905067,37.620581
55.7109847,37.6660665
55.7316836,37.6706355
55.773042,37.632475
55.7725023,37.4931473
55.8980824,37.586877
55.7083304,37.8543407
55.7222234,37.7090355
55.7401931,37.653378
55.7421133,37.6538701
55.7802616,37.71782
55.7663698,37.5357057
55.7691967,37.5130873
55.7705102,37.5424765
55.744313,37.8305701
55.7509902,37.5681005
55.8742492,37.4544516
55.9202378,37.5396452
55.7437951,37.8416257
55.6059023,37.6279866
55.7479469,37.6679662
55.7522516,37.7453498
55.7531045,37.7399312
55.7572323,37.7476432
55.7527158,37.7396491
55.7491787,37.7480294
55.7030971,37.6544139
55.7364954,37.5172181
55.7309937,37.5443628
55.7283779,37.5438928
55.745967,37.5763482
55.7128322,37.3858697
55.8216013,37.642481
55.7736347,37.4858801
55.7917648,37.5887298
55.7063478,37.6877361
55.8135971,37.8387338
55.8141261,37.8386676
55.8169376,37.8385614
55.827542,37.8316511
55.8295711,37.8289088
55.8561269,37.5853247
55.6567923,37.7617838
55.8825991,37.7249579
55.8785671,37.7331919
55.8826678,37.7262065
55.8818736,37.7249539
55.897473,37.672186
55.8929056,37.6737904
55.8944383,37.6732028
55.8853811,37.720144
55.9082771,37.5434616
55.9121416,37.5441395
55.9078554,37.5431955
55.9088107,37.5518824
55.9107714,37.5809061
55.9101187,37.5855589
55.6889127,37.8294406
55.7206673,37.8389947
55.7191085,37.8388046
55.7268307,37.8397389
55.7047114,37.8330814
55.6827428,37.8323718
55.7076225,37.8350586
55.7077328,37.8367085
55.6570761,37.8359731
55.640662,37.8201443
55.6427119,37.8232828
55.6491635,37.8330626
55.8855793,37.4810439
55.89189,37.4967502
55.8883261,37.4867919
55.8918006,37.4955334
55.8926551,37.4980644
55.6389157,37.6904262
55.8834532,37.4669487
55.8817026,37.4447969
55.8813922,37.4447006
55.8820835,37.444776
55.8812099,37.4458473
55.8839611,37.441905
55.7752427,37.5545856
55.5933934,37.7324834
55.8500521,37.3926348
55.8755757,37.4247304
55.8774397,37.4313996
55.8762948,37.4276912
55.7905644,37.6569959
55.8488657,37.3852004
55.8482366,37.3918261
55.8339345,37.3888676
55.8355939,37.3878316
55.8326232,37.3877571
55.8305038,37.3946269
55.7494724,37.8308066
55.7679343,37.8401198
55.6682611,37.6608562
55.7726798,37.4954075
55.8322919,37.3879251
55.8012423,37.3840297
55.8101282,37.3889981
55.8075651,37.3877001
55.8085215,37.3910118
55.809381,37.3861045
55.8267783,37.6479804
55.7441468,37.809083
55.7219115,37.8251971
55.787769,37.5616339
55.7828221,37.5617971
55.788539,37.5697519
55.7881583,37.55958
55.8198769,37.639789
55.614854,37.7153367
55.8090428,37.4943824
55.7831357,37.6987825
55.6863043,37.9181009
55.686331,37.9182506
55.5897077,37.5282521
55.592414,37.5258061
55.591536,37.5284132
55.6393008,37.4609409
55.6138,37.4886661
55.6613959,37.4327693
55.9123281,37.3891593
55.6883615,37.4371643
55.7323532,37.3777848
55.7746494,37.5543291
55.7695848,37.6544715
55.7296579,37.6202038
55.7388545,37.6499745
55.729703,37.6161141
55.7589308,37.584566
55.6407641,37.6192189
55.7746818,37.6844894
55.7783169,37.7205639
55.7998841,37.4066773
55.7423034,37.6070245
55.7390815,37.6739324
55.6315744,37.6188605
55.7995113,37.3899932
55.722154,37.8243733
55.7671566,37.8337239
55.7705219,37.841777
55.8034705,37.829619
55.8142744,37.828893
55.8168351,37.8279882
55.7198183,37.7114778
55.7204215,37.7014994
55.7192334,37.6945067
55.7247548,37.7999192
55.9196082,37.5408376
55.6283105,37.42955
55.8138707,37.837994
55.7951746,37.7045467
55.8187418,37.5231127
55.7629646,37.562812
55.7584072,37.5340157
55.7106054,37.8366442
55.7094567,37.8501346
55.8099347,37.791182
55.6601433,37.7544078
55.7086233,37.8529564
55.8800163,37.4051109
55.7745318,37.4770856
55.7183365,37.570266
55.7370963,37.5951234
55.7465259,37.6802328
55.7922772,37.5773099
55.8632241,37.5489588
55.8639406,37.5479482
55.7761899,37.5033399
55.7312772,37.8452042
55.7468361,37.6410741
55.7493499,37.655649
55.7504481,37.6557521
55.7507936,37.6562891
55.7105789,37.8455289
55.7116132,37.8389712
55.7121504,37.8350086
55.713204,37.8341547
55.7111485,37.8417167
55.9198484,37.539528
55.6507301,37.7684126
55.6512853,37.767793
55.7697046,37.6682048
55.7010469,37.6116848
55.7061705,37.8357376
55.7498993,37.6093614
55.8172003,37.6882173
55.8703462,37.4403062
55.9199715,37.5433971
55.6260445,37.7096926
55.7146356,37.6790647
55.8719535,37.5853507
55.8722334,37.58529
55.8266562,37.6478451
55.8667282,37.5850798
55.8675632,37.5846675
55.7548746,37.5351178
55.7659694,37.5188308
55.6309082,37.4384925
55.8469622,37.6400434
55.720837,37.5596875
55.7227694,37.5553741
55.7340535,37.5970132
55.8121085,37.3991259
55.8123223,37.398551
55.8123605,37.3984704
55.8212848,37.6635334
55.7399685,37.8172718
55.7208947,37.5588389
55.5953984,37.6028363
55.5906217,37.598873
55.87987,37.4474766
55.7450895,37.5722493
55.7448151,37.6145058
55.7511474,37.6011953
55.8669488,37.4847378
55.7106899,37.5066607
55.7501102,37.5330223
55.7076247,37.7308277
55.7087721,37.6661981
55.9117448,37.5443951
55.9125938,37.3898533
55.9005519,37.5452921
55.6100779,37.6102707
55.6126527,37.6101567
55.6103862,37.6084864
55.8462037,37.5679342
55.7925926,37.6593612
55.7162843,37.7976961
55.716431,37.7966167
55.7165555,37.7979971
55.7167971,37.7979296
55.7932394,37.7058591
55.6571109,37.8380599
55.7796942,37.7445128
55.6814562,37.6644158
55.712563,37.8404099
55.7040598,37.9261156
55.7570828,37.5331783
55.7541274,37.5321683
55.587171,37.5992945
55.5921979,37.5996284
55.5956089,37.5999201
55.5978622,37.6036017
55.697935,37.9399663
55.7935624,37.5107315
55.86252,37.505179
55.8619292,37.5049959
55.7073133,37.5892269
55.7193602,37.7028505
55.8091118,37.577477
55.8040671,37.5192955
55.8066705,37.5067223
55.817909,37.4992725
55.8100715,37.7906261
55.84091,37.4886976
55.7168765,37.4084474
55.6473248,37.484046
55.7011254,37.578819
55.5962462,37.7256547
55.5977845,37.7253697
55.5996662,37.7241342
55.6015322,37.722918
55.7667456,37.697297
55.6341406,37.7009297
55.623965,37.6158299
55.6345813,37.7003743
55.709529,37.8779313
55.6627102,37.7590662
55.6015596,37.7249376
55.7510765,37.5756721
55.8617939,37.5056429
55.6226914,37.5093464
55.6195026,37.5050356
55.8656102,37.5156609
55.6105345,37.7181164
55.6507254,37.6586276
55.6535589,37.6519024
55.8426063,37.5861962
55.6853002,37.4769082
55.6865641,37.4782134
55.7159254,37.3841868
55.7745555,37.6206905
55.6447856,37.6198356
55.6232472,37.6147747
55.6011168,37.7227681
55.8493765,37.5671268
55.6261876,37.7099413
55.6996741,37.8090111
55.6240355,37.7107033
55.9495021,37.5409289
55.7200769,37.4262238
55.7828366,37.6153517
55.6853988,37.477091
55.7384214,37.5271423
55.7228389,37.4481498
55.7501008,37.6422328
55.8415615,37.5702427
55.9194035,37.5445665
55.8152732,37.6848105
55.5950648,37.4788006
55.7504705,37.6427557
55.7205814,37.4314962
55.6336621,37.5417208
55.6233982,37.7116929
55.8924479,37.4970004
55.8129363,37.4749469
55.7484831,37.741135
55.9010292,37.5450449
55.6187802,37.6133811
55.9026683,37.5413654
55.8384968,37.544334
55.7139837,37.386547
55.845239,37.5851966
55.5987543,37.60376
55.768999,37.5567979
55.8475982,37.6583812
55.7718282,37.4148899
55.9011942,37.5448764
55.6138728,37.7160631
55.792321,37.587664
55.8696929,37.6640178
55.7155502,37.4004338
55.7030601,37.6670286
55.6331767,37.7502899
55.6350028,37.7495675
55.910567,37.5439466
55.9083426,37.5497526
55.7590252,37.7565278
55.595256,37.5987912
55.5956662,37.5952976
55.9082875,37.5459788
55.8136135,37.8326153
55.8081847,37.6161803
55.807419,37.6168057
55.7915552,37.6366242
55.7945822,37.6352727
55.7278682,37.6509183
55.7143909,37.3899472
55.8393413,37.4824883
55.6488617,37.6053718
55.6864111,37.8302636
55.6849976,37.8315227
55.6890778,37.8301058
55.757477,37.6309482
55.6886199,37.8264772
55.7969267,37.5135809
55.7735299,37.6134101
55.8824719,37.4821992
55.9239191,37.5457355
55.679541,37.8497436
55.8928663,37.6735535
55.5938674,37.7273314
55.5932505,37.73093
55.5912385,37.5296557
55.6668443,37.4289724
55.764995,37.6860062
55.7724414,37.8232598
55.718122,37.3838075
55.6601814,37.4350464
55.6643421,37.4310034
55.7216555,37.4497801
55.8645178,37.5100944
55.8677442,37.5138527
55.8717696,37.5012795
55.7051281,37.8339839
55.7078976,37.8339597
55.8855451,37.6730165
55.8893795,37.4834936
55.7115595,37.6072763
55.7110058,37.6221548
55.8403857,37.4894598
55.8542527,37.5430911
55.6024436,37.638264
55.7399088,37.6165079
55.6384009,37.6916515
55.7782015,37.6306641
55.7498303,37.43055
55.6419303,37.6703835
55.8382266,37.5430577
55.6630822,37.6235115
55.7899357,37.7449879
55.7831029,37.7436674
55.7134727,37.7292451
55.8185762,37.5232492
55.6078624,37.4967155
55.6097664,37.4943695
55.6116199,37.4926102
55.6133883,37.4899121
55.7367019,37.648626
55.9060799,37.5299544
55.8117967,37.8288418
55.6994066,37.4608397
55.7008172,37.4670498
55.8256066,37.5291526
55.7093582,37.7298063
55.717722,37.7188316
55.7933621,37.6158711
55.6417683,37.4656758
55.6513885,37.4447396
55.714154,37.3851483
55.6394679,37.4582762
55.7739845,37.6530913
55.7494666,37.6325726
55.6607441,37.4196415
55.7707289,37.8205865
55.7052236,37.4150952
55.7058568,37.4158579
55.710315,37.4052659
55.6012973,37.4835743
55.8458754,37.5687533
55.8461013,37.5679742
55.714755,37.3949827
55.6192592,37.7127492
55.8357398,37.39752
55.7034517,37.4189911
55.6367761,37.4623526
55.6382588,37.4587248
55.8194492,37.6703581
55.6996115,37.4601191
55.7263658,37.7592218
55.6873334,37.4285242
55.6086269,37.6657163
55.601461,37.6707017
55.7086661,37.7431174
55.7077013,37.7470226
55.5905794,37.7254149
55.5925881,37.730601
55.7524354,37.5312243
55.8615939,37.466878
55.6993801,37.42221
55.8112709,37.483038
55.7090952,37.8787438
55.6290613,37.6633139
55.7082923,37.7422863
55.8551731,37.5666135
55.7186273,37.5706526
55.6882719,37.5727955
55.802995,37.8210639
55.7094769,37.7343882
55.7081298,37.7473995
55.8084105,37.3911279
55.7076384,37.7475248
55.5902803,37.4758504
55.5959373,37.4800741
55.8135899,37.835772
55.7287286,37.3837403
55.7457357,37.5357054
55.7343898,37.4993448
55.7498851,37.5295088
55.5934908,37.4785799
55.8915525,37.4038962
55.9223352,37.5363406
55.7080684,37.7479204
55.7446702,37.4212208
55.7472157,37.4169259
55.8443029,37.559185
55.6406351,37.6203001
55.8301164,37.6513233
55.7687935,37.6499957
55.7667922,37.6972501
55.7471712,37.744874
55.725236,37.7918298
55.7311609,37.7758475
55.7113842,37.6220718
55.7293482,37.6119796
55.6597034,37.7583008
55.6710724,37.4515768
55.8100415,37.7995938
55.6368945,37.4561618
55.7011883,37.629865
55.588959,37.4751837
55.6818507,37.7342238
55.8392062,37.5679893
55.8418672,37.5637282
55.839558,37.5669156
55.6997342,37.4545142
55.7003781,37.4570864
55.7121958,37.4541343
55.7771784,37.583789
55.7920207,37.6347618
55.6031594,37.6361441
55.7297056,37.6257516
55.608658,37.4951404
55.6084523,37.4886025
55.7667875,37.5336726
55.8082577,37.4648301
55.8082426,37.4650827
55.7921768,37.5098674
55.7447027,37.6014325
55.7450707,37.6020625
55.7062211,37.5147365
55.7611868,37.5790729
55.7470634,37.5761514
55.7027563,37.4792613
55.7726884,37.6322895
55.8118039,37.4754649
55.6631916,37.6262587
55.7442972,37.5337096
55.6147682,37.7765076
55.6137249,37.7752365
55.7225393,37.4987185
55.7222176,37.5020361
55.7225022,37.5002389
55.729331,37.6368722
55.7830765,37.7426554
55.722748,37.4008394
55.8790045,37.7215191
55.7420513,37.4178277
55.7832078,37.7426682
55.7174268,37.4081778
55.7379191,37.4367896
55.8491581,37.5521519
55.6046085,37.720706
55.6854632,37.4153587
55.7506063,37.6560329
55.6982006,37.9399107
55.831231,37.4022885
55.8395877,37.3947814
55.833208,37.39641
55.7590646,37.7567486
55.7424871,37.654142
55.7299398,37.6230817
55.6516767,37.4862127
55.8154719,37.692972
55.7394366,37.6508271
55.7798675,37.6442295
55.6186089,37.5054634
55.8276953,37.643444
55.7445203,37.6018656
55.7458117,37.5366261
55.8097067,37.492039
55.7464041,37.534729
55.7303742,37.7256663
55.7282495,37.7233316
55.7305792,37.7246214
55.7290328,37.725112
55.7221599,37.6995301
55.7698327,37.5655239
55.7622581,37.4671303
55.640618,37.6230974
55.5862227,37.4344475
55.7057011,37.6865169
55.7351841,37.5373422
55.842773,37.6692438
55.8417371,37.6639728
55.8446041,37.6539204
55.847262,37.5835577
55.8477544,37.5951397
55.8485346,37.5969048
55.8485969,37.5959429
55.8487555,37.5966396
55.8466664,37.6419082
55.8473985,37.6232863
55.8477619,37.6024514
55.8470775,37.6266573
55.8471119,37.6238149
55.8470929,37.6207327
55.7089836,37.7375489
55.7123941,37.7226466
55.7038566,37.7270744
55.6981169,37.7275437
55.7125905,37.7267879
55.758946,37.756148
55.6282328,37.4266631
55.7332719,37.669317
55.6015163,37.6297285
55.5788434,37.6147043
55.6816274,37.7757486
55.7727234,37.6468169
55.641852,37.6893542
55.698723,37.9405019
55.7101481,37.9151137
55.716043,37.9327351
55.7103095,37.9154796
55.7099612,37.915716
55.8350059,37.3967072
55.6713069,37.4508099
55.7521729,37.7169569
55.7831582,37.6996153
55.74503,37.5722101
55.8320999,37.396747
55.7499553,37.6433886
55.7091433,37.9081735
55.8349845,37.3949358
55.8306695,37.3952854
55.7270342,37.7482193
55.8822424,37.4501283
55.9079305,37.5950962
55.7439837,37.8408234
55.8954252,37.6693824
55.8947536,37.6772636
55.8954312,37.6638008
55.8955936,37.6736799
55.895595,37.6689327
55.723545,37.4499187
55.6814233,37.7350406
55.8189216,37.6717234
55.6004619,37.4146509
55.6354222,37.6847092
55.6365718,37.6815204
55.6361993,37.6846603
55.6458259,37.6935963
55.7937214,37.5103895
55.6343712,37.6472198
55.7091586,37.849275
55.7948394,37.5841066
55.7824309,37.7011967
55.6313485,37.4681641
55.7233943,37.6933505
55.7346524,37.6433209
55.8436929,37.6671074
55.7468847,37.5230649
55.8475684,37.623885
55.8475687,37.6549617
55.7444258,37.8155474
55.7427042,37.4987825
55.7827015,37.702197
55.6468809,37.8291182
55.6359302,37.8123799
55.6530846,37.8367731
55.6510444,37.834908
55.6700427,37.7248324
55.6609269,37.7134944
55.8569261,37.5851475
55.8302138,37.6460556
55.7829966,37.6974901
55.8800267,37.5585423
55.8781647,37.5459692
55.7336179,37.5015262
55.8464798,37.6366157
55.7655618,37.6866597
55.704238,37.5172013
55.7255692,37.7610224
55.6284157,37.4360259
55.7273489,37.6371309
55.6672614,37.6600693
55.7065785,37.8177725
55.7200846,37.7779204
55.6605041,37.7792575
55.6604174,37.7795675
55.6601646,37.7795584
55.657506,37.7964153
55.6602935,37.7800365
55.6823487,37.5888554
55.6841449,37.5522057
55.836437,37.5390956
55.8365149,37.5382936
55.8639939,37.4718959
55.7399702,37.6509625
55.7043427,37.6898286
55.7375319,37.5096074
55.7112812,37.6061274
55.7088482,37.5916137
55.7063722,37.5875611
55.7016952,37.57901
55.7278463,37.6146104
55.7275753,37.6144302
55.7148894,37.6794519
55.71412,37.6794703
55.7119613,37.6811041
55.6184791,37.5045736
55.7881888,37.7624117
55.707288,37.8377424
55.7048295,37.6298201
55.7049002,37.6297322
55.7324587,37.3789309
55.7003104,37.7289918
55.5959069,37.6190109
55.7787125,37.7205789
55.7786927,37.7202624
55.7821048,37.7191419
55.8160381,37.6851111
55.6625921,37.7414976
55.9176468,37.5445469
55.6297563,37.6623592
55.6372706,37.6744779
55.7271892,37.4127204
55.6463962,37.7109334
55.6379306,37.6617778
55.6573657,37.8163977
55.8443664,37.6683548
55.763915,37.5556015
55.8794487,37.5889705
55.8790593,37.5875511
55.61488,37.592599
55.7064076,37.55415
55.7064319,37.553705
55.7457771,37.699725
55.8875291,37.6700091
55.8874534,37.6690919
55.7728993,37.6319457
55.8189098,37.6390156
55.7011967,37.7931914
55.6504289,37.4851397
55.7465085,37.6673234
55.7724858,37.6042682
55.7353797,37.6993452
55.7721862,37.6038072
55.7090127,37.8779114
55.7527232,37.5313775
55.7478448,37.6463236
55.6651315,37.6435065
55.6651863,37.6438579
55.7347924,37.6443511
55.9197926,37.5433892
55.7951731,37.7026085
55.7948096,37.703519
55.7964692,37.702559
55.7717406,37.8200636
55.7716106,37.8200957
55.5540356,37.432451
55.5700898,37.6005623
55.5517659,37.5368745
55.5717023,37.5958915
55.5699137,37.5983057
55.5659877,37.6022995
55.551523,37.5388551
55.5521191,37.5371445
55.549881,37.4400652
55.5457361,37.5848002
55.5671052,37.5986978
55.5799077,37.5713491
55.5749306,37.6887294
55.5183488,37.5767966
55.5117087,37.5745201
55.573333,37.6900826
55.5785001,37.6945971
55.5184089,37.5774151
55.5746587,37.6841963
55.5769965,37.589177
55.5761203,37.5971437
55.58178,37.5691585
55.5754975,37.6077558
55.5819488,37.5695135
55.5766254,37.5967316
55.5738424,37.5971291
55.5512609,37.5871218
55.5743908,37.6419697
55.5733106,37.6452013
55.5574067,37.5880263
55.5765163,37.6407193
55.5735067,37.6378526
55.5427634,37.4768758
55.5400015,37.4946765
55.5571737,37.4282701
55.5815327,37.445539
55.5833806,37.470694
55.5809611,37.4662607
55.5101657,37.5628967
55.5512482,37.4342364
55.548663,37.4235682
55.552881,37.4365139
55.549271,37.4234115
55.5485887,37.4255898
55.5737597,37.4538046
55.5764373,37.4506062
55.5710515,37.4528641
55.5475436,37.4185054
55.5104884,37.5752362
55.5506302,37.4388526
55.5104978,37.5741201
55.5132332,37.5752045
55.5390439,37.4457265
55.539048,37.4461579
55.3764474,37.3963783
55.5176804,37.5774425
55.5008776,37.5723728
55.4987498,37.5712481
55.4985045,37.5711201
55.4875518,37.5142553
55.5568412,37.4290255
55.5733803,37.4563641
55.4909765,37.5685579
55.5320531,37.3897153
55.5741391,37.6269718
55.5841183,37.7104118
55.3768063,37.3964024
55.5556116,37.5265397
55.5807459,37.4671026
55.5456531,37.5854751
55.3764628,37.3956582
55.3767763,37.3961797
55.5524629,37.5403815
55.5521718,37.5449838
55.5769184,37.6159276
55.5562094,37.440692
55.557152,37.4335019
55.5749967,37.6162575
54.4729752,38.7170325
54.4679605,38.5446764
54.4550013,38.705676
54.4043707,38.6835728
54.4001139,38.6822334
54.4014735,38.6833167
54.399854,38.6806624
54.3998208,38.6808697
54.4036561,38.6831065
54.3600784,38.7633493
54.4746768,38.7299646
54.7817904,38.1228027
54.7774185,38.1426686
54.6813079,38.5385446
54.7752844,38.1420842
54.7785084,38.1361203
54.8275201,38.1513879
54.8836006,38.0777307
54.8839961,38.0714877
54.889959,38.0788353
54.8966114,38.0800644
54.8136634,38.1529239
54.8378265,38.2471296
54.9264628,38.117926
54.8277315,38.1522656
54.8313935,38.5791388
54.7656095,38.1926579
54.7786339,38.2709741
54.8499827,38.5636356
54.8570518,38.5617257
54.8516629,38.5269661
54.7641277,38.1930667
54.8186961,38.1517759
54.8171634,38.1520491
54.8157674,38.1518242
54.8150732,38.1519585
54.85371,38.5631847
54.8514954,38.527004
54.8514649,38.5239367
54.8396582,38.1649136
54.7778899,38.2710895
54.8517879,38.5349255
54.8574171,38.5606177
54.8607551,38.5662002
54.853231,38.5579931
54.8854682,38.1752692
54.7754236,38.1414651
54.8218862,38.1374221
54.7755728,38.1445117
54.851971,38.5478755
54.8515323,38.5295973
54.8516925,38.5296011
54.8530358,38.5582048
54.8537282,38.5633834
54.7506062,38.2233052
54.8532103,38.5577681
54.9045876,38.0856683
54.9056912,38.087291
54.906317,38.0870288
54.9072461,38.0891956
54.9043027,38.0799064
55.009687,38.1721466
54.8541507,38.5680335
54.7655244,38.1924328
55.1584019,38.6853432
55.1033661,38.7513012
55.2404649,38.5395221
55.0726278,38.6790832
55.070442,38.7597875
55.0675315,38.752981
55.4105454,38.2359207
55.3915469,38.2044453
55.0774892,38.7139593
55.1074751,38.1795776
55.1325085,38.7776177
55.1684847,38.6717699
55.1537636,38.6966008
55.1534486,38.698541
55.0617882,38.7400756
55.1199347,38.6685067
55.0557183,38.74813
55.0618225,38.7401951
55.0664599,38.7507463
55.4131937,38.2326899
55.32301,38.635562
55.4079019,38.2394005
55.1041718,38.7498238
55.4104946,38.2347062
55.4137263,38.2409059
55.0639337,38.7459385
55.1093155,38.7403739
55.0632229,38.7445105
55.0636737,38.7449347
55.1092071,38.7399604
55.0563236,38.7490929
55.3815033,38.3152553
55.0644672,38.7470482
55.2780849,38.4924688
55.2785433,38.4936025
55.1332969,38.7730626
55.3753889,38.3342654
55.2477647,38.442895
55.2483868,38.4407791
55.2502337,38.4365004
55.2460659,38.4468645
55.2374781,38.5370886
55.378906,38.326993
55.3806988,38.3209103
55.3800857,38.3194327
55.3760669,38.3189282
55.2501739,38.4454148
55.2516174,38.4477031
55.6977541,38.4344041
55.6311903,38.3586303
55.6495314,38.1300207
55.6162183,38.1016899
55.7221958,38.4148733
55.7600451,38.0753596
55.751002,38.0564462
55.6357511,38.1887967
55.5946986,38.1270487
55.5949636,38.1278373
55.6022128,38.1088201
55.6115243,38.1115013
55.585509,38.2034469
55.5829229,38.20965
55.586293,38.2036139
55.5702415,38.2139333
55.4815372,38.3469942
55.5943353,38.1273671
55.572882,38.1846193
55.7534862,38.1141885
55.7529071,38.654379
55.7334738,38.1920395
55.5466215,38.071005
55.5491192,38.0738235
55.4896439,38.1574568
55.4875553,38.1579708
55.4829214,38.1719692
55.6274292,38.0696479
55.7594347,38.0756442
55.7236288,38.4194846
55.4247724,38.2643172
55.6085716,38.091807
55.5819883,38.2440159
55.6264604,38.3649162
55.762408,38.4359047
55.4214832,38.5680985
55.7348944,38.1870801
55.5157429,38.7242576
55.8032699,38.4623417
55.7992861,38.446411
55.7789777,38.6512352
55.7508863,38.0588146
55.7510063,38.0584227
55.771266,38.4480186
55.779943,38.4545479
55.7906251,38.436861
55.781444,38.4410035
55.8046718,38.4359043
55.7832355,38.4531135
55.7914236,38.442371
55.5703783,38.2136022
55.7511102,38.0567284
55.7917678,38.4416803
55.7676017,38.4496298
55.5797465,38.1255774
55.58062,38.1244459
55.7868105,38.4592072
55.8012761,38.6518049
55.6163554,38.1020681
55.7993308,38.4458713
55.7915107,38.4414606
55.7898876,38.4308307
55.5996567,38.0919149
55.750684,38.0557701
55.7975241,38.4356782
55.5727036,38.1840562
55.5773702,38.2067267
55.5717502,38.2377232
55.5725381,38.1145491
55.5722839,38.1727872
55.5804805,38.127624
55.6027629,38.1317008
55.7515334,38.059175
55.5730212,38.1070328
55.5728278,38.1147309
55.5815532,38.1393868
55.6313228,38.3591975
55.572362,38.1122543
55.6986132,38.4357129
55.7141398,38.4245571
55.6175211,38.3646969
55.698138,38.4350122
55.69861,38.4352447
55.6992686,38.4348276
55.6233386,38.3668422
55.6197025,38.3643454
55.636093,38.363758
55.66438,38.3850461
55.6310143,38.3592932
55.7407152,38.2014502
55.631931,38.3599046
55.6036638,38.4353766
55.5813769,38.1484419
55.4818685,38.3471134
55.7384365,38.1979691
55.735389,38.1855632
55.7411738,38.2021681
55.7408089,38.2025821
55.7396903,38.2024047
55.7395312,38.2027577
55.5803811,38.132071
55.6403954,38.3575747
55.7996191,38.2508783
55.7410188,38.202022
55.783585,38.6496985
55.852346,38.4460476
55.8253787,38.4246866
56.0519134,38.5507836
56.005101,38.3724295
55.8214407,38.1829131
55.8290184,38.2636646
55.9392067,38.2168875
55.834637,38.385573
55.8764362,38.4686969
55.8575227,38.4519877
55.8079771,38.1647452
56.0385219,38.1976568
56.0384011,38.198031
56.0387139,38.1983547
56.0383762,38.1987576
55.8523281,38.4306021
55.8452134,38.3388356
55.9847708,38.3393752
56.0071805,38.3732929
56.0068449,38.3727655
56.0057277,38.3726397
56.0176836,38.3909745
55.8565654,38.5187955
55.8190835,38.1613387
55.8248203,38.425256
55.8311628,38.4507839
55.8314823,38.4492011
55.8567789,38.5271987
55.8370507,38.4647336
55.8376492,38.4685268
55.8295027,38.2638896
55.8574038,38.4523908
55.8352146,38.3866652
55.8353658,38.386534
55.8509312,38.66054
55.8343551,38.3872437
55.8301077,38.4499635
55.8301771,38.4504778
55.8079665,38.0650359
55.8352282,38.38607
55.9009061,38.0656615
55.9849532,38.3382451
55.8557374,38.5467313
55.8562197,38.5507745
55.8576648,38.5517984
55.8285976,38.2655143
55.8284906,38.265526
55.8279796,38.2633131
55.8276409,38.2632192
55.8278314,38.2621017
55.8284631,38.2633714
55.83211,38.3309372
55.8293396,38.2642247
55.8544274,38.5493767
55.8165487,38.5602586
55.8121153,38.5636276
55.8125694,38.5485028
55.8153977,38.5517016
55.8483874,38.6892615
55.8483381,38.6880547
55.8325314,38.3428338
55.8642307,38.2091908
55.8198982,38.1722391
55.857196,38.5192385
56.3194092,38.140124
56.2241068,38.0948426
56.3644184,38.1926323
56.2948387,38.1278119
56.2182252,38.0869031
56.2911073,38.1276872
56.2933012,38.1167085
56.324669,38.1340789
56.2033959,38.059703
56.3363736,38.265943
56.3371758,38.2605929
56.3391939,38.2605791
56.217478,38.0851878
56.2876906,38.2122023
56.2916964,38.2196879
56.3176177,38.1386662
56.2165279,38.0848246
56.2117326,38.0782623
56.2243668,38.0944761
56.2882805,38.1261703
56.301686,38.1624261
56.3368106,38.2605928
56.2931199,38.1232418
56.2860717,38.1254899
56.276609,38.1150752
56.2922678,38.1055926
56.2922599,38.1048169
56.2922744,38.1035534
56.2785077,38.1231471
56.2721444,38.1209513
56.364184,38.1933067
56.3386036,38.1285767
56.3411838,38.1262652
56.3422389,38.1266418
56.2868899,38.1256521
56.3406743,38.1217071
56.7559949,38.0894649
55.8111007,38.9931105
55.8366774,38.9708571
55.8167458,38.9683955
55.8045518,39.0021622
55.8056412,38.9830746
55.8049675,39.0026225
55.8091154,38.9789222
55.8058984,38.9832837
55.8064163,38.9836257
55.8088375,38.9793271
55.8173349,38.9893287
55.8394543,38.9005545
55.8582665,38.8862732
55.8640902,38.8840188
55.8564885,38.8936826
55.8588825,38.8893126
55.8604767,38.8949043
55.8609316,38.8877616
55.8939018,39.0338388
55.8423227,38.9010858
55.8693364,38.9288403
55.8690876,38.9277924
55.8421765,38.8970686
55.8420989,38.8972125
55.8368975,38.882251
55.8368214,38.9710197
55.730169,38.8694665
55.7930315,38.9717085
55.5691588,39.2768284
55.5793145,38.8888265
55.555984,38.8763317
55.7578175,38.9333141
55.789944,38.9102857
55.8010408,39.0070271
55.4890252,38.8766972
55.5591668,38.8777899
55.8033628,38.9727143
55.5587668,38.8779994
55.5677087,39.2731931
55.4891446,38.8745726
55.7901368,38.9060838
55.7304245,38.870428
55.5679563,39.2743893
55.7389662,38.9428888
55.7898327,38.9061203
55.8029423,38.9993092
55.4283576,39.200316
55.3514577,39.1431217
55.3884627,39.0785223
55.1200455,38.8180882
55.3351062,39.0760382
55.3703739,39.0679095
55.0773696,38.8267639
55.0786079,38.8014462
55.0781997,38.8014149
55.078275,38.7989242
55.0749874,38.8204993
55.3780365,39.0436368
55.3780815,39.0435649
55.3689088,39.0666517
55.3679437,39.0699955
55.3676613,39.0700807
55.3678423,39.0701144
55.3752406,39.0477183
55.3831635,39.0654181
55.3834566,39.0650503
55.3879486,39.0786112
55.3877763,39.0823662
55.3898621,39.0778227
55.3601499,39.0456918
55.3598426,39.0452124
55.3702209,39.0623743
55.3835545,39.0351513
55.3842955,39.0683057
55.1216874,38.8156411
55.1216043,38.8149601
55.383508,39.0350656
54.7573838,38.8580474
55.0067555,38.9510977
54.769345,38.9282899
54.7523647,38.8857989
55.0098206,38.9460667
54.98045,39.0369666
54.9655618,39.0263232
54.9648758,39.0266378
54.9653592,39.0257418
54.7527783,38.8930981
55.5664927,39.6521704
55.5693238,39.5450946
55.5616028,39.7020601
55.3168887,39.8263981
54.8377772,37.4620629
54.9142432,37.3975033
54.9200779,37.4082493
54.9426942,37.4072283
54.970602,37.9726641
54.8826143,38.0215979
54.9303632,37.5024055
54.9125369,37.5119516
54.905389,37.5119839
54.9060626,37.5132315
54.9194319,37.5109964
54.9129929,37.4534155
54.8387695,37.4619897
54.8558576,37.4766667
54.8555006,37.4766821
54.8315504,37.6302886
54.8713302,38.027169
54.8346014,37.4632787
54.9707139,37.970418
54.971253,37.9705331
54.970426,37.9708162
54.8884052,38.0500749
54.8847492,38.0599739
54.8569087,38.0700409
54.9235686,37.4111207
54.9235138,37.4112843
54.9994173,37.4214545
54.8116296,38.0645466
54.832543,37.6374142
54.9712193,37.9704115
54.9303742,37.5017258
54.8314645,37.6302681
54.9237522,37.4114003
54.9173065,37.4245118
54.9306148,37.5022276
54.930142,37.5025622
54.8885045,38.0520586
54.9138394,37.3979473
54.966144,37.9810861
54.8539611,37.4735121
54.8550467,37.4771445
54.81135,38.0665929
54.995203,38.0289669
54.9967203,38.0341024
54.884211,38.0280389
54.8716773,38.030164
54.8579985,38.070229
54.8575794,38.0709197
54.888002,38.0600581
54.9754278,37.4150204
54.8625807,37.4952709
55.0763523,37.9374837
55.1867887,37.5247851
55.4042013,37.6042833
55.389554,37.8607932
55.3385027,37.8014916
55.3489465,37.8062033
55.3351792,37.5719158
55.3318667,37.5734016
55.3283311,37.5634655
55.3323378,37.5672512
55.331936,37.5601864
55.3315408,37.5742756
55.3328156,37.5284018
55.0356631,37.5476035
55.0364362,37.5580499
55.1444756,37.4533325
55.1384359,37.9322301
55.0766012,37.9364277
55.3431243,37.8076875
55.3403096,37.808551
55.3394547,37.8096104
55.0767637,37.9360611
55.040902,37.4304277
55.385823,37.5392445
55.3902545,37.6051465
55.380809,37.5353093
55.2048165,37.8690645
55.186298,37.534906
55.1914703,37.5343487
55.0730392,37.9334975
55.0398161,37.5588974
55.0752645,37.9353488
55.1663943,37.9209238
55.1603487,37.925112
55.1434562,37.9297378
55.4081701,37.7885381
55.4051258,37.7848519
55.4049212,37.7851135
55.1512503,37.9306447
55.148524,37.9337026
55.2345357,37.8665849
55.4134264,37.5804243
55.1866359,37.5276801
55.1315422,37.5664754
55.1608924,37.9257874
55.1602089,37.9290406
55.164684,37.9205576
55.1606148,37.9288738
55.1610874,37.9277516
55.4078035,37.4729613
55.4079854,37.6065637
55.3892613,37.604749
55.2685333,37.7684528
55.2380574,37.8688698
55.1574871,37.4373772
55.332129,37.5558099
55.3803494,37.5356296
55.2391572,37.872582
55.1605161,37.9284647
55.3681739,37.7819667
55.3325157,37.5283995
55.2347121,37.8668292
55.3936431,37.8092607
55.1186147,37.9467822
55.3960615,37.6048612
55.3514865,37.9208542
55.352773,37.9234752
55.3580656,37.9120869
55.3359962,37.5307238
55.1654623,37.9198382
55.076314,37.9369457
55.331988,37.6178214
55.3390117,37.7998005
55.3433581,37.8087831
55.3394868,37.8180546
55.4248664,37.8498803
55.1528063,37.4598311
55.4092905,37.7835446
55.2359872,37.8697612
55.4044977,37.7851697
55.4002168,37.5936696
55.3930961,37.5645367
55.2405952,37.8731868
55.2780268,37.5390738
55.2795725,37.5400479
55.1880367,37.4995755
55.3420731,37.5282783
55.3931187,37.565244
55.4012253,37.5940572
55.354845,37.9089183
55.0277835,37.4274129
55.1240391,37.3367758
55.1056021,37.9456371
55.0537236,38.0094152
55.1311628,37.5588962
55.0777631,37.9522386
55.1657311,37.9183757
55.3399982,37.8191448
55.1882388,37.5008023
55.3450961,37.8723866
55.3327998,37.5293556
55.4038309,37.5922357
55.349039,37.8067959
55.3474159,37.807423
55.6353522,37.9285664
55.6235882,38.031873
55.5657657,38.0440286
55.660528,37.9348272
55.6694223,37.9068128
55.6237795,38.0334406
55.4200448,37.5099667
55.4105484,37.4790468
55.4286797,37.5514877
55.428828,37.5524127
55.42343,37.5653461
55.4297576,37.5412631
55.7516436,37.9939483
55.5565052,37.7798347
55.7514358,37.9209864
55.7509411,37.9590541
55.7252701,37.9767279
55.790754,37.3668133
55.6234972,37.8410883
55.6829346,37.9119191
55.6870113,37.8985925
55.6873457,37.8980209
55.6874987,37.8902689
55.6283667,37.871128
55.6660331,37.8761887
55.6815623,37.8960986
55.628927,37.9481277
55.5719944,37.6006478
55.7643629,37.3655724
55.6565745,37.8416632
55.5808509,37.7497421
55.5488325,37.7744194
55.4800586,37.7390711
55.4838052,37.7419632
55.4809787,37.7403796
55.4864824,37.749102
55.484418,37.7461571
55.4844558,37.6070605
55.4383411,37.6233823
55.435942,37.6058098
55.4281553,37.5063315
55.4371702,37.6166427
55.56425,38.0474048
55.6318859,37.9743472
55.6395071,37.8234449
55.4770184,37.7411954
55.476321,37.7398114
55.5323466,37.7678456
55.4278294,37.5060019
55.5535549,37.6899395
55.5525612,37.6819662
55.5527935,37.6811702
55.6566971,37.8419637
55.432894,37.7672444
55.6968587,37.340853
55.6967836,37.3410862
55.5684132,37.6893851
55.5527291,37.7260403
55.4292796,37.5396698
55.5424167,37.6961112
55.6287258,37.8709313
55.5795824,37.7567274
55.5720828,38.030241
55.4834637,37.7427491
55.7890758,37.8921342
55.5751372,37.7572245
55.6602057,37.9353314
55.5110874,37.7876188
55.5097098,37.7841325
55.4136866,37.5798977
55.5127276,37.8297185
55.5116324,37.8306971
55.4091105,37.4743218
55.4664444,37.5608824
55.4370813,37.6151753
55.4796851,37.6149841
55.4372272,37.6159223
55.686301,37.8771791
55.6776223,37.896725
55.6583539,37.9173492
55.6598315,37.9326962
55.6600854,37.9390903
55.639268,37.9378321
55.7262747,37.9762311
55.5129,37.8288888
55.6222398,38.0358529
55.5443122,37.6130828
55.6394976,37.8423146
55.7507243,37.9583039
55.7260151,37.9755243
55.7493757,37.8834441
55.7093577,37.9696298
55.7100145,37.9681763
55.7975336,37.9723487
55.5654126,38.0441181
55.7951753,37.9343056
55.6809106,37.8890514
55.6813295,37.8894962
55.6816655,37.8900219
55.6866408,37.8969021
55.5674826,38.0462445
55.4205654,37.4818193
55.6537384,37.8526402
55.5426034,37.6935727
55.7509392,37.9593824
55.6593981,37.8925628
55.663276,37.8814818
55.6639499,37.8804926
55.5659349,38.043226
55.408517,37.4724508
55.5536894,37.6904475
55.5538346,37.6986742
55.6633714,37.8834724
55.6877809,37.900152
55.654964,37.8502512
55.5529635,37.7265867
55.5528826,37.7275316
55.472755,37.7456696
55.6581503,37.9178886
55.6330842,37.9440404
55.664457,37.8817413
55.6646944,37.8794658
55.4199228,37.4812687
55.6627177,37.876089
55.6883771,37.9001142
55.6908724,37.903624
55.5610427,37.7758116
55.7506676,37.9590056
55.4350657,37.8754014
55.4286602,37.5376208
55.6734115,37.8621659
55.5690982,37.6897583
55.6233173,37.8423854
55.6234161,37.8414387
55.4123785,37.4826741
55.4312081,37.5459396
55.7917386,37.8993909
55.7932486,37.9340773
55.7938364,37.9341058
55.7941763,37.9315534
55.7943658,37.9361568
55.7952378,37.9551096
55.7956451,37.9544757
55.7957661,37.9555131
55.7892327,37.8919408
55.4291996,37.5397921
55.4244962,37.8485125
55.4256566,37.8493138
55.6694838,37.8878523
55.7114282,37.3727914
55.7121826,37.3762849
55.6248627,37.9349429
55.6307804,37.943111
55.6244328,37.9548176
55.4285652,37.537694
55.4154866,37.4978869
55.4156521,37.4966723
55.4160816,37.496209
55.416492,37.4970301
55.5586401,37.7768907
55.6396511,37.8393324
55.6829837,37.8849655
55.4081245,37.4726156
55.429755,37.5416143
55.4284342,37.5461567
55.6653052,37.88042
55.7944292,37.9457796
55.6395912,37.8387026
55.639846,37.8386405
55.6398298,37.8385226
55.7976094,37.972973
55.6393445,37.8384779
55.4843233,37.5662525
55.6285805,37.8713608
55.5431888,37.6934935
55.6584159,37.9172671
55.4238827,37.4900485
55.5426346,37.6933166
55.7508906,38.0082252
55.5586238,37.6104541
55.4875935,37.5671
55.656743,37.8415278
55.4165166,37.4986505
55.4201263,37.5098934
55.5490058,37.7503349
55.5494733,37.7512112
55.5678863,38.0395583
55.5855743,38.0172926
55.5867351,38.016988
55.5901571,38.0171961
55.5934139,38.016641
55.5921852,38.0128617
55.5927355,38.0155469
55.5933401,38.015828
55.6287674,37.9482895
55.5456534,37.7738374
55.5398132,37.6091433
55.5421315,37.6251552
55.5537565,37.6983886
55.6814139,37.8963588
55.6815197,37.8962599
55.7096376,37.9657208
55.5688427,37.6896225
55.562841,37.7695145
55.5488271,37.7742989
55.5723947,37.6912031
55.6310811,38.0549422
55.5612335,37.771268
55.5892913,38.0067884
55.9487988,37.4930048
55.958844,37.5332388
55.9475141,37.5062078
56.0240179,37.4762556
55.9832875,37.4186586
55.899277,37.457107
55.9320378,37.7522303
56.0127942,37.8770367
55.9005532,37.4539573
55.8921615,37.4317903
55.8994201,37.4574266
55.9156162,37.3978421
55.9780095,37.5246083
55.9674346,37.5314246
55.8903458,37.4346223
55.8890952,37.4358722
55.986035,37.8713797
56.0727628,37.9062643
55.8890899,37.4355956
55.8914292,37.43296
55.9571168,37.3407559
55.8841052,37.4111522
55.8345437,37.9448008
55.9086728,37.4070845
55.9223886,37.8546674
55.9717483,37.9244094
55.8192216,37.3406591
55.9138566,37.7735566
55.8613348,37.9864006
55.925075,37.9998583
55.9156156,37.8677404
55.9142655,37.9162237
55.9251765,37.7561126
55.9245176,37.755869
55.9255581,37.7551194
55.8802638,37.4201063
55.9195488,37.8074899
56.1070674,37.9546395
56.1097119,37.9546324
55.9307897,37.4931469
55.9860319,37.8734318
55.961759,37.8438656
55.9155661,37.7909711
55.8179598,37.3533716
56.045558,37.5404585
55.9117234,37.7811418
55.9165792,37.7249887
55.9169391,37.7243176
55.9223467,37.7597735
55.8155113,37.3511608
55.922341,37.855127
55.9155846,37.868752
55.9140342,37.8122086
55.9227728,37.8549124
55.9220648,37.8688927
55.9217664,37.8685259
55.9137639,37.8142845
55.9136366,37.9882494
55.9241026,37.8587858
56.1094038,37.9552114
55.9131392,37.7746737
55.9212926,37.7626499
55.9180325,37.7631323
55.932595,37.7519425
55.9397459,37.752468
55.913834,37.8472903
55.9139049,37.847096
56.0089053,37.852763
55.938556,37.8664078
55.9118612,37.9923043
55.9113599,37.9920173
55.9143693,37.9882756
55.9231712,37.8552516
55.9823832,37.8641387
55.9222959,37.760108
55.9195376,37.7658619
55.9160126,37.9907426
55.9222519,37.9986094
55.8813086,38.0032341
55.9135911,37.9941517
55.9157898,37.7554245
55.9157768,37.7537426
55.9194007,37.9976107
55.9186775,37.9833127
56.0762607,38.0428461
56.0764453,38.0434113
56.0762394,38.0428514
56.0761099,38.0443873
55.9161074,37.7470603
55.9164484,37.747638
55.9035299,37.7153927
55.9282981,37.7525045
55.9383927,37.5102173
55.9308552,37.8131099
56.0129939,37.872054
55.9152259,37.3969046
55.9285611,37.7527756
55.9321126,37.7528881
55.9395108,37.9725256
55.9216301,37.9990896
55.9139925,37.98768
55.9474424,37.5059235
55.9694713,37.7125366
55.9176003,37.7625952
56.0128815,37.8738493
56.1092998,37.9554068
56.1053759,37.9580426
55.9200628,37.9925307
55.9223414,37.5214427
55.915832,37.3984946
55.8634361,37.3891418
55.9086954,37.6691191
55.9139126,37.6762206
56.1101076,37.9657947
56.1878396,38.0374435
55.8179074,37.3510849
55.9049881,37.744913
55.8012688,38.0051297
55.9383593,37.49215
56.0000893,37.5377512
55.9170193,37.724315
55.8885669,37.4303827
55.9480362,37.5041298
56.0763491,38.043547
55.8983298,37.4084618
55.8986428,37.4082176
55.9596268,37.3675874
55.929473,38.0072642
55.8975152,37.9806897
55.8974761,37.9802264
55.897431,37.9805278
55.9734123,37.4508707
55.9178921,37.7634639
55.9195366,37.9807319
55.9248698,37.9997023
55.9282969,37.4930838
55.9055729,37.7085702
55.908163,37.4072339
55.9108653,37.4053516
55.9112933,37.4046998
55.8980108,37.4510413
55.8981096,37.491723
55.914453,37.8482574
55.9148942,37.8482932
55.9651666,37.3641793
55.9139152,37.4741937
55.93889,37.5097991
55.9097291,37.7745764
55.9058535,37.7087695
55.9675891,37.794198
55.8186339,37.3409361
55.9489327,37.5394676
55.9017952,37.4903766
55.9200017,37.7657581
56.1392105,37.4946534
56.1385342,37.4956312
55.9054071,37.7094428
55.9162516,37.9903565
55.9405383,38.0350969
55.9409416,38.0354315
55.9743954,37.5219606
55.9749561,37.521723
55.921556,37.5185148
55.8937858,37.4976173
55.8976433,37.4900615
55.9026776,37.4844143
55.9307917,37.4928892
55.9551374,37.4262106
55.921893,37.7108516
55.9221461,37.7108248
55.9525534,37.8265133
55.9579552,37.5754024
55.9639748,37.8431268
55.9138681,37.8057544
55.8187123,37.3419408
55.9282176,37.4928192
55.9524718,37.8250235
55.9133116,37.9937451
55.8974407,37.9805323
55.8810584,38.0036262
56.1067633,37.9676676
56.1100083,37.9597559
55.8161067,37.3519036
55.8173988,37.3487641
55.8180369,37.3469404
55.9645282,37.8409039
56.036568,37.5427449
56.0372241,37.4412763
55.9724524,37.8502394
55.9916171,37.5330748
55.9931728,37.5338942
55.9229827,37.5256393
55.9008045,37.4168292
55.9307843,37.4937255
55.9728878,37.452679
55.9121872,37.4034314
55.9484714,37.5070372
56.0355749,37.5423619
55.9696315,37.4458545
55.9408497,38.0350975
56.0449324,37.5402249
55.9188941,37.4947181
55.8183402,37.3586089
55.8906335,37.4353695
55.8897216,37.4339835
55.8993061,37.4181121
55.834393,37.9444642
55.9934314,37.5333525
56.134997,37.3975701
56.164333,37.3621564
56.1143008,37.9445353
55.8171075,37.3457052
55.9840202,37.4183024
55.9053191,37.7457674
55.906302,37.7438072
55.961125,37.8357951
55.9805782,37.4004495
56.0126922,37.8742853
55.8020465,38.0133623
55.817549,37.3514757
56.1354972,37.3973988
55.9016639,37.4161864
55.8998324,37.4175385
56.1098824,37.9572184
56.1540836,37.7499374
56.1539922,37.7499531
56.0270743,37.4681285
55.9796259,37.8630287
56.1043247,37.965579
55.9132513,37.8671682
55.9156221,37.8675476
56.0115781,37.888155
56.1019683,37.9708314
56.1350134,37.3806399
56.114334,37.9712565
56.0984399,37.9746262
55.9285387,37.752483
55.9566601,37.7176525
55.9588835,37.7063055
55.9614409,37.662706
55.9603659,37.6629245
55.9573013,37.6535425
55.9578985,37.6546133
55.9556812,37.6520696
55.9578615,37.6621735
55.955174,37.7616457
55.9539898,37.7380642
55.9545289,37.7513973
55.9527155,37.751776
55.9541907,37.8275738
55.9547713,37.8207135
55.9671085,37.7922105
55.9189983,37.3963568
56.1037719,37.9651593
55.9692451,37.7123998
56.0417797,37.5405541
55.9041877,37.7465998
55.9017573,37.7509166
55.989168,37.8724794
56.0126251,37.8776426
55.9057619,38.0391275
56.0329069,37.4524972
56.0322556,37.4483049
56.0345528,37.4521831
56.0328984,37.4482747
56.0764654,38.0438832
55.9201721,37.9923767
55.8268516,37.8995167
55.9607577,37.5314293
55.9608503,37.5316614
55.9137847,37.8420425
56.0305379,37.4474035
56.0858486,37.9255498
56.1352354,37.3884012
55.969521,37.7121987
55.9693782,37.7122248
55.9055967,38.0392008
55.9057746,38.0391595
56.4178248,37.4775267
56.3637555,37.479194
56.4075886,37.6458478
56.2548949,37.9884078
56.289876,37.4845516
56.3662006,37.4682136
56.3512491,37.5215187
56.3414859,37.5241662
56.57,37.5290423
56.2909739,37.4877361
56.2056162,37.5238108
56.2906667,37.4801978
56.364914,37.474199
56.2906289,37.4881997
56.2899907,37.4890386
56.3730942,37.5808983
56.3372111,37.5138932
56.3664816,37.4661105
56.3483625,37.531237
56.3456577,37.5271474
56.3373251,37.5135701
56.3370031,37.5137289
56.3374882,37.5140031
56.3580166,37.4883951
56.3574372,37.4879937
56.362219,37.5308237
56.2900793,37.4871388
56.3588407,37.5281638
56.2899318,37.4836295
56.2913527,37.4877438
56.3580395,37.488459
56.3625092,37.5302805
56.4130539,37.4882678
56.5613191,37.3854432
56.3649375,37.4749845
56.2553367,37.9885598
56.4081096,37.4914533
56.2900358,37.4838777
56.3520139,37.5398475
56.3522768,37.5398494
56.3521154,37.5398133
56.3518988,37.5399024
56.3587255,37.5273702
56.4077589,37.6463027
56.3324531,37.5078604
56.352784,37.5412775
56.3619703,37.5301513
56.3622875,37.5304289
56.3621064,37.5303368
56.7281393,37.5365268
56.6542301,37.5759035
56.6199539,37.3114586
56.728335,37.5370082
54.9987696,37.2418314
54.8804705,37.2377055
54.9795004,37.2516796
54.8804564,37.236989
54.9967783,37.2540097
54.8906103,37.2950208
55.1844498,37.2650862
55.3895417,36.7461104
55.3853576,36.7281471
55.3853874,36.7285602
55.3878776,36.7400752
55.3879189,36.7389043
55.3878152,36.7398164
55.3870857,36.7348808
55.3869263,36.7341886
55.3861507,36.7318903
55.3860324,36.7318638
55.3756014,36.7715262
55.6230732,37.148114
55.6299607,36.9838458
55.7583114,37.2378376
55.6962606,37.2302777
55.7152656,37.0788659
55.7285712,36.8608391
55.7375928,37.2336328
55.5769704,36.7170937
55.7836153,37.1594229
55.7293437,36.8518215
55.7390038,37.2684968
55.746815,37.1642527
55.7347837,36.8733993
55.5392288,37.0800068
55.6991762,36.8131779
55.6729512,37.2739196
55.6838314,37.1387217
55.7301727,36.8498994
55.5450927,37.0740191
55.6873173,37.2896658
55.6872962,37.2895998
55.7813142,37.1583192
55.7774915,37.1634505
55.6298126,37.0047204
55.7390609,37.2689583
55.7289158,36.8616527
55.5386092,37.0817506
55.5168444,36.9959648
55.5180619,36.9974128
55.5394103,37.0815081
55.5398996,37.0788726
55.5381818,37.0796444
55.5391667,37.0820045
55.728867,36.860253
55.6801718,37.3229377
55.660904,37.2846928
55.6691037,37.2245349
55.6690874,37.224248
55.6165035,37.0985329
55.5638174,36.6989562
55.6198253,37.0984838
55.6173852,37.1036805
55.690567,37.2578556
55.6961232,37.2304909
55.6582214,37.2983694
55.6592431,37.0957871
55.5524471,36.6981082
55.6609264,37.2135167
55.7386182,37.2687791
55.6023325,36.9956139
55.6925397,37.2721655
55.6560971,37.219191
55.6944275,37.271341
55.6397234,37.1777485
55.6965542,37.2696107
55.6608523,37.2242674
55.6617283,37.223036
55.6253329,37.1829656
55.6516379,37.2707359
55.6531434,37.2736466
55.6615031,37.2242552
55.5158908,36.9957388
55.5197188,36.9893345
55.6795434,37.2262373
55.6836851,37.1392729
55.6838589,37.1391594
55.6842832,37.1392988
55.6923334,37.2383404
55.6928911,37.2696416
55.6811293,37.2353836
55.7369975,37.2339285
55.7258244,36.8353378
55.535652,37.067789
55.6794595,37.3224809
55.7374961,36.8770239
55.7164011,36.8734432
55.7393715,36.8780082
55.6141533,37.0992804
55.6233672,37.1527827
55.6195663,37.1549588
55.6028995,37.0054977
55.6039813,37.0108252
55.7742033,37.1631608
55.5356831,37.0664708
55.6232605,37.1481187
55.6729858,37.2729287
55.6590147,37.186439
55.6736224,37.1702214
55.6739381,37.1699851
55.6515139,37.2698421
55.5640764,36.6988908
55.6561437,37.1000618
55.6575586,37.0978367
55.5531639,36.6981565
55.5667385,36.698654
55.5698379,36.6954678
55.5703869,36.6790581
55.5719629,36.6832475
55.5701615,36.6822189
55.570255,36.6820711
55.5704376,36.6826552
55.5703171,36.6827166
55.5702012,36.6826317
55.5701406,36.6824376
55.7019501,36.882061
55.6147624,37.0092546
55.658323,36.9679237
55.7125789,36.8726799
55.7473944,36.8857848
55.5691333,36.6775168
55.6682593,37.3096698
55.6553816,37.0954764
55.6568665,37.1047595
55.5704995,36.6973036
55.6735793,37.1709263
55.5715543,36.6968795
55.5726206,36.6963771
55.7774974,37.1641373
55.663438,37.2239497
55.6623176,37.2242621
55.6451512,36.9902587
55.6186991,37.0137531
55.6354092,36.993311
55.6298997,37.0047211
55.6750239,37.2778508
55.5683244,36.6845486
55.568564,36.6850287
55.5724287,36.6963121
56.0729569,37.1306339
55.9186685,36.6035856
55.8885685,36.6629809
55.8905454,36.6563478
55.887411,36.6541315
55.8537176,36.7868122
56.0120413,37.0203363
55.9141594,36.8597222
55.8812357,36.7986103
55.8039759,37.3094848
56.0122518,37.2119246
55.8217997,36.9240941
55.8251845,36.9133706
55.8214998,36.9298745
55.8244307,36.9129186
55.8103918,37.0358512
55.8234215,36.922357
55.8103147,37.0299779
55.801868,37.3172117
55.8127678,37.1112827
55.9293661,36.9511256
55.8240735,36.9138939
55.8605907,36.7977271
55.920332,36.8590553
55.9824951,37.1394539
56.1507591,37.0361661
55.8101524,37.0341596
56.1480735,37.0404085
55.9141492,36.8191014
55.9373546,37.1752106
55.9623188,37.1052108
55.852444,36.7863766
55.8512787,36.7909011
55.8531285,36.7833941
56.1947989,36.7155833
55.9629485,37.1056561
55.9180039,36.6020708
55.9903589,37.269284
55.9981221,37.249006
55.8108362,37.027705
55.811979,37.0282225
55.8007101,37.3206182
55.8129879,37.1116404
55.8130339,37.1109303
55.8131281,37.1112138
55.8092221,37.0278311
56.0606504,37.142842
56.0732315,37.131082
55.9750216,37.3089198
55.8917578,36.6512546
55.8014932,37.3174386
55.8036086,37.3207152
55.9900931,37.2688599
56.1596432,36.9132964
55.8150245,37.0725695
56.0020972,37.2520736
56.0035429,37.2924334
55.9950007,37.256638
56.0572992,37.1436517
56.139147,37.0518035
56.1370564,37.0575555
56.0102531,37.2181966
56.1419498,37.0500214
56.1561765,36.9151608
56.1679768,36.9314581
56.1005951,37.160697
56.0984768,37.1717882
56.0063361,37.2798191
55.8293558,37.3070387
56.098568,37.1780513
56.0959722,37.1704486
56.0987495,37.1752708
56.1006941,37.1788381
56.1400933,37.0434845
56.0878537,37.2091644
55.9040703,36.9449886
55.904432,36.9450005
56.0174248,37.1992924
56.005049,37.0286519
56.0063675,37.025369
56.0602701,37.1431237
56.0178249,37.1988291
55.8614454,36.7980926
56.086243,37.2046934
55.9158471,36.5979784
55.815028,37.0724815
56.1652173,36.920041
55.8265164,36.9193349
56.1386824,37.0503901
56.0046756,37.0285685
56.0450777,37.1048454
56.1556036,36.9212646
55.8813948,36.7993716
56.0103379,37.28625
56.1657606,36.927023
56.004824,37.0278869
56.0777774,37.1256752
56.0803824,37.1153074
56.0811437,37.1183275
56.0815082,37.1199058
56.0822076,37.1209692
55.8146329,37.0566989
56.0801743,37.0916539
56.0879682,37.0793108
55.7981905,36.920836
56.0938196,37.2195125
55.8092944,37.0261278
56.0573583,37.1473867
56.0567085,37.1480778
55.903503,36.9449454
56.0069062,37.0249012
56.0049455,37.0281378
56.0047312,37.028047
55.9903434,37.2682038
56.1669459,36.928729
56.0876862,37.0802002
56.0803137,37.1147258
56.0797012,37.1237789
55.9046709,36.9452146
55.8149335,37.0581232
56.3325818,36.7278915
56.190988,36.972327
56.3201569,36.6951807
56.1950918,36.9657042
56.325897,36.7028397
56.2999659,36.7955751
56.1908887,36.9722486
56.319694,36.6947868
56.4268944,37.1823415
56.3307443,37.0403985
56.4271041,37.1826289
56.190684,36.972577
56.3021624,36.6716037
56.3568743,36.6102356
56.377873,36.6723021
56.330524,36.7304572
56.300843,36.6758963
56.3596235,36.6170588
56.2957319,36.6810979
56.3403476,36.7148272
56.3766619,36.6772563
56.32791,36.7060859
56.2785061,36.8306874
56.2787569,36.8307121
56.2613896,37.269069
56.7437661,37.1787343
56.7144395,37.1342275
56.7043672,37.1563238
56.7462939,37.1934879
56.7550739,37.1582976
56.7688928,37.1749968
56.7338229,37.1539179
56.7435289,37.1710162
56.7462555,37.2029972
56.7391562,37.1693168
56.7544464,37.1601281
56.7439544,37.1997915
56.7448429,37.1982193
56.7444078,37.1997171
56.7285316,37.140599
56.7322503,37.1669956
56.7303461,37.13783
56.7304708,37.1379296
56.7552484,37.1594688
56.7302434,37.1381194
56.7283842,37.1406808
56.7286604,37.1402881
56.7598551,37.1646511
56.7515458,37.1314391
56.7634689,37.1677594
56.7363813,37.1617247
56.7366741,37.1624039
56.7362271,37.1627165
56.7632018,37.1686957
56.7125756,37.1677015
56.7121031,37.1670599
56.7696019,37.1761081
56.7688778,37.1755437
56.7388706,37.1586851
56.7449042,37.1993876
56.7436082,37.1703296
56.7434556,37.1704802
55.3446594,36.1769845
55.3849492,36.3165888
55.3850043,36.316116
55.543474,36.3960522
55.7096183,36.2041535
55.5103191,36.2434763
55.6025345,36.4837089
55.7272111,36.3428462
55.5001122,36.0178313
55.4590611,36.0356508
55.7099983,36.2038141
55.7103617,36.2038114
55.5424253,36.3955893
55.5435106,36.3951193
55.5430099,36.3948689
55.5063477,36.0201966
55.6251438,36.3419161
55.5036809,36.0453305
55.5584645,36.5692643
55.5003993,36.0175817
55.5386599,36.3987952
55.474346,36.1104611
55.4957273,36.0318158
55.4957357,36.031953
55.4981759,36.0333586
55.4979657,36.0334428
55.4640158,35.9446024
55.4639184,35.9439538
55.464091,35.9427098
55.496963,36.0187358
55.497378,36.0178919
55.5093828,36.2439111
55.5390377,36.3984818
55.5582388,36.5709471
55.5583028,36.5710307
55.5432204,36.395365
55.4315416,36.3523284
55.4317425,36.3519826
55.7100416,36.2034582
55.6024039,36.4830065
55.6024221,36.4831257
55.7099893,36.2038539
55.9946303,36.2302533
55.8789557,36.5649962
55.9825576,36.4545722
55.9802074,36.4421298
56.0085401,36.2157392
55.9943649,36.2308503
56.031813,35.9574855
55.9790538,36.4577536
55.9810758,36.4385462
55.9785467,36.4598897
55.9799634,36.4564539
55.9944349,36.4708461
56.0245957,35.9534515
55.9950012,36.2272014
56.0541499,35.9388882
56.024186,35.965471
56.0247972,35.9613526
56.0245339,35.9458185
56.0269984,35.9452
56.0360949,35.954029
56.1186682,35.9090679
56.0310472,35.9892228
55.9138887,36.5972536
56.0188395,35.9662861
56.0254327,35.9474325
55.9799978,36.4507701
56.030619,35.9929171
56.0318005,35.9582576
56.0411842,35.9547881
56.0178559,35.966447
56.0234793,35.9560313
56.0252633,35.9445425
56.0261573,35.9479996
56.0324505,35.9585792
56.0266937,35.9487429
56.0262839,35.9473929
56.0544948,35.9381768
55.8151104,36.4035298
56.0271886,35.9368211
55.8151222,36.4035561
55.5253246,35.8186983
55.4249897,35.4659686
55.4976971,35.655947
55.4701282,35.5292113
55.4977599,35.6549986
55.4630421,35.6764142
55.4625465,35.6763859
55.4647367,35.8384511
55.5254577,35.8185632
55.5255403,35.8187441
55.480821,35.6752746
55.7191401,35.5511761
55.7190975,35.5521831
56.0301693,35.5073294
56.0356522,35.523836
56.0356005,35.5237561
56.0373438,35.497068
56.0377449,35.4964902
55.9457391,35.5181634
56.028102,35.4981455
56.2277512,35.6263375
56.3698492,35.6325107
66.3936358,36.5871929
68.8535428,34.8562286
68.8538695,34.8576332
67.458772,33.5825081
67.5715924,33.3449413
67.5894079,33.4143066
67.5888159,33.4146659
67.5701118,33.3723887
67.5562081,33.4153797
67.562789,33.3831143
67.561757,33.3864241
67.5995662,33.6733738
67.9396652,32.9368859
67.9377868,32.9662505
67.9389579,32.9663156
67.9486438,32.9663081
67.5700085,33.3735145
67.5575158,33.4022049
67.5593264,33.3946323
67.5704605,33.3727364
67.553533,33.450322
67.5893842,33.4153271
67.9387526,32.963077
67.9488877,32.9650168
67.9391296,32.9654693
67.5716588,33.3451173
67.6158463,33.6707922
67.6001942,33.6733739
67.6011285,33.6746503
67.5682749,33.3753012
67.5705069,33.3471094
67.5892203,33.4259441
67.5532986,33.4505159
67.5719965,33.3441794
67.5561207,33.4150842
67.567012,33.3544857
68.1173597,33.3153284
68.1124503,33.3026906
68.1115167,33.2946899
68.115588,33.313539
68.1151271,33.320051
68.3175711,33.3700156
68.7393591,33.196082
68.8100202,33.1264085
68.7048054,33.1958809
68.7393883,33.1971047
68.4397133,33.3780182
68.9640467,33.159525
68.886878,33.0040348
68.8876742,33.0644688
68.8774767,33.0718544
68.8893513,33.1127194
68.85564,33.1201143
68.9599475,33.0846011
68.9503061,33.0904731
68.9072907,33.0203187
68.9126419,33.0696764
68.8978635,33.0804245
68.8865301,33.0030241
69.0127499,33.1066036
68.9607246,33.0636996
68.8969141,33.0737971
68.9602391,33.061483
68.9403112,33.1018958
69.0251834,33.1114886
68.9028419,33.1384976
68.9108912,33.0204635
69.2039488,33.3219933
69.0423994,32.9011331
68.8884369,33.0625485
68.8884984,33.0640112
68.8968286,33.0748521
69.0598854,33.4155542
68.8958327,33.7279394
68.9116001,33.0944576
68.9055588,33.0655563
69.0128499,33.1062312
69.0815528,33.477018
69.1783342,33.3743419
68.9747222,33.077099
68.9801352,33.0932517
68.9306316,33.1119172
68.8918197,33.1064273
68.9052833,33.0663385
68.9300436,33.112193
68.9092846,33.0220307
68.9104384,33.0204333
68.9120859,33.0943107
68.9660571,33.1024307
68.905782,33.06619
68.9906356,33.0982404
68.9926558,33.0993067
68.8906651,33.1155491
68.8915582,33.1105359
68.8751253,33.1337607
68.8731876,33.126658
68.9324984,33.1408576
68.8762859,33.1254798
68.9304284,33.1126125
68.9229194,33.1054264
68.9641344,33.1575057
68.9255999,33.1097527
69.071978,33.4879937
69.0740197,33.4856064
68.9617483,33.1631712
68.9893733,33.1643659
68.8892196,33.1140512
69.0247797,33.1130009
68.8896234,33.1134957
68.9741769,33.0759583
68.8507246,33.1150023
68.8695025,32.9975155
69.0587133,33.4602168
68.8506258,33.1136197
68.9256347,33.1094259
68.983863,33.1117658
68.9900604,33.162951
66.7274157,32.7159913
66.7049841,32.7375702
67.186961,32.3821923
67.0995267,32.1437245
67.1449077,32.4081518
67.1889234,32.3805837
67.1905254,32.3825302
67.3727043,32.5025532
67.1929578,32.4378686
67.160733,32.4040882
67.1603784,32.4039914
67.1560852,32.4018959
67.1752243,32.4002345
67.1750202,32.3990073
67.1523526,32.404975
67.1516532,32.4063139
67.1897434,32.3825532
67.1603436,32.4061474
67.1565401,32.4024247
67.188572,32.38287
67.160772,32.4043911
67.3724925,32.5042398
67.3636708,32.4840975
67.3635773,32.484404
67.1566448,32.1548046
67.1000389,32.1444016
67.6754052,32.8218673
67.9232083,32.9338518
67.9226061,32.933298
67.9389049,32.9352107
67.9322191,32.8630671
67.9235599,32.9367181
67.9495467,32.8414088
67.9392028,32.9365003
67.9387901,32.9388757
67.9393075,32.937529
67.9389157,32.9395979
67.9383427,32.9359067
67.5422591,32.3143592
67.6752675,32.8215889
67.9493122,32.8410024
67.9233995,32.9369187
67.9387267,32.9354409
67.9159743,32.8032989
68.7971108,32.7860708
68.7968846,32.7851522
68.7868447,32.762964
69.0426637,32.9019969
69.4068959,32.0846721
69.3976079,32.4481752
69.432513,30.813794
69.4365158,31.0209859
69.4264812,30.8331185
69.4324645,30.8147209
69.4616726,30.6925785
69.4940576,30.1844565
69.3901016,30.1645507
69.413806,30.0435798
69.391585,30.1711505
69.4945683,30.1836293
68.4779023,28.4775871
66.7572033,47.7620208
67.6436232,52.998335
67.6652698,53.1239759
67.6323683,53.0849567
67.6678197,53.0979398
67.6381792,53.0150629
67.636859,53.0115793
67.6377724,53.014323
67.6378616,53.0154714
67.2055111,56.64386
54.7926296,44.9128858
54.7819865,44.9105262
54.7770467,44.9109237
55.2496544,45.0688968
55.0942967,45.2990323
55.0244725,45.3263913
54.9969096,45.3281081
55.5553219,45.4076771
55.5962747,44.8826293
55.5964602,44.8814272
55.5723171,44.8561688
55.5715301,44.8552648
55.5732816,44.855933
55.5926919,44.9201398
55.5717019,44.8543362
55.5922462,44.9205719
55.5925407,44.9209901
55.4711247,45.5299564
55.7969613,45.0653899
55.7924019,44.7735826
55.8022549,44.7644481
55.7926157,44.7716435
55.801913,44.7648203
56.0135289,45.0342262
55.8206922,45.013161
56.0149385,45.01456
56.0458916,45.036894
55.7987253,45.0639613
56.0084927,44.9420081
56.0413645,45.0453071
55.7918681,44.7394186
55.7923128,44.7386465
55.792687,44.7715922
55.8016865,44.7642351
56.0831672,45.0610019
57.0893322,45.148093
57.8503154,45.7819681
57.8542819,45.7932787
57.5011949,45.7836427
57.5012665,45.7809563
57.5010675,45.7823354
57.5017341,45.781039
57.4628834,45.7997386
57.4950026,45.9109657
55.8623551,45.7179762
56.0010875,46.0751215
55.9996587,46.0916992
55.8031454,45.9255958
56.0500833,45.8616915
55.5309739,45.4649755
55.5338535,45.4494782
55.5497051,45.4828191
55.5335465,45.4516953
55.5553534,45.409366
55.5486917,45.4825489
55.5488072,45.4834682
55.5212335,45.4884402
55.5211753,45.4883014
55.5491445,45.5768189
55.4738082,45.5210692
55.4741884,45.5238875
55.4743629,45.5328512
55.4743633,45.5214189
55.4753689,45.5256198
55.2211222,45.896183
55.2213189,45.8958995
57.3448067,46.4729353
57.6430224,46.6116427
57.3733101,46.4605524
57.5025437,46.7392462
57.3722273,46.4201298
57.6432917,46.614289
57.6427564,46.6137945
57.6430405,46.6133572
57.6426294,46.6137189
57.6617549,46.5485362
57.6424924,46.6127255
57.3726143,46.4190014
57.7331812,47.013177
55.0291932,44.4692542
55.0297137,44.4923725
55.6136739,44.5348069
55.6140681,43.9849239
55.5356037,44.2297186
55.4188011,44.4947845
55.5057866,43.8982285
55.9971466,44.6415091
56.0003519,43.9675391
55.9984444,43.968127
56.0003685,43.9677306
56.0712016,43.9313996
55.937033,43.9801088
55.9975563,44.6408567
56.0277582,44.5930921
56.0023716,44.6341598
56.0631524,43.9416272
55.8954614,43.9844722
55.8957122,43.9845279
56.3236137,43.9524486
56.3283472,43.9495527
56.3377891,43.9256034
56.3391892,43.9226501
56.3375858,43.9248124
56.3195325,43.9282293
56.3226862,44.0340751
56.2469236,43.9660438
56.3126669,44.0723165
56.3234279,44.0347139
56.3029933,44.0467112
56.326158,43.9529475
56.3074483,43.9846019
56.3147312,43.9911016
56.3133791,43.9916076
56.3031629,44.0458323
56.3030789,44.0451751
56.2975406,43.9427644
56.3933647,44.0086991
56.3334529,43.9631063
56.3395647,43.9241443
56.3313328,43.9647903
56.2961894,43.9332739
56.2549639,43.9704486
56.2436958,43.9677607
56.3878107,44.0113128
56.3248495,43.9793341
56.3942041,44.0096592
56.2157079,43.9310292
56.3165054,44.0681411
56.3055561,43.9809628
56.3129877,43.9899211
56.3266707,43.9802942
56.3267938,44.0059748
56.3407194,43.9222133
56.2550663,43.9699675
56.1251203,44.2578817
56.1271514,44.2615705
56.3307572,43.9673244
56.1947018,44.1216325
56.125009,44.1656316
56.3262111,43.9799355
56.3302071,43.9676668
56.2220752,44.0717538
56.2212058,44.0700839
56.2241698,44.0755732
56.2249492,44.0951358
56.2242925,44.0754959
56.2208558,44.0784771
56.2263348,44.0755587
56.2987368,44.0798345
56.2982,44.0793475
56.3226235,44.0343909
56.3141957,44.0709902
56.2966831,43.9378233
56.3341161,43.9615938
56.3360032,43.9567315
56.0888668,44.134445
56.2238663,44.0768776
56.3069004,43.9847403
56.2245394,44.076083
56.3392452,43.9228185
56.3389792,43.9220114
56.3193833,43.9277336
56.3201298,43.927908
56.3233552,43.9460958
56.3239514,43.9572776
56.3220599,43.9568557
56.3115836,43.9765747
56.176377,44.1611008
56.1407419,44.1855284
56.1569589,44.1981496
56.193979,44.1266761
56.2291899,43.9442759
56.3239542,43.9469498
56.2214431,44.069301
56.1962561,44.1220566
56.258674,44.0071692
56.187952,43.9236565
56.125071,44.165656
56.2921952,43.9822667
56.244582,43.961626
56.329856,43.9480297
56.3251852,43.9780245
56.122828,44.269748
56.339488,43.923808
56.1182686,43.9222697
56.1766287,44.1616688
56.2962489,43.9351747
56.2189487,43.9373625
56.1753768,44.1536587
56.2216959,44.0704036
56.2355937,44.0238959
56.3249882,43.9510919
56.4202272,43.997317
56.3367863,43.9269203
56.3429397,43.9217522
56.1181305,43.9223123
56.3232223,43.9541819
56.1404645,44.1866494
56.1406238,44.1857641
56.3220748,43.9409808
56.2674664,43.9149596
56.3341347,43.9302895
56.2214977,44.0711282
56.3939784,43.9846042
56.399139,43.990599
56.1858084,43.9220618
56.2130907,43.9293316
56.3904119,43.9736747
56.3250864,43.9793062
56.2966841,43.9364603
56.2951721,43.9353357
56.25572,43.9711454
56.2586305,44.007241
56.3302038,43.9668037
56.4227298,43.9897868
56.4223652,43.9917895
56.4232935,43.9912892
56.4226151,43.9890014
56.3261284,43.9803285
56.2433663,43.9643222
56.2435128,43.9646563
56.3035577,43.9845914
56.2916945,43.9828316
56.2918445,43.9818089
56.3082767,43.9855929
56.3084795,43.9905759
56.3150484,44.0126714
56.3157084,43.9851709
56.0892745,44.134429
56.3156429,44.0024935
56.2133513,43.9287409
56.3351797,43.9589715
56.3190536,43.9451945
56.3064853,43.9367752
56.3042251,43.9380328
56.302521,43.938995
56.3080842,43.9362314
56.3080662,43.936396
56.3069955,43.936495
56.3041434,43.9378712
56.3064554,43.9365928
56.3659336,43.9372485
56.2434488,43.9679556
56.3452302,43.9217018
56.3194055,43.9282873
56.1850909,43.9209167
56.1879774,43.9239938
56.5824805,44.0255787
56.8189339,44.5464545
56.8189339,44.5434563
56.818528,44.5435073
56.5019306,44.0245302
56.6115471,44.0585167
56.5828121,44.0260258
56.8106665,44.4696314
54.938317,43.2597087
55.149024,43.5703596
55.2447904,43.157982
55.048566,43.2828802
55.0487815,43.2831347
55.3340674,43.8896239
55.3826756,43.813012
55.3884763,43.9174503
55.4298618,43.9022654
55.3358788,43.8884729
55.4632922,43.877868
55.5340131,43.1565759
55.4185207,43.8592298
55.3209866,43.8853604
55.3207574,43.8861873
55.3197145,43.8889656
55.3201906,43.8888151
55.3207699,43.8847375
55.3412953,43.7486407
55.5065705,43.8813103
55.5035347,43.8914486
55.5060233,43.8929057
55.5064828,43.8888192
55.5297493,43.1625677
55.5056573,43.902051
55.5017495,43.8938653
56.3030067,43.5591783
56.3145462,43.9000443
56.3152362,43.8980941
56.3250894,43.9136743
56.1751033,43.7592701
56.2580121,43.4664484
56.217884,43.3896179
56.2197788,43.3886653
56.2449545,43.4356199
56.3134643,43.8639866
56.2586283,43.7092597
56.2665825,43.7055431
56.3108556,43.7481297
56.3262442,43.8678141
56.3641322,43.8168726
56.3817024,43.7978824
56.2417893,43.863978
56.2614548,43.7104897
56.2477436,43.5499314
56.2178559,43.7564212
56.2389863,43.4622232
56.2487498,43.554346
56.1690998,43.7483988
56.1741803,43.7476557
56.3395018,43.8879285
56.3142504,43.8996941
56.3137335,43.8709862
56.3020103,43.5635321
56.3064146,43.6786102
56.3068932,43.6920403
56.2666792,43.7052448
56.2633486,43.7128346
56.2618782,43.7074857
56.2592183,43.7069717
56.2203211,43.7476547
56.2218465,43.7460991
56.2181311,43.755626
56.2185933,43.7549864
56.2181357,43.7543001
56.1726126,43.7484048
56.1741566,43.7546371
56.1699578,43.7388846
56.237514,43.8678451
56.2578793,43.8536538
56.2666305,43.8918826
56.2412933,43.8630991
56.2302215,43.8486029
56.2462278,43.8747482
56.2513876,43.8879405
56.2479266,43.8784654
56.1181309,43.9163233
56.1135816,43.916673
56.2621091,43.706498
56.312937,43.85116
56.1321319,43.6099134
56.1325058,43.6110142
56.2983185,43.4765632
56.2373331,43.4595518
56.3127888,43.8680718
56.3120186,43.8681081
56.3153105,43.8996567
56.2580005,43.9032018
56.3148589,43.8695652
56.3365777,43.8857402
56.2279798,43.8433487
56.1375964,43.644146
56.3445971,43.8894455
56.341711,43.8886346
56.3430881,43.8889555
56.3260573,43.9144979
56.3247045,43.913769
56.3249597,43.9139589
56.3645752,43.8172138
56.241368,43.8637058
56.3109018,43.7997201
56.228078,43.4138196
56.326112,43.8671585
56.2341443,43.8592389
56.1015904,43.5029925
56.2565065,43.9005239
56.2850919,43.1656471
56.2851066,43.1675254
56.2981902,43.4731725
56.4871967,43.5971665
56.3144805,43.8696244
56.3122294,43.8686939
56.1723493,43.7468828
56.3119261,43.8262201
56.3145909,43.870277
56.3136897,43.8720734
56.3816733,43.7986962
56.2924547,43.3326187
56.2340797,43.8585315
56.2972424,43.4492744
56.24532,43.8233321
56.2267078,43.3903359
56.3118451,43.8262325
56.3441586,43.8388634
56.3453767,43.8421733
56.1701042,43.7485529
56.2459419,43.8169468
56.2509194,43.4948978
56.2580992,43.4673314
56.2579291,43.4681977
56.2576115,43.4671767
56.2575077,43.4678409
56.2376028,43.4606315
56.2419361,43.5114862
56.2264755,43.3898677
56.2464417,43.4225059
56.2534004,43.8931321
56.2401497,43.4509487
56.2435624,43.4403931
56.2626212,43.7050775
56.2388744,43.4763146
56.2681,43.9138547
56.3086007,43.7397018
56.2175789,43.7992761
56.1444552,43.9114678
56.2618947,43.9052617
56.1168174,43.9150151
56.3087047,43.739688
56.3028251,43.687331
56.2619544,43.9079321
56.2615104,43.9071713
56.2179884,43.7955822
56.2463551,43.8122906
56.2419129,43.8632051
56.2415695,43.8627854
56.2496804,43.8514662
56.3031958,43.600731
56.2995975,43.5120418
56.2995415,43.5106588
56.2418595,43.5091624
56.3057957,43.6607293
56.3058709,43.6629454
56.3469371,43.8382163
56.3116298,43.7480698
56.1371182,43.6401809
56.2281244,43.8431806
56.3447288,43.8404966
56.3522938,43.8342164
56.1321046,43.6099328
56.1317978,43.9139688
56.1023826,43.9183825
56.1708019,43.9155627
56.1968456,43.8461547
56.1713801,43.7478503
56.172018,43.7465006
56.1719573,43.7462987
56.6871124,43.4674439
56.4877256,43.5969691
56.7500003,43.15666
56.6155392,43.4293687
56.6204094,43.4322162
56.6477994,43.3735366
56.6480793,43.3748656
56.7593057,43.2201505
56.8656629,43.6393481
56.4877987,43.5978733
56.620705,43.4290757
56.680366,43.467666
56.6810628,43.4668699
56.7502059,43.1554583
56.6480173,43.3749147
56.5813473,43.4142284
56.6027782,43.3317527
56.6318426,43.2547306
56.6312711,43.252762
56.7138014,43.1802807
57.1128786,43.796281
54.8240771,42.6483141
55.2394426,43.0988657
55.4140917,42.5155538
55.3982468,42.5672826
55.4130862,42.5354681
55.397924,42.5676818
55.4212182,42.4846719
55.4139112,42.5152776
55.4140274,42.5154553
55.5332517,43.1644523
55.5344701,43.1657403
55.3680467,43.1490155
55.9574531,43.160662
55.9355742,43.0779344
55.9342635,43.0450343
55.9355878,43.0769625
55.9339181,43.0461571
55.9350472,43.0788608
55.9338038,43.0446571
55.8348245,42.754299
56.2568417,42.9008936
56.2567665,42.9009701
56.7182185,42.836399
55.5536373,42.2065249
55.6077477,42.2017918
55.6183397,42.0774007
55.5864302,42.1482173
57.1064508,31.5612003
57.6854657,31.7498089
57.6760172,31.7834831
57.9854357,31.360675
57.990535,31.3782272
57.9992948,31.3544354
57.97876,31.3762212
57.9639078,31.6404678
57.9760874,31.3637131
57.9998556,31.3472002
57.9879007,31.3567985
58.488511,31.2814816
58.5254603,31.2800737
58.52231,31.2692676
58.5737177,31.286097
58.5395797,31.450274
58.5280513,31.5843347
58.5386608,31.6238082
58.5244844,31.2603616
58.5233131,31.2500968
58.5419632,31.3196017
58.5133167,31.6767355
58.5342343,31.3262595
58.5266031,31.2527934
58.5859705,31.2433933
58.5620787,31.2760496
58.532263,31.3259154
58.532908,31.3280928
58.523543,31.5752967
58.3968359,31.8703902
58.5851645,31.2475435
58.5726263,31.2849665
58.5263663,31.2525998
58.5233235,31.248292
58.5439789,31.3049007
58.5444043,31.2467294
58.5433206,31.3148276
58.5425398,31.3165633
58.5128743,31.6750125
58.5222613,31.2548431
58.5384066,31.2752
58.5500586,31.2718503
58.527511,31.5747778
58.5683995,31.2817391
58.492902,31.6955317
58.514516,31.6765325
58.5143915,31.6790514
58.5206524,31.2689367
58.5428813,31.2634004
58.5474658,31.2779553
58.5719742,31.2843947
58.5375432,31.6217805
58.5137702,31.6784036
58.528989,31.5625375
58.5329038,31.3283784
58.5199407,31.2690019
58.5092581,31.262499
58.5260375,31.2541103
58.5394469,31.2442835
58.5412922,31.2444356
58.5441326,31.2455554
58.5442195,31.2475237
58.5459865,31.2366458
58.5451681,31.3063672
58.5455797,31.3068102
58.5459683,31.3059647
58.5440018,31.2471695
58.5184263,31.2697522
58.5726019,31.2852203
58.5253944,31.2812563
58.5187081,31.2699043
58.5131024,31.6759231
58.4916004,31.6993207
58.4921505,31.7000339
58.4241315,31.8256934
58.3801133,32.0055451
58.5725071,31.2851409
58.5515468,31.2678886
58.5513532,31.2667053
58.559846,31.24637
58.5971639,31.3055466
58.6928555,31.3863975
58.6804644,31.3759379
58.6865334,31.3837468
58.8714485,31.9399087
58.6439696,31.4473828
58.6443113,31.4529913
58.6525394,31.4342492
58.6885683,31.3827512
58.6513661,31.4336548
58.6002109,31.3090285
58.8711611,31.9417493
58.9212652,31.5132633
58.7954995,31.4646029
58.7982626,31.4694227
58.8048291,31.4673995
58.8080424,31.46555
58.6891197,31.7551294
58.6904732,31.7613454
58.6912724,31.7487278
58.6923162,31.7496812
58.7954548,31.4658105
58.8049141,31.467442
58.6980677,31.3904752
58.6034571,31.3107388
58.6004024,31.3082693
59.1272669,31.6351163
59.1841226,31.5415247
59.1930866,31.5247356
59.1760007,31.5556568
59.1838977,31.5419159
58.249541,32.5431316
58.3671839,32.1751869
58.3673388,32.1752301
58.2625721,32.5256187
58.1228874,32.8053892
58.1228,32.8058204
58.1234085,32.8038421
57.641917,32.4632228
58.8125536,33.3953993
58.8167473,33.4239466
58.8309254,33.4125547
58.7657613,33.49538
58.386236,32.9685044
58.427303,33.2916077
58.2084586,33.4640868
58.4080735,33.2883569
58.3867319,33.2907056
58.3873783,33.2906498
58.3760562,33.2946709
58.3886304,32.9811895
58.3912904,32.9773079
58.3856219,32.9666244
58.3860834,32.9662561
58.1996515,33.4755423
58.2077343,33.463025
58.207507,33.463339
58.2074558,33.4629392
58.2076122,33.4641365
58.3890421,33.2905217
57.9752064,33.2549142
57.9518115,33.2903872
57.990673,33.1979738
57.9980273,33.160949
58.050151,32.947577
57.9242056,33.601658
57.9506724,33.3074721
57.950556,33.3050562
58.0364205,32.9536348
58.0310236,32.9779897
57.9503786,33.3069891
57.9264016,33.5972311
58.9604086,33.981002
58.9647818,34.0170292
58.3935396,33.927728
58.3780763,33.9315835
58.3817195,33.8824998
58.3916024,33.913409
58.3869408,33.8948001
58.4028175,33.892045
58.3971506,33.8988034
58.3862702,33.9274746
58.3808072,33.8833292
58.3907512,33.9197985
58.3878362,33.8434938
58.3928485,33.9159973
58.406212,33.9056053
58.3873574,33.857651
58.3874838,33.8589509
58.3877027,33.8577237
58.8276176,35.0149318
58.6043153,35.8287554
58.5970407,35.7796895
58.5981555,35.8186537
57.1539876,31.1625831
57.4688816,31.1111273
58.4924142,31.2051923
58.2364252,30.6586219
58.5249754,31.2185854
58.5452354,31.2358297
58.5311392,31.2317364
58.5243649,31.2379963
58.5246485,31.2301736
58.5147123,31.2375209
58.5149141,31.2368237
58.5243794,31.237821
58.545584,31.2363989
58.5460474,31.2365853
58.5129086,31.2404112
58.5258663,31.238582
58.4996373,31.2176059
58.5074007,31.2309127
58.4918018,31.204128
58.4892905,31.1998347
58.4410077,31.1167673
58.5026082,31.2227893
58.5084941,31.2330946
58.6171803,30.8460455
58.8111846,31.0600748
58.1178184,30.3099499
53.7325205,78.071283
53.7317298,78.0709863
53.7249514,78.0368439
53.7248732,78.0366102
53.7309652,78.0694342
53.8312397,77.942465
53.7407427,78.0269161
54.3759104,77.3860859
55.2951487,78.29383
55.4708494,78.2986664
55.2953014,78.3025512
55.381523,78.3407953
55.444776,78.3241399
55.334783,78.3474363
55.4450079,78.3251884
55.444831,78.3236468
55.2960588,78.2945823
55.3133959,78.3859823
55.3585312,78.3489172
55.2954762,78.294113
55.2957531,78.2933373
55.2958025,78.2935925
55.4443335,78.3238426
55.3137007,78.3857246
54.7072588,78.6829826
54.7000999,78.6613651
54.7008688,78.6550139
53.9988874,79.234326
55.3139519,79.7853682
55.3342777,79.6643617
55.3205697,79.5989574
54.5125793,79.6627173
53.9988944,79.2359296
53.9770417,79.2343211
53.9780613,79.2423551
53.9781538,79.2418143
53.9988068,79.2352592
53.9778129,79.2421979
53.9776855,79.2420148
53.9998447,79.2353244
53.9770761,79.2358302
55.182632,80.3111888
55.1827692,80.3119073
55.1828519,80.3113709
55.1825248,80.3120927
54.3455012,80.4733945
54.3450129,80.47363
55.1183547,80.9141999
55.1182295,80.9115546
54.8782736,80.7169047
54.3223206,81.7080898
54.3220193,81.709173
54.3225291,81.7095561
54.363296,81.9096246
54.3711808,81.9099224
55.1646611,82.7028532
55.1655638,82.7058003
55.1649432,82.7061033
55.1667112,82.7072319
55.1672238,82.7088302
55.1661777,82.7086311
55.1152856,82.563039
55.04105,82.3889995
54.99208,82.6891406
55.038692,82.406034
54.9454464,82.8448456
54.9488747,82.8350171
54.9497058,82.8352149
54.9333347,82.814602
54.9329996,82.814307
54.9331108,82.8131591
54.8814537,82.756247
54.8933342,82.7769103
54.994112,82.8574026
55.0061182,82.8703735
55.0298132,82.8036016
55.0301427,82.8045207
54.9988736,82.6786798
54.9968428,82.6803794
54.9981252,82.6790898
54.8805003,82.7730694
55.0417057,82.3991224
54.9446339,82.8566141
54.9434402,82.876367
54.9585551,82.8404668
54.9587844,82.8406145
54.9489857,82.8357752
54.9972058,82.7867142
55.019788,82.8118406
54.9971185,82.6811744
55.0139344,82.8360512
54.9023699,82.7884231
54.9917668,82.6894762
54.9969443,82.7545112
55.00686,82.667872
54.857059,82.7372064
54.8602918,82.7335601
54.8523338,82.7255034
54.8620472,82.7375275
55.0211669,82.813616
54.603896,82.3046262
53.8100449,82.3540438
53.7808356,82.3182696
53.7870034,82.3323589
53.7874863,82.3326794
55.1029581,82.9578008
55.1369532,83.0019793
55.1032112,82.8993101
55.1285607,82.9443505
55.1221122,82.923707
55.1338417,82.9788271
55.1329522,82.9749472
55.1295532,82.9610908
55.1305365,82.9672715
55.1140983,82.9734495
55.0879696,82.8931052
55.1033369,82.9585501
55.0813505,82.8974033
55.4783248,83.7931591
55.1801563,82.9577898
55.1357086,83.0037009
55.1380924,83.01185
55.287329,83.5708442
55.0873356,82.9742848
55.0953119,82.9788282
55.2307675,83.3387035
55.2867046,83.5705141
55.0883827,82.9750434
55.1077122,82.9852051
55.1381565,83.0024822
55.0873638,82.8932174
55.1220246,82.9238343
55.1366486,83.0021891
55.2299944,83.3351922
55.0598086,82.9118967
54.9820186,82.8962772
54.8598341,83.0754262
55.0528796,82.8956346
55.0126232,82.9255085
55.0122909,82.9550593
54.9864009,82.9136578
54.8591819,83.0947511
54.847957,83.1093578
55.0393045,82.9424887
54.9927013,82.9129524
54.9833692,82.8966608
55.008678,82.9386114
55.0069285,82.9396814
55.0444654,82.993167
55.0448194,82.9965491
54.9725343,82.8976617
55.0435115,82.9517987
55.0574014,82.9376981
55.0657839,82.9343542
55.0247594,82.9216982
55.0159325,82.9238161
54.8370677,83.0769405
54.8496725,83.0398671
54.8489815,83.0400334
54.8490121,83.0393122
55.0104899,82.9389817
55.0161288,82.9461115
54.9969248,82.8695415
54.8655432,82.9904717
54.8565329,82.9777703
54.983119,82.8965743
55.0393806,83.022253
55.0828386,82.9621407
55.0458442,82.9036166
55.0464956,82.9038319
55.0170082,82.9311324
55.0435943,82.9334966
54.9426394,82.8983288
54.9641081,82.9009072
55.0878183,82.8924172
55.0066349,82.9479837
54.9753731,83.0349031
55.0750829,82.908037
54.9838273,82.8953525
54.9938704,82.8700382
54.9942312,82.8696107
54.9827969,82.8716488
54.9817586,82.8716376
54.9821367,82.8713046
54.9922617,82.8802215
55.0480165,82.9406646
55.0470933,82.9409253
54.6499445,83.3042694
55.027611,82.8987681
55.0266123,82.9228045
55.0045912,82.8700858
55.0144859,82.8811725
55.0092918,82.8749668
55.0385643,82.9446868
55.0382966,82.9423012
55.0361644,82.9440332
54.8597547,83.0800027
55.0137144,82.8812415
55.0679232,82.9099989
54.7704213,83.1023817
54.7630761,83.095817
54.9905334,82.9836874
55.071854,83.0128023
54.8427549,83.097014
54.8708145,83.1045814
54.8695246,83.1015522
54.7624965,83.1109792
54.7643303,83.1107459
55.0383702,82.942092
54.8720254,83.1018599
54.9827569,82.8898512
55.0658806,82.966696
54.6497618,83.3044252
54.8302082,83.0879822
54.9398031,83.1883078
55.0259522,82.9256728
55.021112,82.9226824
55.0576853,83.173591
55.0103899,82.9387684
55.0412171,82.9087332
54.8481369,83.1091231
54.9740996,83.0353117
55.041594,82.9623069
54.8688107,83.0996395
54.9734653,83.0360706
54.9775878,83.0314051
54.8431144,83.0965827
54.7989903,83.0840903
54.8375932,83.0733642
54.8452065,83.1026715
54.953951,83.16979
54.7699873,83.1020799
55.0807865,82.8971887
55.047259,82.9023687
55.0420431,82.9422649
55.0101735,82.9392825
55.0631982,82.9117198
55.0638401,82.9115641
55.0249622,82.9268125
55.0809761,82.8973879
55.0347114,82.9010532
54.8672341,83.0953417
54.96897,83.0993114
55.0408002,82.9088271
55.0468105,82.9029548
55.0466267,82.9051451
55.0403873,82.9091449
55.0407346,82.9087867
55.0809463,82.8981387
55.0410821,82.9177229
55.0577177,82.9780302
54.9825704,82.8890986
54.6428538,83.3164571
55.0686977,82.909791
54.9398575,82.9356064
54.9690218,82.9275984
55.0666074,82.9103289
55.0805496,82.8970088
54.6425671,83.3163812
54.9439953,82.8981219
55.0376332,82.9309846
55.00801,82.9444879
55.0157958,82.9242104
55.0177989,82.923418
54.8492432,83.0397289
54.8898043,82.990889
55.0433496,82.9171042
54.9946017,82.8689916
54.9183735,82.9602285
54.8760624,83.0761652
54.8771703,83.0762469
54.943983,82.8983881
54.9450001,82.8983125
54.9639673,82.9018527
54.9596014,82.9384141
54.9668932,82.9257855
55.0309592,82.920058
54.9228869,83.0754327
54.6429311,83.3204498
54.6425736,83.305367
54.9080013,83.0731802
55.0100355,82.8753241
54.9173679,82.9615016
55.0295695,82.9207613
54.8809929,83.0763198
54.9306737,82.9412452
55.0655092,82.9110786
54.9739955,83.0994597
55.0496666,82.9150036
55.0160261,82.9459773
55.0447708,82.9411861
54.9798248,83.1610088
55.0523368,83.1703041
55.0097095,82.9329148
55.0100655,82.9320743
54.7843688,83.0832025
54.969224,82.927467
54.9860336,82.9963601
55.0137578,82.924106
54.8466186,83.0645632
54.9771241,83.1508943
55.0630973,82.9354881
55.0627934,82.9356044
54.9531878,83.1693017
55.0101705,82.9318681
54.9535507,83.1692068
54.9300864,82.9420129
55.0812174,82.9649461
54.9611484,82.9012912
55.0289602,82.9393384
55.0237737,82.897326
54.7629679,83.1118385
55.0194241,82.9309644
54.9520091,83.1703559
55.0617614,82.9360089
55.0576892,82.9789922
55.0572889,82.9781351
55.0619993,82.9881909
55.0414389,82.9620946
55.0414237,82.9631431
55.0409492,82.9616805
55.037575,82.9767929
55.0377434,82.9779945
54.7634848,83.1120031
55.0682167,82.9634958
54.7697799,83.1028578
55.0537429,82.9139606
55.0537714,82.9141806
54.9927724,82.91381
54.9905262,82.9833551
54.9904032,82.9840352
55.0576545,82.9783041
54.6564289,83.2300562
55.0601244,82.9838833
54.9176237,82.9693271
54.9202242,82.9559252
54.6559961,83.2297947
54.755748,83.1234635
54.9519909,83.1702053
54.6428245,83.3157433
54.6426134,83.3157732
54.8452568,83.102998
55.0669252,82.9652217
54.9768416,83.0320856
55.0129326,82.9251678
55.0045972,82.9454593
55.073754,82.9752363
55.0660106,82.9295878
55.0554176,83.1580338
54.990718,82.9831734
55.052302,83.1705935
54.9931649,82.9059714
55.0397088,82.9550323
55.0486384,83.0728944
54.9938286,82.912919
55.0565573,83.1086816
55.0575481,83.1738099
55.0555975,83.1605486
54.6084127,83.2871926
54.2184522,83.3192824
54.6326482,83.2886987
54.2281228,83.4032563
54.6327613,83.2884874
54.6118611,83.2888341
54.4523659,83.3649582
54.4556388,83.3567182
54.4602817,83.3746106
54.4598935,83.3741908
54.4521385,83.3647771
54.4545759,83.3560012
54.4551932,83.3564177
54.6188116,83.2889092
54.608354,83.2870364
54.6345154,83.2526035
55.6496864,84.4319752
55.6473986,84.3649897
55.6456319,84.3580494
55.6464067,84.3603784
55.6459463,84.3581262
55.2317654,84.3878714
55.2356718,84.3916475
55.2489444,84.3950736
55.2320455,84.3879858
54.8457994,84.7373266
55.2690234,76.8158631
55.3100135,76.7612016
55.2698438,76.8153885
55.2674131,77.228066
55.6872652,76.7672176
56.5586132,76.6245166
55.2405139,76.0188655
55.2152743,75.952536
55.2173931,75.9661796
55.2172491,75.9658086
53.5819998,74.0562271
54.5789867,73.545749
54.5857165,73.6199757
54.9732835,73.3891487
54.9731449,73.3891699
54.9817015,73.3803094
54.9834367,73.4100247
54.9510446,73.4153931
55.0089509,73.3743045
54.9855444,73.4096967
54.9643396,73.3944286
54.9641744,73.3953529
54.9939875,73.3766977
54.9856825,73.4814879
54.9914323,73.4769589
54.8957622,73.4332204
55.0066306,73.3925591
55.0037813,73.4005235
54.9911864,73.3736629
54.9109529,73.3854129
54.9617788,73.3793919
54.8918603,73.4299942
54.8917094,73.4205205
54.8932876,73.4163584
54.9206865,73.3665258
54.9848872,73.3969718
54.9917352,73.4238303
54.9772741,73.4258772
54.9084351,73.4565707
54.968304,73.4345255
54.9813789,73.470539
54.9773578,73.4608225
54.9597911,73.4350639
54.9572036,73.4891865
54.9502124,73.4516559
54.9705401,73.4390113
54.9322791,73.4369431
54.9871563,73.4326259
54.9561627,73.4023086
54.9709539,73.3895938
54.9736957,73.3988765
54.9574044,73.4140921
54.9149797,73.4433165
54.9409384,73.426531
54.9196403,73.4162975
54.992752,73.4099505
55.0042326,73.4017349
54.9908753,73.4087282
55.0085558,74.0921825
54.9899338,73.4614524
55.0070386,73.3807673
54.9709935,73.4131162
54.9938127,73.3787701
55.0596104,73.4192829
55.0231583,73.4061159
54.9219804,73.4504463
54.9936375,73.3810792
55.0190808,73.4203318
54.96787,73.4127514
54.9983873,73.3814868
55.0349336,73.4252356
55.0023195,74.0750302
54.9896147,73.4436632
54.885015,73.5306196
55.0440235,73.4882045
54.9984793,74.0883228
55.0135269,73.4054677
55.0208149,73.407027
55.0205842,73.4067441
55.0228835,73.405738
55.0129924,73.4054103
54.9554983,73.4152674
54.9525821,73.4162489
54.998377,74.0875021
54.9955595,74.0857154
54.9982051,74.0871708
54.9640807,73.3940756
54.9725289,73.378916
54.9643012,73.3854094
54.988385,73.4383074
54.9884269,73.4390257
54.9813781,73.4691378
54.9782823,74.1333719
54.973377,73.3932821
54.9827668,73.3804924
54.9727558,73.3824263
54.9757534,73.3817323
54.9767069,73.3815218
55.0350163,73.4249529
55.022061,73.3652104
54.9732911,73.3892976
54.9709644,73.3897651
54.8931783,73.4355185
54.8919619,73.4302489
54.8885769,73.4155795
54.888984,73.422427
54.9864495,73.4246532
54.9849827,73.3969559
55.0354014,73.4217226
55.0359867,73.4224826
55.0211026,73.4062731
55.037296,73.4243977
55.0368537,73.4238268
54.9815369,73.3772386
54.9731051,73.3787977
54.972871,73.3781589
54.9446431,73.3853482
55.0020233,74.0748962
54.9842433,73.3866582
54.9819526,73.3772976
55.0056266,73.3739012
55.0274253,73.4129105
55.0120451,73.4063417
54.9916318,73.4778498
54.9722316,73.3785097
54.9740457,73.4043349
54.9740033,73.4036686
55.0114703,73.6477991
55.0083778,73.577561
54.9871487,73.3867121
54.9384175,73.4191685
54.938164,73.418924
54.9085591,73.4561905
54.9087878,73.4573645
54.9734413,73.3918462
54.9644518,73.4132972
54.9659352,73.4140132
55.2555706,73.5154212
55.6183443,73.4764329
55.6067699,73.5220287
55.6189437,73.5072505
55.6079953,73.4986659
55.6017291,73.4849919
55.6079597,73.4991487
55.6009527,73.4845174
56.210745,72.9649006
57.1215794,73.826499
56.9024767,74.3707467
56.8756582,74.4206393
56.9029901,74.3610885
56.9041266,74.3565675
56.9059238,74.3756211
56.8841292,74.345159
56.9014889,74.3688701
56.8906853,74.364553
56.900213,74.3733596
56.8951136,74.3881798
56.9012503,74.3754355
56.9013702,74.3749998
56.9012548,74.3753858
56.0999868,74.652692
56.1028009,74.6514297
56.0670295,74.6124814
56.1675918,74.9294647
55.078055,74.5948836
55.0190082,74.6682359
55.0395859,74.5911525
55.017717,74.6695371
54.9992704,74.5164609
55.0455047,74.5802665
55.0462821,74.5894715
55.019068,74.6672918
55.0011969,74.5942685
55.0018382,74.5939439
55.0018577,74.5929881
55.0000354,74.5175514
55.017784,74.6687746
55.0179284,74.6676218
54.9812826,74.1395566
54.9996278,74.5157116
55.0005906,74.5934765
54.9815771,74.1399819
54.978409,74.1341705
54.9796336,74.1433952
54.9799964,74.1424802
54.9792039,74.1399619
54.9803767,74.1361454
54.1720461,74.7800068
54.1615218,74.8247891
54.1721775,74.7791663
54.157992,74.8281138
54.1606042,74.7862887
54.1501681,74.7997319
54.1560996,74.8187471
54.1543531,74.8089166
54.1674118,74.7621166
54.1478252,74.8163413
54.1578972,74.8168085
54.1646417,74.7950995
54.147413,74.8232041
54.1475335,74.823389
54.1478154,74.8230292
54.1610415,74.8252224
54.161776,74.8253305
56.9533074,75.314451
56.3747322,75.2077303
56.3660309,75.2518038
54.8537898,75.0899313
54.8404163,75.0727769
55.1108995,75.2470315
55.1105652,75.2442674
53.9335263,74.9523092
54.0661996,74.9335539
54.0672636,74.9381189
54.0029587,74.9902923
53.9695113,75.0626577
54.0715947,74.9565017
54.2038349,72.929381
54.606555,73.1425769
55.0939543,73.0440606
54.9874182,73.2640666
54.980343,73.2923966
54.9646317,73.3459477
54.9606509,73.3500163
54.9659524,73.3469794
54.9655156,73.3472915
54.8696845,73.2651293
54.870236,73.2708757
54.9414532,73.3377666
54.9325795,73.3329946
54.8694064,73.297046
54.9413685,73.3147792
54.940314,73.3169314
54.9371978,73.3158487
54.9364049,73.3141129
54.9158918,73.3158301
54.9513137,73.3374653
54.9873241,73.2676632
54.9886351,73.2640894
55.018644,73.3027909
54.991074,73.3720416
54.9906179,73.3649272
55.0241573,73.3650077
54.9947205,73.3647547
54.973803,73.3041717
54.991811,73.2706708
54.9958213,73.3155362
54.9910952,73.3645143
54.9867678,73.3020371
54.9767214,73.2996894
54.9939573,73.3601137
54.9943502,73.3596399
54.9932731,73.272334
54.9934117,73.2710094
54.9382952,73.3695085
54.8803061,73.3549249
54.8806602,73.3546087
54.8692103,73.2718677
54.8673311,73.2703626
55.0240969,73.3054437
55.0291174,73.3369053
55.0060653,73.3456849
55.0418653,73.293141
55.0592273,73.3039185
55.0291227,73.2853034
55.0422467,73.2918587
55.0589683,73.2523607
55.0474514,73.2965592
55.0618512,73.2545255
55.0749275,73.305373
55.0551817,73.318617
55.0407991,73.3352622
55.0552514,73.3189413
55.0562425,73.3191003
55.0454485,73.3147464
54.945517,73.2052651
55.042006,73.2798851
55.0086439,73.2902005
54.9910973,73.3637598
54.9317565,73.323936
55.0019828,73.3649737
55.0290377,73.285141
55.0357185,73.2395777
54.9881928,73.2779934
55.0481179,73.259128
55.0920246,73.0515773
55.103063,73.0485184
54.971506,73.2940568
55.0588844,73.251999
55.0626153,73.317851
55.0293231,73.2846134
54.9930253,73.3577993
54.9912303,73.2719022
54.9960541,73.2836272
54.9959214,73.2834139
54.9873108,72.6356283
55.0030283,73.2825229
55.090133,73.0545983
54.9362956,73.3151781
54.9706788,72.8902923
54.9360539,73.3359663
54.9866495,73.3415415
54.976826,73.2852783
54.9916862,73.269395
54.9791633,73.3195961
55.0244964,73.3640245
55.0076656,73.2891344
54.975916,73.3118957
54.9933543,73.2711706
54.9800674,73.3221963
54.9887209,73.3450254
54.8690691,73.2971543
54.9448268,73.2150803
55.0434562,73.3211301
54.9595511,73.3450199
54.9605099,73.345731
54.9604643,73.3459176
54.9614122,73.3463996
54.987127,73.3431514
55.0291026,73.2712627
54.9383775,73.3366062
55.0290111,73.2769116
55.0292522,73.2786972
55.0322072,73.2870057
55.0354615,73.2888271
55.0387624,73.3118428
54.9953748,73.2845193
55.0267361,73.3483839
54.9917598,73.3646613
54.8690344,73.2967133
54.8693576,73.2972714
55.0014838,73.3648876
55.0425619,73.2611507
55.0380603,73.2647784
55.0214124,73.3060922
55.0225491,73.3029751
55.0291544,73.2722447
55.012711,73.331845
55.0000517,73.3533179
54.8798917,73.3533816
54.9800579,73.3254941
54.9343836,73.3259043
54.9788241,73.3197076
55.0090356,73.3650563
55.0466103,73.0810358
55.0203909,73.1054153
54.9852092,73.3134259
54.9489408,73.2056588
54.8692666,73.2610206
55.0234983,73.3546551
55.0387926,73.291263
55.0399764,73.2920079
55.0290832,73.2708819
54.9625071,72.8974253
54.9670144,72.8985769
54.9678696,72.8979552
54.9703098,72.8913624
55.0346737,73.3100563
55.036915,73.3106556
55.0362448,73.3103692
54.9405984,73.3387184
54.9406813,73.3393237
55.0236833,73.3657619
55.0379566,73.2643796
55.0381677,73.2646928
54.9503311,73.1176827
54.9675678,72.8984208
54.9722693,72.902111
54.9891464,73.3697408
54.9648802,72.9056209
54.9907331,73.2685104
55.0542074,73.3185335
54.845643,73.2862807
54.8465411,73.2875956
54.9872283,72.6355555
55.0585877,73.2526623
54.9786719,73.3200087
54.9773909,73.2842838
54.9362273,73.316669
55.0019256,73.2996459
54.9956369,73.3153658
55.0015475,73.3002054
54.9936278,73.3299672
54.9456285,73.2009631
54.8692357,73.2950976
54.8690705,73.2965519
55.0166515,73.3402763
55.0542414,73.3182111
54.9529525,73.2716021
55.0422092,73.2932648
55.0262861,73.3483301
55.0746161,73.3057256
54.9802937,73.2924976
54.9957321,73.3153778
54.9884447,73.3047663
54.9887314,73.3049756
54.9762181,73.2863639
54.9868484,73.3021592
54.9729456,73.3391549
55.325282,73.0957353
55.2302938,72.8968859
55.2304801,72.8984812
55.1740029,73.217929
55.1599314,72.7068231
55.250035,73.0276028
55.2300195,72.8989454
55.2304977,72.8968023
55.4194989,72.8271371
55.4658085,72.8100086
55.4195342,72.8259853
55.2887227,72.8464858
55.5994109,72.6514251
56.210836,72.6051326
56.9702532,72.6386905
54.642246,72.4257588
54.6301452,72.3663661
54.9644876,72.6245866
54.986892,72.6367029
54.9871259,72.6403891
54.9636202,72.6243362
55.868906,72.2123996
55.8877272,72.1935305
55.8695449,72.200613
55.892139,72.2180016
55.8916235,72.2170596
55.891746,72.2155177
55.8281927,72.2432079
55.8948293,72.1934999
55.871158,72.2124488
54.3661869,71.7600624
54.3655292,71.7694839
54.3658373,71.7701954
54.365598,71.7701692
54.3568818,71.7547548
54.3547113,71.7465211
54.9928085,71.9134286
54.9113765,71.3126702
54.9143038,71.308144
54.9220479,71.0213727
54.9557206,71.2831724
54.9558179,71.2840865
54.9559265,71.2837868
55.9850552,71.5009058
55.9842524,71.4986444
55.9849273,71.4979164
55.9848552,71.4988382
56.0396858,71.3753228
56.261581,70.7614557
50.775236,59.6928358
51.5417895,59.9314322
51.5406389,59.9136851
51.8208939,59.7771896
51.4989553,59.9671626
51.0303264,59.8592567
51.0293862,59.8799294
50.7778674,59.6944414
51.5752762,60.6167474
51.2283151,58.4113207
51.2794196,58.4322068
51.3437001,58.3968829
51.2023311,58.3433451
51.2450265,58.4252639
51.235979,58.4367429
51.2253733,58.6231881
51.2277707,58.522466
51.2796527,58.4325432
51.2552663,58.4444944
51.242277,58.5452908
51.2799008,58.4336263
51.2677124,58.7718177
51.2677693,58.7727632
51.268447,58.7730825
51.2686362,58.773934
51.2110538,58.5515909
51.2056032,58.555565
51.211138,58.5528769
51.2417321,58.5463235
51.2168069,58.4891388
51.2278285,58.4831208
51.2486591,58.4333759
51.2317995,58.4879251
51.2370264,58.462534
51.2473077,58.4768202
51.2560976,58.4432381
51.2521426,58.4705197
51.222007,58.4862695
51.2281136,58.5221765
51.2283764,58.5097486
51.2293393,58.4752048
51.2285831,58.5120329
51.2280581,58.5214778
51.2401938,58.4764535
51.2432455,58.5441079
51.1962452,58.3015451
51.2010286,58.2996257
51.1245023,58.512446
51.2322028,58.4279304
51.235821,58.4362549
51.2359509,58.436721
51.2356736,58.4355606
51.2439043,58.4825517
51.2439537,58.4830845
51.2237311,58.4941589
51.2315422,58.4886916
51.2249335,58.6213821
51.1239949,58.5105391
51.1243384,58.5112522
51.2259102,58.5235491
51.2262632,58.524073
51.2249223,58.6221422
51.216452,58.4769543
51.2314935,58.4228953
51.2404916,58.4492525
51.2559948,58.443101
51.2363859,58.5415731
51.2100855,58.4815602
51.2306308,58.4816248
51.2364946,58.5418125
51.2252385,58.6218936
51.2360832,58.5422916
51.2097791,58.5979555
51.210064,58.598398
51.209889,58.597849
51.1993354,58.3346302
51.1962292,58.3021301
51.2607577,58.538862
51.3843193,58.9740369
51.4571908,58.4389917
51.4662485,58.4273207
51.4664246,58.426301
51.4650772,58.4427738
51.3850182,58.954883
51.46065,58.4343009
51.4602042,58.435333
51.3650187,57.6582106
51.1902232,58.2710845
51.2004357,58.2977546
51.2004389,58.2995339
51.2009044,58.2977224
51.1912574,58.2910758
51.2836269,58.2868251
51.1920958,58.2909883
51.4846701,57.3580474
51.4848123,57.3585904
51.7740543,56.3887613
50.8573301,56.1443505
50.8581613,56.1398771
50.9893065,55.6543392
50.9889512,55.6538139
50.9896032,55.6538637
51.7702859,55.5958944
51.7812689,55.4674211
51.0262411,55.5702109
51.7859392,55.0778318
51.7654479,55.0883348
51.7801592,55.1888902
51.7705671,55.1218862
51.7571197,55.1013914
51.7647699,55.0967458
51.7603189,55.0960614
51.7659278,55.1019158
51.7622495,55.1078553
51.7707158,55.1025296
51.7630113,55.09781
51.7640873,55.1164739
51.7638952,55.1159241
51.7635077,55.114751
51.7640016,55.1020526
51.7849426,55.1529201
51.785621,55.168328
51.7859227,55.1690531
51.7979701,55.1007952
51.7747081,55.1069998
51.7696884,55.1321638
51.7704304,55.121494
51.7859769,55.1702872
51.7854089,55.1694801
51.7890193,55.1585686
51.7701301,55.0863199
51.7748792,55.0910591
51.7706118,55.0863172
51.7724475,55.0877688
51.7717251,55.0872307
51.8098701,55.1796754
51.8105781,55.1801235
51.773838,55.1918276
51.7754211,55.1931297
51.7714606,55.197329
51.774521,55.1861328
51.8089867,55.1070882
51.7979874,55.1073893
51.8139861,55.1442799
51.8104381,55.1450224
51.81126,55.1445057
51.7979494,55.0941282
51.8098608,55.1068471
51.8040263,55.158342
51.8003173,55.1349165
51.7673911,55.100013
51.7628241,55.0887154
51.7388186,55.215583
51.7937699,55.1275788
51.7865578,55.1066415
51.7749355,55.1064207
51.7797417,55.085701
51.7860551,55.0781179
51.7978648,55.06542
51.7709194,55.233821
51.7743994,55.2175577
51.7218252,55.0905951
51.7413175,55.0957946
51.7987811,55.1331678
51.7188352,55.1477116
51.8068769,55.1706089
51.8075956,55.1724811
51.762017,55.1034566
51.7750751,55.165978
51.7979895,55.1077339
51.797975,55.1058303
51.7730414,55.3605255
51.715133,55.1966355
51.7665076,55.1240192
51.7424166,55.0942638
51.8070785,55.1704049
51.7163966,55.1792165
51.8104263,55.1071583
51.7899145,55.1622405
51.7731701,55.1965551
51.7552468,55.0924711
51.8071183,55.171182
51.7692379,55.1314294
51.7729259,55.1412005
51.7709103,55.2405594
51.7745224,55.1472024
51.7359684,55.0949776
51.7256624,55.0444552
51.7274816,54.9759391
51.7861676,55.1694644
51.7551899,55.0935644
51.7864354,55.170192
51.7228324,55.0921769
51.7869002,55.147201
51.7753054,55.1075947
51.7802951,55.1505497
51.713131,54.828807
51.7288032,54.9002045
51.8046531,55.1642036
51.8042144,55.1590719
51.8042249,55.15985
51.781808,55.4414988
51.7820435,55.440701
51.7550449,55.0933079
51.7143368,55.2093931
51.7743903,55.1450648
51.7145263,55.2069529
51.6788255,55.0666109
51.7706728,55.2338759
51.8107258,55.0500414
51.7171681,55.2088305
51.7755944,55.1952318
51.7656417,55.0928691
51.8130464,55.1852811
51.8129977,55.1853896
51.8115675,55.1846534
51.8047864,55.1649235
51.7742672,55.1451057
51.713112,55.2264288
51.7147833,55.2036449
51.7822321,55.1877876
51.7195289,55.1402401
51.8135552,55.1439083
51.8147169,55.1436202
51.806245,55.1694008
51.8147627,55.1073146
51.7714916,55.1020463
51.7670441,55.1255591
51.7745964,55.1529112
51.774431,55.1861092
51.7750911,55.1695078
51.6797895,55.0649443
51.886129,55.0321498
51.854695,55.1045552
51.8539546,55.1104184
51.856325,55.1011675
51.8253454,55.1415899
51.8186899,55.1074459
51.8375344,55.107063
51.8143373,55.1505099
52.021954,55.2176959
51.8460387,55.1249968
51.9957468,55.3195086
51.8251511,55.1640219
51.8299837,55.1570329
51.8295782,55.156898
51.8369921,55.1663279
51.8547787,55.1039751
51.817309,55.107766
51.8257222,55.1081879
51.8186936,55.1076477
51.8246649,55.1162566
51.8253912,55.115329
51.8320733,55.1253397
51.8325799,55.1255628
51.832927,55.1260256
51.8238922,55.1395223
51.849911,55.143819
51.8274252,55.1079789
51.8456466,55.1243625
51.855835,55.1330159
51.8399336,55.1069364
51.8245624,55.1640534
51.8248769,55.1649302
51.8274495,55.1721198
51.8286812,55.1465253
52.1758431,55.2896188
52.1798882,55.2893526
51.8809529,55.0552146
51.8242141,55.1643791
51.9957632,55.3205093
51.8304751,55.1761635
51.8259706,55.1513381
51.8249283,55.1378792
51.8568299,55.1291756
51.845559,55.1247736
51.8289043,55.1778142
51.9616998,55.3698133
51.8564476,55.1319041
51.8843295,55.0496619
51.8245839,55.1155052
51.8274206,55.1082234
51.8432405,54.9402676
52.1002528,55.2736737
51.8285484,55.1080399
51.8144791,55.1514693
51.8302069,55.1559025
51.9708171,55.1857975
51.8177526,55.0061644
51.8225546,55.1602441
51.8235189,55.1565337
51.8253718,55.1519333
51.8226732,55.1596377
51.8243226,55.1549466
51.9958186,55.320192
51.8252216,55.1414
51.8465101,55.1073938
51.8468219,55.1069728
51.9399948,55.1766589
51.9703731,55.1854311
51.8711133,55.0757036
51.8151964,55.0365606
51.8500039,55.1439616
51.8148696,55.1165266
51.814709,55.124934
51.8146967,55.1178048
51.840298,54.9263205
51.8145833,55.1398525
51.8146948,55.1335104
51.8148782,55.1105332
51.8148852,55.1087093
51.6786922,54.6228737
51.7128702,54.8282042
51.858706,54.188823
51.8619599,54.8515821
52.9347008,54.7119907
51.87326,54.1496223
52.0712957,53.661325
52.0709405,53.6604415
52.0971325,53.6339252
52.087886,53.6191418
52.8379426,53.5298279
53.7203845,53.6527414
53.5538415,53.6393735
51.5261234,53.4356653
51.5261014,53.4347657
51.7891982,52.7632201
52.5105677,52.7742312
52.4572629,53.1299252
52.4568425,53.1306419
52.4587624,53.132205
52.4223759,53.0844602
52.4050601,53.161478
52.4051428,53.1609021
52.3802147,53.163565
52.9219617,52.8945907
51.5185418,52.5882498
51.7658314,52.7404435
52.5278179,52.7464768
52.7875827,52.1589262
52.7890593,52.1656921
52.7898934,52.1703824
52.7900956,52.1683543
52.7901718,52.1682133
52.8446837,52.3551123
52.7006242,52.2370175
52.7016323,52.2429675
52.7652962,52.182353
52.7806172,52.2472936
52.781464,52.2467673
52.7811597,52.247555
52.782281,52.247071
52.8041884,52.2087036
52.7837407,52.2566123
52.7840381,52.2571253
52.791288,52.2587169
52.837641,52.3580012
52.6996603,52.2409688
52.8188623,52.2073683
52.7574482,52.2660991
52.78377,52.2578962
52.844262,52.3570323
52.7808077,52.2506932
52.781153,52.2468908
52.7810898,52.2510083
52.8043606,52.208026
52.7658842,52.1818025
53.6565767,52.4475765
53.6360845,52.4315989
53.6466564,52.4399632
53.6357348,52.4311724
53.6354925,52.4317987
53.6559953,52.4252237
53.6359201,52.4316746
53.6357916,52.4312828
53.6360502,52.4319199
51.5051294,51.5429452
52.7609739,51.9635603
51.6805647,51.0014533
51.6779167,50.9994492
52.0764974,37.5336076
52.2195438,37.0329637
52.2197897,37.0343249
52.2200471,37.0342349
52.8111122,37.1446263
52.9046219,36.9026145
53.1354607,36.870238
53.2428872,37.3593191
53.2221626,37.1462528
52.8133296,37.2225991
53.0538482,37.1933736
53.1352237,36.8707444
52.8443976,37.5656136
52.8438525,37.56476
52.4415143,37.577621
52.4207688,37.6482754
52.420705,37.6483474
52.4206781,37.647291
52.4413421,37.5767679
52.420618,37.6484878
52.4080582,37.582896
52.4087024,37.5820425
52.4220667,37.6016763
52.4307484,37.5710315
52.0496779,37.5275197
52.6983458,36.3753221
52.70364,36.3686576
52.9741485,36.0922388
52.9882505,36.1204428
52.9783714,36.1029419
53.0398077,36.1993811
53.0430963,36.2018562
52.9610024,36.0879297
52.9506351,36.167442
52.9509462,36.1688452
52.9520818,36.1620641
52.9735601,36.1221491
52.9496688,36.1189006
53.0085839,36.1502748
53.0138085,36.1415627
53.0219281,36.1424836
53.0035719,36.1412772
53.0035496,36.1423011
53.1889251,36.4210817
53.2087631,36.4516907
52.9496819,36.1709434
53.2531734,36.6118585
52.9863065,36.1170042
53.0027512,36.141849
53.0120806,36.1555533
52.9762024,36.0982707
53.0223296,36.1426778
53.211617,36.4576831
52.9367611,36.1433851
52.9498415,36.1193603
53.0005754,36.104256
52.9690131,36.0891489
52.9740836,36.0923108
53.0012439,36.1037546
52.9688467,36.0892234
52.9495733,36.119218
52.9740882,36.0920808
53.2095874,36.4554572
53.2098506,36.4539334
52.9496795,36.1716548
52.9385537,36.1473543
53.3447344,36.7096876
53.4135501,36.0558868
53.2852192,36.5563662
53.285208,36.5559594
53.2783829,36.5764964
53.279948,36.5924466
53.2722152,36.5478801
53.2589997,36.6244738
53.2828907,36.5856074
53.2610293,36.6262441
53.2759912,36.5817733
53.2610896,36.6256091
52.3009124,35.8254255
52.4159461,35.8143991
52.7421597,35.8144372
52.4806856,35.7624805
52.4807647,35.7640506
52.4807329,35.7652804
52.772651,35.8375132
52.6196256,35.656815
52.6699864,35.7322564
52.4315101,35.6086696
52.7409445,35.8174653
52.743663,35.8169617
52.4325788,35.6304527
52.4374611,35.7886218
52.4325967,35.6305191
52.8819563,35.9555398
52.9564285,36.0641375
52.971408,36.0854594
52.9812842,36.0698303
52.977578,36.0549781
52.924521,36.0206807
52.960016,36.0661425
52.9660972,36.0626607
52.9700689,36.0557172
52.9725013,36.0482293
52.9470371,36.0336526
52.9470157,36.0236609
52.9406215,36.0483869
52.9401934,36.0484742
52.9359012,36.0362992
52.9030357,36.0183392
52.9853569,36.0611226
52.9900185,36.061947
52.9244809,36.0784781
52.9394098,36.0671329
52.8935273,36.0159399
52.9029524,36.0189384
52.9564167,36.0642425
52.9402447,36.0479062
52.96408,35.7856933
52.9768566,35.4413915
52.9242551,36.0775643
52.9397435,36.0687454
52.9849763,36.0682537
52.9668039,35.7007735
52.9626425,36.0344047
52.9680786,36.082993
52.9408024,36.048702
52.9900753,36.0545771
52.9991859,36.0754144
52.9470208,36.0235332
52.9018389,36.0169434
52.9990835,36.0747535
52.9709923,35.645646
53.4408724,36.0029441
53.4392325,36.0054215
53.2821549,35.6675319
52.5075851,35.155896
52.4605021,34.9189276
53.0377153,35.3207318
52.8533392,35.2334538
52.7039272,44.5515107
52.7239735,44.5448211
52.6838611,44.3332624
52.4740621,44.2608891
53.0437263,44.722003
53.1265964,44.7799718
53.1306415,44.780195
53.0967919,44.7786104
53.1304982,44.7802472
53.1297503,44.7943372
53.1432817,44.8889264
53.1374824,44.8240212
52.7828601,44.8949383
53.1302612,44.7937348
53.4395629,44.2308702
53.2769293,44.8085043
53.2215228,44.888523
53.2765998,44.7971996
53.4390424,44.6082135
53.2219009,44.8883505
53.2803474,44.8039033
53.2798784,44.8040336
53.232144,44.893757
53.4128504,44.6371585
53.4512738,44.5691511
53.3154311,44.7327231
53.2225089,44.8810831
53.231502,44.8777783
53.2314434,44.8771319
53.2316169,44.8777925
53.3550906,44.6950995
53.4392684,44.2307439
53.2230707,44.9060451
53.5843745,44.7260186
53.3027506,44.7532944
53.2975359,44.7661753
53.2768021,44.80856
53.2802113,44.8036328
53.2838652,44.8090022
53.233237,44.8939777
53.2340135,44.9096334
53.2384335,44.8772469
53.2391461,44.8768799
53.2382637,44.8794733
53.2373341,44.8815287
53.3549053,44.6944728
53.2383554,44.8770421
53.2371251,44.8771751
53.2394667,44.8781388
53.2393558,44.8768044
53.2384349,44.8789726
53.8823913,44.8477025
53.2110104,44.970387
53.1988673,45.0182462
53.1974615,44.998396
53.2319775,44.9155135
53.2097154,45.0614361
53.2125823,44.9882514
53.2141289,44.9871548
53.1942343,45.0035962
53.1982084,45.0258127
53.2036712,45.023908
53.2054603,44.9786818
53.2131005,44.9879438
53.2130238,44.9907646
53.222211,45.174541
53.1986154,45.0207615
53.2002507,45.0214852
53.2050481,44.9794665
53.2049221,44.9783742
53.1964765,45.0038212
53.1954203,45.0145115
53.2126127,44.989963
53.2287136,44.9356362
53.2281093,44.9365318
53.2303971,44.9254362
53.2298477,44.9269218
53.1818135,45.0151858
53.1745769,45.0156426
53.1888937,44.9802048
53.2209056,44.9897969
53.2175029,44.9992061
53.2135914,45.0002162
53.2174109,44.9791921
53.2337185,44.9114092
53.1973376,45.0322562
53.1888512,45.0402442
53.2079651,45.1138841
53.2075734,45.1142757
53.2198059,44.9741879
53.209013,44.9774296
53.208654,44.9759246
53.2229516,44.9243645
53.2101433,44.9716249
53.2073124,44.9738957
53.2095131,45.0008493
53.2104525,44.9984549
53.2223629,44.9102323
53.2093847,45.0349452
53.162864,45.1264364
53.231247,44.9378729
53.2312615,44.9375065
53.2080982,45.1427589
53.2050227,45.1703478
53.1998978,45.1780305
53.204999,45.1715335
53.2026918,45.183319
53.2025153,45.1828659
53.2328152,44.9149241
53.1736684,45.043806
53.1969458,45.0004414
53.219842,44.939064
53.2150979,44.9644906
53.2288866,44.9364098
53.1899021,45.0290604
53.1740016,45.0063689
53.16398,44.976624
53.2087415,45.0191396
53.2137308,45.0164623
53.2370492,45.0219666
53.1971532,45.0006139
53.210333,45.0420964
53.2079605,44.9743124
53.2032111,44.9996297
53.2191848,44.9441599
53.2157416,44.9987254
53.211229,45.0427262
53.1890947,44.9798267
53.1836163,45.0506802
53.5922088,44.9600403
53.3562013,45.3996296
53.1881287,45.0259657
53.5958516,45.2222997
53.1941286,45.1647405
53.2039849,45.1499874
53.2084459,44.9765241
53.2310035,44.9987453
53.2313808,44.9981528
53.2314103,44.9986464
53.1934145,45.1655546
53.1935987,45.16587
53.1938331,45.1655891
53.1956102,45.009957
53.2069718,45.0224354
53.1889741,45.0400204
53.215796,45.0002518
53.1889732,45.0228471
53.2507229,45.013645
53.2183588,44.9481709
53.1868215,45.0221558
53.2114153,44.9995643
53.1892511,45.0394197
53.2098388,45.0383186
53.2201857,45.1557502
53.2504552,45.0165749
53.2213188,45.0259991
53.2093072,45.0168167
53.2514129,45.0168022
53.2188402,44.9442902
53.2310582,44.9376545
53.2510831,45.0135812
53.2465603,45.0007915
53.1839022,45.0525471
53.2201781,45.1560245
53.25071,45.0073814
53.1869195,45.1544474
53.171177,45.1431495
53.2508965,45.0116421
53.250888,45.0050827
53.2506101,45.0094812
53.2510722,45.0008959
53.2524275,45.0165144
53.2497635,45.0159846
53.2389688,45.0764671
53.2301591,45.0960968
53.2208939,45.1496673
53.2204065,45.1549874
53.2222288,45.1761135
53.2075325,45.1134323
53.2341378,44.9108617
53.2365143,44.9336231
53.2343848,44.9130889
53.219094,44.9438419
53.2131006,45.0001885
53.2029055,45.0244054
53.2069179,45.0228874
53.23036,45.0965608
53.2203918,44.9728836
53.1833942,45.0518596
53.183757,45.0514362
53.1837589,45.0510699
53.1574349,44.9884249
53.1314988,45.022226
53.1236222,45.0226781
52.8104579,45.0308246
52.8771026,45.4065344
53.1311719,45.0227609
53.1299789,45.041217
53.1303003,45.0595524
53.1314357,45.0223436
53.1304005,45.0590277
53.1631285,45.0022123
53.1493082,44.9657854
53.1491654,44.9652351
53.1515507,44.9698097
53.1279333,45.056242
53.1217816,45.0542562
52.4803289,45.2444822
53.711086,46.0792517
53.7114589,46.0916387
53.7477172,46.0061676
53.7486644,46.0053912
53.6807697,45.9629282
53.6806725,45.9622017
53.1868248,45.8336273
53.2894687,46.2505278
53.2497042,45.6847935
53.2496793,45.6807941
53.177553,45.8265298
53.2589606,45.7300269
53.2470689,45.6838387
53.2472126,45.6834132
53.1782602,45.823276
53.0847866,46.066386
53.086065,46.2285969
53.1005786,45.9739445
53.102076,45.970413
53.1067619,45.9650033
53.0854452,46.0614772
53.0857609,46.0202354
53.0858843,46.0195566
53.0865388,46.6340505
53.0878195,46.6398998
53.0865563,46.6367022
53.0886749,46.6399615
53.0865761,46.6414819
53.0828542,46.6072682
53.0865555,46.6374095
53.1029262,46.8494013
52.788854,46.7313507
52.7812969,46.730944
53.0849589,46.6197412
53.084703,46.618152
53.0822548,46.6057573
53.0830798,46.605866
53.1034028,46.8492918
52.4861991,44.2124241
52.4571806,44.1244276
52.4384293,43.5830567
52.4942352,44.2023431
52.4934546,44.2026605
52.4858747,44.2125852
53.1561861,44.0215124
52.9133286,44.1612969
53.5509133,43.6429234
53.5419814,43.6352454
53.1766011,44.0375888
53.1824661,43.9630108
53.2366256,43.5318246
53.1825784,43.9643106
53.1676709,43.9747365
53.1756326,44.0383617
53.1754343,44.0380729
53.5504995,43.642655
53.7088582,43.3949534
52.5434143,43.2328902
52.4824578,43.2365018
52.4828012,43.236475
52.4831402,43.2373927
52.4833185,43.2365762
53.0122716,43.1868226
53.1982232,43.0219582
53.7100574,43.3934646
53.7233812,43.3792178
56.6007875,57.0401244
57.2883353,56.9949085
57.4030716,56.8905618
57.4070512,56.8812699
57.4318405,56.9357423
57.4298907,56.9347352
57.6364021,56.4536675
57.7815944,56.3437841
57.6366841,56.4529412
57.633764,56.4556191
57.6975096,56.3840518
57.7000607,56.3830583
57.7006856,56.3839815
57.700978,56.3850547
57.6319173,56.4603037
57.6361687,56.4610036
57.9959806,56.252402
58.0156718,56.2348224
57.9925691,56.2574357
58.0079669,56.2422081
58.0391416,56.3174811
58.0279888,56.2177062
58.1332073,56.4031877
58.0103755,56.2340838
58.0087773,56.2255858
58.0042427,56.1940831
58.0036729,56.1960878
58.0040272,56.1933802
58.0090555,56.2272309
58.0079483,56.2277538
57.999484,56.2727547
57.9988353,56.2720495
58.0403044,56.3247306
57.988656,56.3006057
58.0057153,56.3072213
58.0356792,56.3107109
58.0172988,56.2924475
57.997823,56.2922931
58.0060785,56.2813621
58.005594,56.2772349
58.0437338,56.4405922
57.9332155,56.2677444
57.9503478,56.3920308
58.0067484,56.2284947
58.0029873,56.2319455
57.9912998,56.1989913
57.9900852,56.1932761
57.9624638,56.202365
57.9522834,56.2650028
57.9854781,56.2487841
57.9861342,56.21363
57.9855838,56.2575039
58.0093588,56.2408709
57.998961,56.2725844
57.996751,56.2628779
58.0083545,56.1944032
58.0082397,56.2119127
58.0012603,56.2077097
58.0070311,56.205094
57.990835,56.1952268
58.0043058,56.2144798
58.0086243,56.251041
58.0049428,56.237405
57.9931785,56.248287
57.9658831,56.2446919
58.0025173,56.2470057
58.0100226,56.2497119
58.1110602,56.3232041
58.1101665,56.323029
58.1132369,56.3036403
58.1119083,56.2968172
57.863269,56.2951444
58.0158237,56.2932483
57.9329901,56.2685375
58.0094709,56.2190626
58.0061304,56.3055204
58.013862,56.2936256
58.0036347,56.3053336
57.9913047,56.2992972
57.9292795,56.1735059
58.014603,56.2935944
57.9327648,56.2676366
57.9935712,56.2897697
57.9903243,56.2971267
57.9852938,56.2558678
57.985505,56.2503213
57.9959896,56.2535735
57.9852162,56.2480649
57.9854066,56.2605161
57.9322418,56.1645154
57.9328795,56.2685121
57.9873192,56.2914876
57.9901345,56.2972695
57.9853354,56.2577863
58.0030579,56.3162312
58.0011555,56.3148805
58.0055417,56.3942591
58.0045897,56.3062283
58.1140696,56.3194142
57.9972764,56.287288
57.9861601,56.2146904
57.9960932,56.287478
58.0006806,56.3789067
58.0008812,56.3884959
57.9989972,56.3113365
57.9516277,56.387562
58.0063507,56.2817865
57.9965109,56.2617349
58.0146097,56.2814652
58.0037787,56.2311704
57.9924117,56.2568514
57.9940007,56.2484441
58.0167118,56.2618475
58.0167763,56.2620886
58.004592,56.3129648
58.1144709,56.3671475
57.990575,56.1950635
57.9742755,56.3468047
57.9731363,56.3461306
57.9736387,56.3454348
57.9881773,56.293956
58.2214119,56.4166701
57.9901515,56.2967736
58.011501,56.2387925
58.0113088,56.2385451
57.9803346,56.2159564
58.0139082,56.2810216
57.9522761,56.2652381
57.9648722,56.2623707
57.934322,56.2365563
58.2137826,56.4069547
58.2665325,56.4131077
58.0013627,56.3154235
58.0040946,56.2224051
58.0055367,56.2216687
58.007981,56.2198323
58.0027132,56.205177
58.0038347,56.2303235
57.8448041,56.2929537
57.8470634,56.2877112
57.882711,56.2667217
57.8445114,56.2965653
57.8443207,56.28993
58.0058364,56.2698492
58.0392766,56.3163101
58.1134783,56.3063385
58.0445401,56.4303796
58.0445297,56.4306409
58.0450967,56.4304919
58.0402713,56.4322288
57.9669159,56.2619022
57.9671997,56.2618608
57.9672403,56.2618954
57.958255,56.2650751
57.99712,56.2632296
58.0136876,56.2462565
57.9914394,56.2989981
58.0063936,56.2640457
58.007292,56.28825
57.9974119,56.2621154
57.950063,56.3860017
57.9198975,56.2644987
58.0099001,56.293949
58.0088673,56.2944843
57.9944027,56.3820202
57.9518729,56.3925268
57.844584,56.2895572
57.985206,56.2487796
58.0389907,56.3184553
58.0071439,56.2876729
57.9816122,56.1993603
58.0026868,56.2468444
58.0046548,56.2547729
58.0936023,56.4263116
58.0434928,56.4420005
57.9290413,56.2666974
58.0037583,56.2378992
57.9915285,56.2996656
57.9506684,56.3922852
57.9738645,56.2084334
57.9587483,56.2649691
58.0106538,56.2259159
58.1408082,56.4203563
58.1347548,56.4092128
57.9511937,56.3870735
58.1070611,56.4261961
57.9648524,56.2620324
57.9028509,56.2063256
57.9944664,56.2128999
57.9322895,56.2777179
58.0051777,56.3098218
58.0048112,56.3182611
58.0147121,56.2814634
57.9031967,56.2046435
58.1455593,56.4192698
58.0094724,56.2939104
58.009553,56.2946748
58.1388578,56.4206531
58.1349941,56.3037935
58.1347109,56.303446
58.1350588,56.3023575
57.9969961,56.2604862
57.973571,56.2080958
57.9722338,56.206638
58.0152484,56.263837
58.0063446,56.3458588
57.9942645,56.2115412
58.0018447,56.1921419
58.0014101,56.1930377
58.0051747,56.3254535
58.0030152,56.2075898
57.9995247,56.1977663
57.9978664,56.2898134
57.9972834,56.2874836
57.9979,56.290788
58.0055468,56.3072765
58.0003109,56.2968748
57.9946522,56.287386
57.9936361,56.289871
57.9969211,56.2182024
58.002668,56.2234491
58.0025957,56.2231512
57.996853,56.2179272
58.2748755,56.41572
58.2951105,56.481187
58.455077,56.4343746
58.3458825,56.4647222
58.4563544,56.4317115
58.294374,56.4826153
58.2734434,56.4163608
58.2757627,56.4197892
59.393187,56.8584315
59.4039462,56.816266
59.4144039,56.8085829
59.4145759,56.8225291
59.4098917,56.7921981
59.4305131,56.8492626
59.4631486,56.8445523
59.4122668,56.7809264
59.4122084,56.8206843
59.4131154,56.7941926
59.4021036,56.7667284
59.4018813,56.7673562
59.4482686,56.7481188
59.3891056,56.875715
59.4142964,56.8404046
59.412234,56.7699292
59.41217,56.7808648
59.4123805,56.8205534
59.4163512,56.796163
59.4105223,56.7922726
59.4078948,56.8040714
59.4218936,56.7633337
59.4311545,56.8523622
59.4481423,56.7490664
59.4129677,56.8413391
59.4138075,56.8425041
59.3774214,56.785967
59.4304172,56.8607734
59.4041373,56.8151511
59.4128776,56.8175592
59.4736808,56.840897
59.4043776,56.8881081
59.4056392,56.8797897
59.3993011,56.8789372
59.4128786,56.8429208
59.4103738,56.7925216
59.4044332,56.8156003
59.4489517,56.8523564
59.4317612,56.864424
59.4219062,56.7630229
59.4848286,56.8390069
59.4847857,56.838266
59.4764233,56.8402338
59.4771689,56.8389576
59.4036676,56.7879602
59.4349955,56.7600702
59.6483429,56.770988
59.7037968,56.7345125
59.6348605,56.7420883
59.6016457,56.752871
59.6939995,56.6985356
59.6898193,56.7379225
59.5412543,56.7966637
59.5694992,56.7694837
59.5702141,56.7691328
59.5893557,56.7660327
59.5888729,56.767004
59.5851302,56.7752927
60.7564675,56.7386619
60.4186571,57.0847165
60.418168,57.092933
60.4186125,57.0853679
60.4086702,57.0832379
60.4085385,57.0833382
58.8354036,57.5464872
58.9571228,57.5973379
58.8368523,57.55449
58.8370139,57.5546751
58.8375929,57.5540599
58.8344555,57.5409709
58.2947004,57.8138786
58.2955718,57.8143057
58.2957602,57.8127464
58.2914751,57.8187955
58.268451,57.8232356
58.1122961,57.7009003
58.1001933,57.7978221
57.2668196,57.0187014
57.0924625,57.3922442
57.0926394,57.3912899
57.0931803,57.3914372
57.1444778,57.2934972
58.3868694,57.9010372
58.3354001,57.8276222
58.3363838,57.8274141
58.3367622,57.8284034
58.3355186,57.8276517
56.5193868,56.0861188
56.4272799,55.5807921
56.494215,56.0656554
56.4211092,55.5506547
56.4304945,55.5914088
56.434215,55.5974068
56.449271,55.6015808
56.4206645,55.5507536
56.4488205,55.6013046
56.9438783,55.6148663
57.1817373,55.5291752
57.1779746,55.5314646
57.2776769,55.8443036
57.687599,55.5673362
57.6873201,55.5672615
58.0454327,56.0226492
58.0743696,55.783599
58.042342,56.1859554
58.0431422,56.1862533
58.0452449,56.0590394
58.0458269,56.061971
58.042292,56.0485625
57.9889305,56.1879281
57.9681245,56.1497929
57.9606494,56.1353007
57.9537402,56.1171442
57.9078964,55.989515
57.9616045,56.1806108
57.9575049,56.1182019
57.9375778,56.1581495
57.934585,56.1573786
57.935397,56.1591234
57.9381511,56.1608466
57.9360659,56.1593876
57.9511711,56.1225985
57.9555683,56.1238422
58.0091087,56.0601999
58.0096715,56.0551205
58.0091654,56.0535082
58.0375295,56.0506181
58.0414552,56.0456023
58.0405961,56.0411747
58.0013351,56.1316764
58.000846,56.1334158
57.9968815,56.1356142
57.9998999,56.1676436
57.9612214,56.1330726
57.9602508,56.1347709
57.9608515,56.1349202
57.9597563,56.1344812
57.9943351,56.1366004
58.0394401,56.0244237
58.0393919,56.0373616
58.0015187,55.9454915
58.0344326,56.02108
58.1015429,55.8166248
58.0421406,56.0364873
58.0329494,56.0173044
58.1032357,55.8136716
58.08143,55.7656134
58.0544838,55.8486353
58.0770574,55.7560729
58.0339662,56.0200144
58.0345142,56.020679
58.0361462,55.9288885
58.0454216,56.0241821
58.0444303,56.0279086
57.9352751,56.1601855
58.0252929,55.847923
57.8631751,55.8772902
58.0766867,55.7558047
58.0386368,55.9131581
57.9245296,56.1755186
58.0724382,55.7829228
58.0222727,55.9948988
58.0056614,56.1243226
58.0271115,56.0004718
57.9766916,56.1653506
58.0812125,55.7646752
57.968341,56.1494208
58.0029631,56.1687098
58.0415004,56.0455317
58.0315331,55.5560163
57.896761,55.964523
58.002777,55.9472709
58.0089638,55.9616891
58.009875,55.96491
58.0126193,55.9723762
57.9398349,56.0534565
58.0128051,55.9850759
57.9365502,56.0371108
57.9392971,56.0508262
57.9484204,56.0901797
58.0434782,55.8745138
57.8848133,55.9239616
57.968121,56.1498962
57.9686736,56.1529469
57.9694526,56.1516089
58.0387872,56.0246207
58.0390987,56.0247018
58.0779202,55.7426611
57.9582823,56.1290809
57.9692852,56.1520727
57.9969888,56.1355373
58.0720893,55.7825379
58.0818181,55.769614
58.1039521,55.8139298
57.9431276,56.0698121
57.967651,56.1506384
58.0742283,55.7829804
57.9974241,56.1891675
57.9235662,56.0127753
58.030825,56.0108781
58.0035681,56.1558163
58.0768542,55.7557489
58.0770386,55.7530749
58.0771374,55.7533382
57.9820312,55.2974376
58.0301213,56.0092364
58.0289469,56.0058235
58.0284766,56.0044063
58.0711467,55.6334823
57.9793623,55.3109552
57.9783588,55.350053
57.9784326,55.3684366
58.0036874,56.1578103
58.061478,55.6138251
57.9786562,55.3486357
58.0606093,55.6136518
58.036473,55.5668145
58.0775596,55.6569296
58.0031838,56.1858187
58.0244427,55.8480008
56.7450217,55.0895472
57.2896806,54.9742359
57.6994323,55.0065171
57.7103615,54.5881398
57.9778261,55.3675236
58.1809176,54.9922495
58.0902819,54.6517902
57.9907703,55.2524373
57.9911879,55.2511787
57.9908205,55.2437017
57.938889,55.329387
57.939029,55.32815
58.1809726,54.9916074
57.9908978,55.2477335
57.9906514,55.2509669
57.9819924,55.2960518
58.42146,54.4576527
58.2701664,54.9280915
58.241955,54.9500996
58.2418282,54.9489838
59.0270275,54.6777365
58.9914477,54.6532251
58.9846245,54.6955008
56.4639029,54.3299993
56.6893721,54.5570229
56.6893192,54.555281
56.7108542,54.317474
56.76548,54.108768
56.7745951,54.136774
56.7736697,54.1392844
56.7751207,54.1357287
56.7642205,54.1564201
56.7650448,54.1561586
56.7675433,54.1089499
56.767133,54.1084096
56.7196153,54.2324437
56.7196456,54.2311756
56.6896654,54.5564235
57.7123844,54.5869305
57.6677423,54.575183
57.6579451,54.5881506
57.710458,54.5873487
57.7024404,54.5538021
57.7023908,54.5530209
57.7104753,54.5874122
58.4730573,54.0943896
60.311533,54.3177652
42.4161005,130.6430992
42.7053512,130.8340066
42.7673869,130.4722747
42.7109385,130.7798958
44.3904941,131.3847902
44.4119208,131.1930477
44.0179473,131.2522116
42.8811218,131.3115833
42.8817884,131.3118471
42.8822213,131.3112592
44.3308704,131.6231507
43.9583829,132.0138752
43.9590799,132.0142003
44.0531536,131.7076489
43.9291395,131.7870629
43.9472595,132.0379005
43.9513374,132.0375
43.9490654,132.0492719
43.9537742,132.0276381
43.9258375,131.9999259
43.9251068,131.7895782
43.9258186,131.9991882
43.5466344,131.8988727
43.7045361,132.0130724
43.7828681,131.9573478
43.7914796,131.9569063
43.5800583,131.9597711
43.7828336,131.9570936
43.7828859,131.9570426
43.8112123,131.9341512
43.8115887,131.934063
43.8127854,131.9475776
43.7927202,131.9657725
43.8092448,131.9825149
43.8154556,131.9850311
43.8023908,131.9355478
43.8004206,131.9593274
43.8001419,131.9593224
43.7615801,131.9900123
43.7239073,132.0327985
43.7102429,132.0177687
43.8115981,131.9343237
43.7229277,132.0360258
43.7249547,132.0356183
43.8041607,131.9576767
43.8046481,131.9567051
43.8053699,131.9569461
43.8014757,131.97921
43.7244595,132.0353734
43.7071518,132.0135678
43.7133641,132.0084733
43.7040008,132.0129612
43.6415496,131.9964415
43.6442005,132.002205
43.6941222,132.0029528
43.5825451,131.9624124
43.8120718,131.9795253
43.8122875,131.9797394
43.7804773,131.9593832
43.8104765,131.9921
43.7911642,131.9534724
43.7731184,131.9685671
43.7783791,131.9620073
43.1147702,131.9014618
43.104179,131.9368581
43.1292952,131.9410707
43.136801,131.9257194
43.1015422,131.911111
43.0937923,131.9017194
43.1091824,131.9386113
43.1175162,131.8890388
43.1271224,131.9102019
43.155192,131.9109423
43.1423631,131.9103514
43.1180019,131.8908431
43.1281758,131.9017706
43.1330395,131.9001272
43.2264844,131.9992268
43.1272967,131.904961
43.1228539,131.9255787
43.1222452,131.9272375
43.1130219,131.87492
43.353212,132.0838606
43.1221818,132.0023549
43.1226024,131.9248076
43.1104229,131.8771389
43.1428126,131.9094806
43.1039954,131.9362943
43.0986917,131.91381
43.0985205,131.9135738
43.0989808,131.9667434
43.107081,131.8759544
43.1680341,131.9160946
43.1320954,131.9150451
43.1557636,131.9110182
43.1679297,131.9152936
43.1559484,131.9114028
43.1266621,131.9106441
43.1691642,131.9327168
43.3071323,132.0740556
43.1037909,131.9377272
43.1374427,131.9532216
43.1132937,131.9175755
43.2212112,131.9658671
43.0987925,131.9134547
43.1320918,131.9115911
43.1353502,131.9108749
43.1019496,131.9112818
43.1756532,131.9107542
43.1678761,131.9148687
43.1650526,131.9138253
43.1288339,131.9404603
43.1258642,131.9159968
43.1257248,131.9165247
43.1284829,131.902087
43.1283315,131.9014712
43.1277525,131.901203
43.1263083,131.9140358
43.3339217,132.0803848
43.1421768,131.9088622
43.2244393,131.9840377
43.1327387,131.9126144
43.126393,131.9100657
43.1353463,131.998866
43.1189729,131.921622
43.1176086,131.8996597
43.1135251,131.9360779
43.1181358,131.9010472
43.1366679,131.9266071
43.1364831,131.9267448
43.1928693,131.9289544
43.107304,131.9842571
43.1421484,131.9102665
43.1557269,131.9137869
43.3507932,132.075506
43.3668338,132.0356387
43.2226282,131.9649591
43.1102708,131.9837955
43.1698361,131.9731392
43.0222924,131.9005907
43.2267124,131.9976617
43.1594267,131.9120224
43.1302613,131.941483
43.2632314,132.0687081
43.148971,131.9069966
43.1597307,131.9482104
43.1279193,131.9401752
43.1013265,131.9431057
43.1163065,131.8824441
43.0743297,131.9462068
43.1020248,131.896087
43.2243704,131.9816939
43.1707122,131.968113
43.1201766,131.9027682
43.2201406,131.9647816
43.1490014,131.906236
43.1552054,131.9132608
43.1556161,131.911694
43.1022239,131.9378413
43.1235097,131.9230412
43.112865,131.9340494
43.1124301,131.9172979
43.1138411,131.9175004
43.0994471,131.9202598
43.1019098,131.9100147
43.0792092,131.9279091
43.0444861,131.8859705
43.0737949,131.9443663
43.0868784,131.9261377
43.1181948,131.9010365
43.1050085,131.9831589
43.2218416,131.9669863
43.3702402,132.0394507
43.0776638,131.9644627
43.0787275,131.9649019
43.1178253,131.8908983
43.0929792,131.9139431
43.1149851,131.8963664
43.1289995,131.8924949
43.2206096,131.964454
43.0778198,131.9638845
43.1262409,131.9063363
43.2254803,132.0016266
43.022197,131.9005135
43.1658387,131.9418019
43.2965231,132.0903996
43.1666198,131.9098767
43.1670542,131.911134
43.1674942,131.914011
43.1164923,131.9006129
43.1142063,131.917915
43.1328573,131.9117611
43.1164704,131.8967262
43.0994654,131.9199544
43.0047726,131.9101138
43.1283832,131.9022658
43.1266358,131.9055052
43.1190277,131.9219584
43.1188438,131.9218648
43.126569,131.9070742
43.1685085,131.9155185
43.1177933,131.8912735
43.1368955,131.9272234
43.171122,131.9161698
43.1205399,131.901652
43.2626912,131.9718925
43.197221,131.9435151
43.1051821,131.9825595
43.1346398,131.999201
43.1345519,131.9996112
43.1122227,131.9250754
43.0997876,131.8642495
43.11017,131.8786567
43.12424,131.8886145
43.1119055,131.925425
43.1267619,131.9077746
43.1239784,131.8885017
43.1655193,131.9057096
43.3582157,132.0232498
43.1553665,131.9118494
43.1686823,131.9337708
43.1095778,131.984961
43.1094088,131.9853971
43.1091707,131.9851088
43.1225483,132.0022694
43.086875,131.9259676
43.1295504,131.9400647
43.1121979,131.9394876
43.1391437,131.9484338
43.101572,131.9432828
43.3222488,131.9923022
43.1367586,131.9973951
43.3585467,132.0239794
43.2240098,131.9802319
43.1220674,132.0020532
43.2625541,131.9715901
43.2251939,132.0013956
43.0233869,131.8932931
43.1279885,131.9016184
43.1283323,131.9018014
43.1267178,131.9103577
43.175362,131.9104126
43.0381663,131.8847921
43.1639313,131.9409584
43.1393253,131.9483589
43.1597564,131.945031
44.3389914,132.5862115
43.9662446,132.1747836
43.9700957,132.4772888
44.0022139,132.2519456
44.0332579,132.2952681
43.9435445,132.1135032
43.9679894,132.1803516
43.9438969,132.113235
44.0195996,132.2815515
43.9492713,132.0700558
43.8057707,132.5354482
43.4729145,132.4478399
43.7631526,132.0828638
43.7646705,132.0844039
43.7638452,132.0833725
43.3601513,132.1451284
43.3223462,132.4119446
43.121665,132.4025913
43.3532253,132.171191
43.3535128,132.171149
43.3543859,132.1729778
43.3500747,132.1597348
43.3231003,132.0835491
43.3233553,132.0850808
43.1152257,132.3551568
43.1152342,132.355194
43.1050251,132.3390511
43.2453308,132.4682021
43.3770954,132.2460268
43.1049998,132.3391712
43.2995953,132.0895926
43.368765,132.1590023
43.3694686,132.1576695
43.3716643,132.1612661
43.1157833,132.3623872
43.395797,132.1686233
43.3785801,132.1711889
43.3681194,132.1566977
43.3841283,132.1907103
43.3751902,132.2514708
43.3757268,132.2530655
43.3710644,132.2513129
43.1154989,132.3611992
43.3854093,132.1930872
43.3868642,132.1958358
43.3781563,132.2516252
43.2939539,132.3578471
43.2949996,132.3546342
43.322602,132.379927
43.3256187,132.2609684
43.3214858,132.2643131
43.1770142,132.4124327
43.1756122,132.4169298
43.3678096,132.1582275
43.3550651,132.1249604
43.327862,132.2592893
43.2800465,132.3537675
43.3781813,132.2885183
42.8670622,132.6741696
44.8013597,133.1129246
44.611965,132.9198937
44.6182325,132.7846114
44.4945676,132.6966196
44.5684333,132.838569
44.5690743,132.8383361
43.0489854,133.1770327
43.1949518,133.2170653
43.2066965,133.2249919
42.859405,132.9791091
42.8237733,132.8919672
42.8315992,132.8984629
42.8478283,132.9605928
42.8035839,132.8745392
42.7814782,132.8526824
42.8106165,132.8642348
42.7836199,132.8504047
42.7787604,132.8561167
42.8214048,132.8873416
42.7802918,132.8723362
42.8355191,132.8787687
42.8090393,132.8505656
42.8391794,132.9228438
42.8039705,132.8657615
42.7804789,132.8498241
42.7940538,132.8685883
42.7789526,132.8556636
42.7794126,132.8559574
42.7876015,132.8619549
42.7942256,132.8692903
42.8211722,132.8873069
42.8215617,132.8870012
42.8361634,132.9074656
42.836667,132.9064908
42.8369835,132.906903
42.8435651,132.9180564
42.847615,132.9586696
42.8434471,132.9184596
42.847702,132.959926
42.8493467,132.9146477
42.8603037,132.980204
42.8242662,132.8928196
42.8375577,132.9079425
42.8454234,132.9360336
42.8554501,132.9743369
42.8226226,132.8513187
42.8453403,132.9353551
42.8434716,132.9181299
42.8552681,132.970114
42.8459977,132.8859493
45.900484,133.7381199
45.9357766,133.7273475
45.8240767,133.6407373
45.8192957,133.6982193
45.8236809,133.7001988
45.9361358,133.7178487
45.8308778,133.7034519
45.833137,133.7047344
45.8756833,133.7259185
45.8631199,133.7200552
45.8091375,133.6918595
45.8070177,133.6907601
45.7952672,133.6839876
45.4636322,133.5585562
45.4666028,133.4511317
45.464239,133.4048099
45.4614579,133.4016217
45.4615829,133.4012809
45.4624673,133.4025272
45.4592837,133.3735301
45.4720503,133.4156349
45.4620579,133.4020936
44.2947531,133.4264514
44.1249356,133.2414851
43.199756,133.259282
43.1998744,133.260437
46.552998,134.2495891
45.9449544,133.7893137
45.8725904,133.9197925
45.9171285,133.7719654
43.7821203,133.8206657
43.3769653,133.8989281
45.9129286,134.8759469
46.6615306,135.5168397
44.2516423,135.0996848
44.2597923,135.0488593
44.2452762,135.1028082
46.4528645,135.8297178
45.0514391,136.6093466
44.747655,136.2934001
55.7576357,30.7874244
55.7578982,30.7873006
55.7587765,30.787878
56.3427409,30.535199
56.3261166,30.5180206
56.2869408,30.5139825
56.3426435,30.523384
56.2868962,30.5070071
56.3512544,30.5004674
56.2840742,30.514099
56.2876077,30.5149011
56.2882183,30.514057
56.2835738,30.5143622
56.2699009,30.3820456
56.3460477,30.5272436
56.2885677,30.5681196
56.2882551,30.5689618
56.3331232,30.5264153
56.3306957,30.5235037
56.3393627,30.5317509
56.3396864,30.5315634
56.3393704,30.5316415
56.2930876,30.980096
56.0174736,29.9177956
55.9877372,29.9946992
56.0125384,29.8921923
56.0174652,29.9181524
56.0173359,29.9181357
56.0128199,29.8912542
56.0173519,29.9184575
56.017329,29.9178133
55.8619757,29.9635614
55.9064798,29.9631669
56.3117166,29.3945522
56.3208024,30.1358316
56.3219812,30.1329513
56.318965,30.1306847
56.3212836,30.1391069
56.3206277,30.1377764
56.3230436,30.1395431
56.0385943,29.8809181
56.038856,29.8808486
56.833747,30.1508088
56.9819078,29.8477362
57.327525,29.7671006
57.6232844,29.0998451
57.9569617,29.6477835
57.758242,29.55843
57.8700844,29.9757661
57.7623984,29.5627888
57.8251016,29.9582822
57.9428878,29.6498144
57.9601877,29.6669736
57.9429724,29.6505361
57.8158088,29.9515697
57.8158506,29.9524899
57.8160139,29.9524292
57.8157332,29.952567
58.2665382,29.4605884
56.3206902,29.3879496
56.2959431,28.5076263
56.3167002,29.3961446
56.3155457,29.392893
56.3157989,29.3914969
56.3189988,29.3891161
56.3154286,29.3925663
56.3533969,28.8522512
56.4154712,28.6610696
56.3518285,28.8641325
56.4592559,29.1100426
56.3064855,29.0808347
56.34448,28.9471874
56.4590015,29.1099988
57.0354585,28.8336824
57.0285025,28.8487027
57.0308753,29.3325224
57.7449532,29.4593272
57.7449963,29.4586612
57.822949,29.5115747
58.2667099,29.460176
58.4353183,29.3572698
58.2664287,29.4596609
56.3814857,28.6367645
56.3560284,28.1941156
56.3546372,28.2844745
56.3767367,28.6290723
56.3779455,28.6362339
56.2870413,28.4828465
56.3802594,28.6360088
56.3751159,28.6356562
56.37659,28.6365375
56.3614964,28.3327807
56.3546347,28.2839059
56.0839743,28.2910547
56.3569115,28.2027715
56.2774577,28.4847324
56.7144712,28.6628521
56.7924968,28.6854781
56.695187,28.6499324
56.697443,28.6775608
56.6953738,28.666682
56.6951946,28.6666744
56.7285517,28.6757467
56.6951867,28.66703
56.6950926,28.6505365
56.6953137,28.6682093
56.6978927,28.6766741
57.0545321,28.5794472
57.0542206,28.5814477
57.3439137,28.3704248
57.7494535,28.3759423
57.3671841,28.3589573
57.3419895,28.368443
57.3418532,28.3534186
57.739733,28.3655376
57.3424942,28.3522766
57.3364195,28.3694688
57.7921317,28.2096818
57.8443365,28.4825842
57.8173124,28.333742
57.8097053,28.2769109
57.8071561,28.3626041
57.7551562,28.3807661
57.8078533,28.3393422
57.8233424,28.3330938
57.8141446,28.2938392
57.8072858,28.3389431
57.8136678,28.3685159
57.8239177,28.3344874
57.8035593,28.3363933
57.8040104,28.3358934
57.8043034,28.3357146
57.8357141,28.3465732
57.8414074,28.3534599
57.8414215,28.3535762
57.8377603,28.3485815
57.8366409,28.3004745
57.8140721,28.2935728
57.8165091,28.335605
57.816784,28.3346707
57.813163,28.3676955
57.8308243,28.2930321
57.8071439,28.3699138
57.8304482,28.2926153
57.8317706,28.4492408
57.8292481,28.4306598
57.856148,28.3252779
57.8040378,28.3357845
57.8100546,28.3034083
57.7948152,28.4162802
57.7949818,28.4164433
57.7951855,28.4169787
57.831323,28.4498517
57.8093935,28.3048866
57.8030845,28.330776
57.8109493,28.3728996
57.8079844,28.3401906
57.8181038,28.3328731
57.8239675,28.3329492
57.8297089,28.4339306
57.8508757,28.2891836
57.8564183,28.3226071
57.7919722,28.2090906
57.8087089,28.3645633
57.770706,28.12771
57.7549558,28.3805841
57.8317407,28.4503882
57.8535544,28.2878882
57.8534408,28.2878478
57.8242908,28.3640629
57.8243851,28.3349748
57.8195698,28.3318444
56.8709606,27.8324154
56.8728579,27.8333306
56.8712874,27.8321901
56.8744433,27.8348701
56.8726146,27.8338959
56.8729277,27.8332825
56.873696,27.8338476
56.8743484,27.8347954
56.8727052,27.8342751
56.873669,27.8337316
57.0765996,27.9083779
56.9784138,27.9485758
57.7043763,27.8459484
57.5404027,28.0088447
57.6449861,27.389532
57.7045854,27.8457883
57.6449459,27.3891407
57.5368902,27.4717389
57.8316904,27.5967757
57.8369775,27.9286236
57.8319717,27.5971227
57.8328414,27.5965485
57.8330328,27.5970681
57.8317794,27.5966841
57.8331269,27.5955174
57.8140696,27.6104813
57.8138418,27.6104715
58.7231309,27.8332252
58.759713,27.8414719
44.653019,40.6742583
44.6480112,40.2947601
44.6565715,40.2556014
44.9339435,40.3823123
44.8934747,40.5122472
44.8943041,40.5117428
44.9011814,40.5283631
44.9016762,40.5282406
44.9077356,40.4872597
44.4184948,40.1947378
44.4187226,40.1954137
44.5683215,40.0553529
44.593218,40.1153906
44.681128,39.988415
44.5997167,40.1169516
44.6233688,40.0558937
44.6105032,40.0935364
44.6247763,40.0716656
44.60761,40.1046801
44.6085038,40.1118895
44.612087,40.0630702
44.6727881,40.1283334
44.4945219,40.1643002
44.6226207,40.0578889
44.6141855,40.1440477
44.6261424,40.0394857
44.609271,40.044336
44.6171802,40.0664103
44.5904987,40.120353
44.6002605,40.0781015
44.6036755,40.0909898
44.598062,40.1328108
44.6398284,40.0264614
44.6136229,40.1421483
44.6229886,40.0555836
44.8618792,40.0981062
44.6217478,40.0682343
44.6220593,40.0680239
44.6326158,40.0392027
44.6789679,39.9900853
44.723551,39.9516592
44.7205207,39.9544195
44.6244097,40.1667746
44.6601469,40.2333654
44.6104902,40.0438014
44.6073137,40.045065
44.6142853,40.1421159
44.6139008,40.1424818
44.6265613,40.0396411
44.6299397,40.043588
44.6307433,40.0421973
44.6124505,40.0748808
44.6126642,40.0749322
44.6279391,40.0473053
44.6692028,40.1220973
44.6678349,40.1210161
44.6697282,40.1230953
44.6128957,40.0550426
44.6127741,40.0550141
44.62221,40.1618863
44.6659721,40.1275077
44.6597169,40.2296497
44.616802,40.1380645
44.9792817,40.0832079
45.0474253,39.9893649
44.8624037,40.0980813
44.8627225,40.0978831
45.18213,39.6427213
44.9117381,39.2613994
44.9819407,39.7189825
44.8718699,39.1871043
45.17608,39.6436121
44.9844854,39.7182126
45.1844706,39.6423882
44.9991481,39.7081929
45.0514934,39.6642654
45.0284408,39.6837004
44.9161586,39.280664
44.896527,39.3532459
44.9315042,38.9110999
44.97893,39.1123757
44.9806869,38.9184089
44.9621087,38.9334713
44.9803587,38.9477413
44.9625133,38.9344919
44.9525425,38.9968319
44.9801128,39.1122604
44.8757549,39.1814388
44.8944122,39.1672616
44.8722232,39.1841727
44.9980155,38.9284559
44.8683756,39.1878529
44.9829476,38.9492752
44.9665155,38.9368919
44.9378065,38.9152819
44.9524027,38.9979114
44.9797512,38.9472532
45.0029428,38.929753
44.8727962,39.185698
44.9806751,38.918789
44.8709144,39.1852298
44.9482209,39.1169127
44.951989,38.9966427
44.9917399,38.9553535
44.9817504,38.919629
44.9188475,39.0046171
44.9755631,39.1135042
44.9807457,38.9184589
44.980734,38.9196047
44.9405539,38.9176642
44.9431811,38.9186606
44.9082959,39.1544117
44.9014756,39.1609378
44.9337568,38.912544
50.3082325,87.60589
50.74953,88.037159
49.9961311,88.665364
49.9932479,88.6672669
49.9948782,88.6664543
51.788492,87.2470319
52.2555018,87.1155703
52.0467555,87.1006752
52.0237836,87.152145
50.162003,86.3037443
52.0042792,85.9062069
51.9570961,85.9556395
52.0048627,85.9064286
52.0043682,85.9028164
52.0720243,85.930988
52.0571449,85.9277679
52.0773729,85.930405
52.0043029,85.9022428
50.8554686,85.8439027
51.6417123,85.7622471
51.5757343,85.5766176
51.6296811,85.7397428
51.98343,85.894449
51.9052275,85.8688037
51.9178888,85.859168
51.9182614,85.8589605
51.9275594,85.8407356
51.9377153,85.8400978
51.9767462,85.8524995
51.8821185,85.8323338
51.9758203,85.8550655
51.9796322,85.8803275
52.2298825,57.4121873
52.2294823,57.4114748
53.0724485,57.085215
54.89926,57.0172492
55.9186058,58.2086585
55.5692242,58.2771886
55.5424571,58.2361762
55.5425365,58.2363927
55.5423644,58.2365987
55.5430055,58.2356859
55.5418987,58.2369545
55.542689,58.2367402
55.1504241,58.1709672
53.8692006,58.0773282
53.9493181,58.4211538
53.9729155,58.4198013
53.9772578,58.4193875
53.9717838,58.399753
53.9720579,58.4182729
53.9703173,58.4056931
53.9719586,58.4000488
53.9710703,58.4025632
53.9525568,58.3387697
53.9141701,58.4560873
53.9411535,58.4406907
53.9757674,58.4153593
53.286819,58.3613751
53.3232481,58.5051167
52.5710769,58.2896201
52.5712405,58.2890185
52.5713123,58.2889999
52.050552,58.1563281
51.8571384,58.2123529
55.3897774,58.6584281
55.6989522,58.9932404
55.699314,58.9931488
53.9694737,58.5375286
53.4529144,58.8243555
53.4382707,58.8248237
53.3889402,58.7723279
53.5897934,58.5943555
53.5891097,58.5937854
53.3235908,58.5058379
53.3235098,58.505814
53.3231784,58.5059256
53.3989575,58.8268939
53.0170537,58.6900419
52.7327626,58.7337605
52.486526,58.7134817
52.7185444,58.7291756
52.7077613,58.6696259
52.7300598,58.654404
52.7327779,58.6693261
52.7212799,58.6809772
52.7056045,58.6529723
52.7040157,58.6613796
52.7217136,58.6917338
52.7037179,58.6636694
52.7037436,58.6606388
52.7198268,58.6662351
52.7224227,58.7092599
52.7301694,58.680139
52.6997489,58.6552339
52.7038126,58.6639958
52.7213553,58.6807796
52.7197488,58.6588571
52.720352,58.6661596
52.7303993,58.6795387
52.719797,58.6665466
52.7228814,58.6807635
52.7229768,58.6808734
52.711764,58.6778367
52.7265508,58.6656661
52.721009,58.6808426
54.3097978,59.3837261
54.3178282,59.3864479
54.3162725,59.3795606
54.3163547,59.396346
54.2856744,59.4047096
54.309814,59.3756901
54.3163363,59.3798751
54.2139908,59.5971895
54.3114498,59.3826632
54.3397851,59.3629893
54.3404995,59.3632683
52.3017254,56.482209
52.714947,56.57359
53.0402779,56.4674836
53.914972,56.2329376
53.9259806,56.5211161
53.9301031,56.4207551
53.9151208,56.2327931
54.3892793,56.2391693
54.77569,56.2555137
54.8598581,56.4564913
54.7410649,56.2983181
54.8171516,56.7938598
54.7958647,56.2491123
54.7465783,56.2980139
54.8291421,56.4248877
54.7430379,56.3028575
54.6906489,56.2031105
54.6898177,56.2028975
54.7454434,56.2998856
54.7646155,56.4127957
54.7643062,56.4137786
54.7608473,56.3920285
54.7615648,56.3965305
54.7472248,56.3207695
52.7842743,55.8603102
52.7565582,55.7877215
52.7566462,55.796493
52.7649069,55.7879088
52.7708691,55.8040502
52.700204,55.8540229
52.7636442,55.8070687
52.6669923,55.8343149
53.2022846,55.9134169
52.9643689,55.9100912
52.9723637,55.895124
52.9425891,55.9419044
52.8805425,55.913977
52.9724396,55.8940559
52.9701144,55.8929947
52.9604713,55.919858
52.9603957,55.9201653
52.9504077,55.9055919
52.9713281,55.8948097
52.9705451,55.8955082
52.9173424,55.8706804
53.0326667,55.9245323
53.4729681,55.8482695
53.4329764,55.9314541
53.3744954,55.9253921
53.3052397,55.927856
53.460535,56.0380686
53.633566,55.9218123
53.6131127,55.9415557
53.6153548,55.8998155
53.6241819,55.9299948
53.6301946,55.9303628
53.6306365,55.9311876
53.6303492,55.9313951
53.6380894,55.9087291
53.637575,55.9108575
53.6385774,55.910317
53.5679015,55.8453507
53.6074826,55.9490128
53.6138217,55.9396491
53.6028049,55.9310758
53.6373276,55.9724919
53.4510394,55.9200502
53.3519246,55.9242814
53.3737858,55.9256188
53.3516688,55.9193732
53.3564055,55.935561
53.3564116,55.9366245
53.3516249,55.9193704
53.3827119,55.9270228
53.3833023,55.9265027
53.443968,56.0296503
53.4371327,56.0341453
53.6297676,55.9690194
53.624109,55.9740431
53.5987187,55.9078744
53.447661,55.2900602
53.6244042,55.9308787
53.6243832,55.9305204
53.6240678,55.9303938
53.6224305,55.9529349
53.5942461,55.9120896
53.6271026,55.9378104
53.6223771,55.9080916
53.6369264,55.9098766
53.6282332,55.9367659
53.6194456,55.9612403
53.5682868,55.8463366
53.5672465,55.8463028
53.6281509,55.9386461
53.6152308,55.9077146
53.3578147,55.9368022
53.4766768,56.040151
53.6011733,55.9320923
54.0178449,55.9030493
53.6542325,55.9587779
53.6630853,55.9486984
53.6633179,55.9486347
53.6632458,55.9496157
53.6635134,55.9505632
53.739281,55.9382857
53.9657371,55.9128864
53.7412931,55.9411347
53.6970158,56.0160364
53.7414029,55.9402565
53.8039668,55.9359073
53.8087581,55.9322671
53.809831,55.933177
54.0171682,55.903883
54.0171503,55.9035807
54.0415116,55.8865358
53.9485888,55.9148883
53.7424553,55.9403433
53.6529403,55.9475614
53.6565443,55.9487565
53.6556285,55.9486188
53.9652876,55.9135622
53.9280936,55.9178653
53.8890732,55.9140184
53.9654309,55.9138385
53.9659743,55.9138196
54.4685194,55.9499688
54.3571174,55.9133222
54.2929962,55.8803571
54.1969568,55.8886922
54.7182916,55.965385
54.7697167,56.0568093
54.8015911,55.8584092
54.7774945,55.9464796
54.7048736,55.8471788
54.6954197,55.8278132
54.8175389,56.0576396
54.7497497,55.9855052
54.7267721,55.9766345
54.7310673,55.9497969
54.7880781,56.1202752
54.7974946,56.0666759
54.7867272,56.0539961
54.713339,55.9968599
54.7218414,55.945383
54.6456976,55.9249678
54.7040148,55.9503621
54.7290497,55.9949887
54.7534119,56.0324154
54.7527863,56.022755
54.7619526,56.0425897
54.7353531,55.9600573
54.7383594,55.9787556
54.7387406,55.9827143
54.8222891,56.0791078
54.811832,56.0563223
54.8108772,56.0549756
54.6448622,55.9321632
54.7501777,56.0314128
54.7654891,56.049122
54.7552244,56.0328574
54.7488795,55.9742268
54.7626039,56.022486
54.7209516,55.9504733
54.7212184,55.9792092
54.6480476,55.9327072
54.7087583,55.9648332
54.6397141,55.9306421
54.670288,55.7317454
54.7508561,56.018721
54.7370862,55.9706672
54.7510368,56.0181298
54.7251023,55.9870796
54.7214071,55.9763402
54.720297,55.9796239
54.731463,55.9983025
54.7309315,55.9997323
54.7403814,55.9668169
54.746429,55.993328
54.573277,55.9126089
54.536474,56.0715071
54.7819983,56.0325314
54.7153173,56.0029011
54.7113788,56.0009328
54.7261015,55.9474304
54.6517526,56.0828847
54.819831,55.7295357
54.8038346,56.11116
54.8142084,55.8850521
54.6634101,55.7280003
54.6431345,55.940845
54.7492167,56.0163045
54.7515423,56.0172559
54.7197511,55.9762716
54.7187596,55.9687123
54.755721,56.0051161
54.4929924,55.9067903
54.7154384,55.9565617
54.7389537,55.9824744
54.5869285,55.9112514
54.7198251,55.9713604
54.8225246,56.0667952
54.8187022,56.0671964
54.7545862,56.0320744
54.7354324,55.9587152
54.7287315,55.9965139
54.7300435,55.9958452
54.7633939,56.0144866
54.7648609,56.0501499
54.7805964,56.0528714
54.6761645,55.7994811
54.6594575,55.707884
54.6662521,55.7439963
54.7318206,56.0004814
54.7961521,56.0389846
54.7812669,56.037275
54.798533,56.077023
54.7980492,56.0768505
54.7155123,56.0024067
54.7134611,55.9966613
54.6753718,55.8044771
54.7532242,56.0235791
54.8175101,56.1019817
54.7289261,55.9950348
54.7243923,55.9871698
54.7500711,55.984693
54.8508633,56.0835089
54.7350178,55.9591589
54.7360956,56.0056832
54.6337035,55.9277846
54.8148764,56.1263137
54.819317,56.1148118
54.8175931,56.1023169
54.7107314,55.9629138
54.7353988,55.9589377
54.6515208,56.0922195
54.7130747,55.9562484
54.7488613,56.014645
54.7540951,56.032356
54.7542796,56.031344
54.7251967,55.9885194
54.7017924,55.9495258
54.6517315,56.0826322
54.7358324,55.9521876
54.7811442,56.0372202
54.6655743,56.0687399
54.7145818,55.9590473
54.7155562,55.9588199
54.7347829,55.9579542
54.715607,56.002928
54.6609563,56.0793936
54.792364,56.0790023
54.765404,56.0492266
54.7352953,55.9582134
54.8168946,56.1252654
54.7999308,55.8688474
54.6768343,55.8034562
54.7639045,56.0439157
54.7880919,56.1216116
54.7532619,56.0070236
54.709587,55.9654484
54.7192548,55.9683397
54.7997015,55.862485
54.764467,55.9550098
54.676016,55.8097193
54.8099328,56.0539502
54.7977214,56.0768925
54.7707778,56.0550794
54.7704316,56.0581149
54.8134143,56.0896482
54.817863,56.0747527
54.7984449,56.0772997
54.8827269,55.7152088
54.884049,55.7162396
54.4922171,55.9134152
54.6499264,56.0692887
54.7543486,56.0306295
54.7599171,56.0407393
54.7266689,55.9772831
54.8061856,56.1322168
54.7237073,55.9462959
54.8106172,56.0862796
54.797707,55.8598781
54.5805266,55.7522579
54.5936429,55.8112806
54.6548967,55.4892444
54.6422311,55.5709223
54.6632712,55.4350254
54.6420575,55.570845
54.8054896,56.1053987
54.7600869,56.0106117
54.76331,56.0146996
54.7428364,55.9884951
54.7416885,55.9873663
54.7657062,56.0178289
54.7693401,56.0220504
54.7767361,56.0301659
54.7704178,56.02382
54.7813126,56.0322226
54.7914222,56.0368366
54.7949412,56.0382044
54.7541821,56.0086747
54.8807327,55.7024706
54.7648206,55.9555842
54.7984343,55.8629774
54.7616468,55.9588373
54.6417368,55.6118084
54.6481991,55.646439
54.639903,55.9309762
54.6495558,56.0701589
54.6510745,56.0841717
54.7971256,56.0601804
54.6440308,55.935003
54.7103594,55.9657843
54.7137761,55.9579216
54.7012841,55.8224679
54.7739792,56.0665136
54.5906651,55.804952
54.7647167,55.9496082
54.8197536,55.730226
54.8998508,55.6321578
54.7145839,55.9581411
54.7143688,55.9586702
54.8382824,55.7961703
54.7379699,56.0078032
54.7376404,56.0100164
54.8816934,55.7148108
54.8754663,55.7105716
54.8779504,55.7120807
54.8764809,55.7224165
54.8778905,55.7124629
54.8776622,55.7178819
54.650627,56.0814567
54.6354435,55.9307112
54.7329376,55.9700441
54.6293019,55.9270932
54.6445019,55.9333089
54.6444891,55.9325525
54.6766896,55.8027373
54.6766427,55.8046192
54.6638619,55.7300578
54.6645928,55.7337696
54.664317,55.7339032
54.8028259,56.1370785
54.8050393,56.1068947
54.8054449,56.1056112
54.7138912,55.9570129
54.7119361,55.9557501
54.4937474,55.9057055
54.7364101,56.0055076
54.7382403,56.0068394
54.687469,55.9902137
54.6900839,55.9891047
54.6895298,55.9892664
54.796204,56.0439963
54.6871437,55.9879336
54.7759825,56.0513006
54.9984113,55.5003406
55.0486976,56.0115758
55.2457781,55.5255709
55.4181858,55.5831803
54.9124415,56.0817323
54.9125527,56.0813735
54.9129209,56.0817755
55.1106619,55.8401188
55.0551246,55.434072
54.9663436,55.5817799
54.9794981,55.563457
54.9074965,55.606019
54.903777,55.6236663
55.420251,55.5829697
55.4189332,55.5303286
55.4209878,55.519843
55.4177321,55.5419445
55.4193858,55.5830736
55.418956,55.5832075
55.4198279,55.5827293
55.8165283,55.4251319
55.8161554,55.4246562
55.9713347,55.8905381
55.9720349,55.8916902
56.2909192,55.8336329
53.163964,55.1816839
53.1856252,55.2079541
53.1853446,55.2074382
53.4461932,55.2886947
53.3308432,54.929032
53.4311093,55.2614295
53.6039222,54.8063254
53.603688,54.8073539
54.0784884,54.9118613
54.0779714,54.9118635
54.5880724,55.3941406
54.6976897,55.2688817
54.7194378,55.1839182
54.6833662,55.3239933
54.5883643,55.3948586
54.7313622,55.0442853
54.7304567,55.0224688
54.725899,55.1583438
54.66908,55.4013684
54.6678061,55.4003505
54.5852341,55.4436469
54.7240653,54.9213827
54.6880494,55.3348033
54.6684222,55.4017538
55.101367,55.3329054
55.095758,55.3381495
54.9393357,55.2794353
55.0589454,55.4260905
55.0778667,55.2756715
55.0624712,55.3153244
55.077947,55.275797
55.0749441,55.2830026
55.3797309,54.8646061
55.0777814,55.276181
55.0784509,55.2767966
55.0672871,55.4171713
55.0740918,55.2679152
55.0799825,55.2788553
55.064455,55.3262222
55.1380562,55.1693161
55.4873627,54.8616494
55.5407876,54.8625273
55.4889129,54.8531006
55.489626,54.8531129
55.4957276,54.8157331
55.4953657,54.8146253
55.4957157,54.8148563
55.379973,54.8653933
55.4914984,54.8539931
55.4757698,54.865673
55.49546,54.8566577
55.4762431,54.8661944
55.428315,54.8062965
55.4159109,54.8015712
55.4281142,54.8037401
55.4955122,54.8151305
55.4954899,54.8142401
55.4177134,54.7978217
55.4162744,54.7942631
55.4160177,54.7997834
55.4185532,54.7999066
55.409833,54.8190988
56.1387803,55.0876594
56.2512162,54.97036
55.863282,55.3475295
55.8703604,55.3316292
55.8714221,55.3302913
56.2645192,54.95069
56.2641957,54.9507592
53.6848595,54.2773743
54.0706868,54.0698576
53.9230128,54.5780241
54.1085831,54.0729658
54.1261641,54.0942475
54.1256035,54.0930544
54.1260404,54.0934903
54.0835647,54.117939
54.0844168,54.1175638
54.0835453,54.1173423
54.1036353,54.1258535
54.1261454,54.0938741
54.7955833,53.9638945
54.6280173,54.4570366
54.6440329,54.5422691
54.5413432,54.1282099
54.5443443,54.1255155
54.6535063,54.6298344
54.6423349,54.5365925
54.6438121,54.5421766
54.6433954,54.5358918
54.6429393,54.5312516
54.5393323,54.1312973
54.5409568,54.1294264
54.5437526,54.1263798
54.5434161,54.1260043
54.6267925,54.4567176
54.6254051,54.4573736
55.1570632,54.6340559
55.1166107,54.4236
55.441641,54.2770122
55.4417579,54.395375
55.4377645,54.2952423
55.4587461,53.9458413
55.4419909,54.3965191
55.3265575,54.3720165
55.3236189,54.3721139
55.3264319,54.3761622
55.3366772,54.651641
55.3276983,54.5643919
55.4576073,53.9597316
55.3788604,54.1339415
55.3824531,54.1269936
55.3816904,54.12527
56.0816241,54.2573636
56.0845309,54.2593099
55.908816,53.9348967
56.095439,54.26199
56.0989138,54.2656387
56.1000052,54.248073
56.0841836,54.2436006
56.0866051,54.2529581
56.106825,54.3077962
56.071254,54.2656213
56.1073754,54.2235772
56.0718407,54.2663598
56.0887111,54.2483852
56.0868963,54.2532243
56.0882451,54.246564
56.1010417,54.2269225
56.0713536,54.264959
56.0881325,54.2481781
56.0934033,54.2685725
56.0933618,54.268778
56.0930096,54.2682139
56.0938461,54.2692107
56.0981935,54.2742876
56.098514,54.2738354
56.1063227,54.3079645
56.1135047,54.2894422
56.0826305,54.2332514
56.0769595,54.2506066
56.0926464,54.2525218
56.086328,54.2371256
56.1059877,54.3078527
56.1062336,54.3074347
55.9616933,54.2527551
56.0842635,54.2283008
56.0804321,54.2402957
56.0998345,54.2485654
56.0889453,54.2486365
56.0871522,54.2346672
56.0843483,54.2284857
56.0993186,54.2472843
56.0918833,54.2395388
56.0716971,54.2652136
56.0712039,54.2662707
56.0718121,54.2665961
56.0697719,54.2285297
56.0994567,54.2475073
56.0815703,54.2575467
56.0857152,54.2312541
53.8916229,53.926035
54.0810112,53.6713427
54.6009855,53.7251082
54.5822714,53.6958728
54.6057408,53.7125142
54.4901545,53.4455012
54.5880418,53.7007053
54.5884484,53.6999249
54.4741555,53.4556938
54.4478477,53.6010694
54.4811314,53.4654783
54.4813052,53.4659845
54.4828372,53.5040448
54.4875427,53.5209837
54.4831862,53.4982457
54.4833409,53.4975141
54.4806675,53.4632122
54.4856007,53.9064135
54.4844194,53.4833715
54.4813314,53.4628859
54.4846112,53.4432176
54.4845109,53.4848735
54.4855203,53.4821915
54.4829025,53.5405736
54.4844561,53.4828213
54.5599172,53.4436544
54.485091,53.9065079
54.4818446,53.5481436
54.4475163,53.4453154
54.4461942,53.4457486
54.4474452,53.4446464
50.6158627,107.7900183
51.0683839,107.7890566
51.0686641,107.7877199
51.0407101,107.8355035
51.4823208,107.3800831
51.8037392,107.4920426
51.8519764,107.5059427
51.8416943,107.6272985
51.8524088,107.505991
51.8409986,107.6518201
51.829233,107.5077885
51.821761,107.5923352
51.8215232,107.6570856
51.8211548,107.5911014
51.8207299,107.6570874
51.8089966,107.6190572
51.8107446,107.6585576
51.8301366,107.5807998
51.8401929,107.5204389
51.8091519,107.5992065
51.8086144,107.6202245
51.8199555,107.7054891
51.8415649,107.6273793
51.8084336,107.6207412
51.8053107,107.6427173
51.8085307,107.5993134
51.8245604,107.5941775
51.8246326,107.5939044
51.8245252,107.5947775
51.8369457,107.5907544
51.8248585,107.5818219
51.7954359,107.4853407
51.809008,107.6105702
51.8326897,107.5915398
51.8243008,107.5939337
51.8214331,107.5920935
51.8416439,107.5245879
51.8337457,107.5120759
51.8247304,107.5781807
51.8638618,107.540559
51.8029992,107.4445998
51.72948,107.5152086
51.8335923,107.5874362
51.8087774,107.5988249
51.8361235,107.5871186
51.8344869,107.5896429
51.8357384,107.5922612
51.8336098,107.5878213
51.8267857,107.6580236
51.8543649,107.7014062
51.8057686,107.5374872
51.7888915,107.4887024
51.8057715,107.6351322
51.8330078,107.5116329
51.7616401,107.457063
51.7642062,107.4508744
51.7668731,107.459526
51.844536,107.5715875
51.8407483,107.5771245
51.8413631,107.5771861
51.8354472,107.5882775
51.8059281,107.6351868
51.8217792,107.6413332
51.7981402,107.4396874
51.7703057,107.4221346
51.7977694,107.667029
51.8814439,107.4752528
51.8122652,107.6671522
51.7957846,107.6033951
51.8157793,107.5944209
51.820825,107.6582947
51.8048415,107.6544109
51.8090082,107.5995613
51.8210991,107.6624806
51.8442857,107.6501796
51.8091177,107.6201992
51.809121,107.6185574
51.8521155,107.5063559
51.8416723,107.6230373
51.8193641,107.6225315
52.9768044,108.2965063
52.1592922,109.7596311
53.2133553,112.7699876
56.3561963,114.852292
56.3556014,114.8531652
50.5960103,107.1148337
50.9091606,107.0917369
51.0289968,106.6579456
51.4938102,107.356344
51.6765597,107.1589466
51.4769237,107.379174
51.4820605,107.3798959
51.4822089,107.379603
52.0197917,106.7506591
51.7507114,107.2976801
50.3312583,106.4776883
50.3236016,106.4892214
50.3305849,106.4814624
50.3304621,106.4777392
50.3298553,106.4777707
50.4092483,106.4188919
51.0845557,106.4793266
51.0980796,106.6102898
51.0983409,106.6102049
51.962416,106.3078773
50.3814682,103.2915515
51.6384012,101.6502096
52.3209594,100.1747991
41.5796015,47.7997218
41.6818914,48.1437648
41.7543095,47.925691
41.6801454,48.1656876
41.6802735,48.1652602
41.6781215,48.1505562
42.3110647,47.9808111
42.1631772,47.8333629
42.0661195,48.2879751
42.0657587,48.2877959
42.079166,48.2659817
42.1800976,48.0888694
42.380373,47.9489605
42.3798484,47.948694
42.3694364,47.9511643
42.0673329,48.2900387
42.2251264,48.0375743
42.1497277,47.9454811
42.1759604,48.0826833
42.180124,48.0889172
42.0721257,48.2997876
42.0347229,48.2945223
42.0723772,48.3000236
42.0684674,48.2916992
41.8383295,48.3818767
41.6685749,48.3764645
41.9053813,48.3344696
41.7187242,48.3185241
41.7185515,48.3189589
41.6513973,48.3940792
41.6656153,48.3766604
41.6407079,48.40857
41.6411105,48.4080248
41.7074625,48.4740225
41.7856858,48.549859
41.7878646,48.546133
41.7873193,48.5490278
41.7363367,48.4418697
41.9029338,48.3352035
41.6825262,48.3726209
41.4720233,47.7090754
42.2988747,47.3399505
42.2990618,47.3395555
42.4151177,47.3420347
42.4152549,47.3409278
42.4155225,47.3409783
42.4200898,47.3182067
42.4208389,47.3188772
42.4212055,47.3168625
42.4445942,47.3383432
42.444945,47.338316
42.2988011,47.3397073
42.7207506,47.6692412
42.7204795,47.6693748
42.7126211,47.6726543
42.6065201,47.5826158
42.6056371,47.5827097
42.8735252,47.6225158
42.8366197,47.6524406
42.8409406,47.6499751
42.8353033,47.6534164
42.5097847,47.327266
42.5100497,47.3271765
42.8498178,47.6446686
42.606459,47.5823208
42.8540641,47.571341
42.7710704,47.6384111
42.770423,47.6382644
42.8134642,47.6042526
42.8328946,47.5886022
42.8218455,47.5980996
42.8221887,47.5977979
42.8218306,47.5970668
42.8234318,47.6602019
42.8368557,47.636851
42.7144592,47.6717792
42.9208794,47.4722564
42.9516603,47.5337964
42.9552734,47.5511991
42.9509209,47.5302477
42.90451,47.5929888
42.9730355,47.5267048
42.9743226,47.5230057
42.9755763,47.5183256
42.9663142,47.5023496
42.9759713,47.5127054
42.9755818,47.5094986
42.969822,47.4952146
42.9850999,47.504681
42.9826984,47.4968771
42.9887671,47.488889
42.9837418,47.4708678
42.9498296,47.5245836
42.9519373,47.5200647
42.9599147,47.4911992
42.9673644,47.4873983
42.9693837,47.4909959
42.9812633,47.466394
42.9814031,47.4652039
42.9734292,47.5220974
42.8961472,47.6248154
42.9760156,47.437405
42.9818996,47.4211961
42.9667384,47.3950344
42.9663907,47.3952937
42.9676795,47.4000338
42.9017089,47.5961806
42.9857759,47.4307013
42.9694673,47.4910119
42.9523568,47.5393993
42.9015493,47.5961967
42.8998219,47.593419
42.9222366,47.5805065
42.9735207,47.5217479
42.9601146,47.4910244
42.9518258,47.5381919
42.9778236,47.5118161
42.9858582,47.4642515
42.9840906,47.4734871
42.9035617,47.6264138
42.9720762,47.4206407
42.9815204,47.4630695
42.9731048,47.424431
42.9055058,47.6121383
42.9867514,47.5021527
42.9777076,47.5145631
42.9539716,47.5198938
42.9506227,47.5281579
42.9228679,47.5796785
42.924501,47.5841548
42.9578172,47.5544521
42.957874,47.5550694
42.9738519,47.5218023
42.897146,47.6236913
42.9509325,47.5229254
42.9507463,47.5281097
42.9030575,47.5199143
43.0003894,47.4570077
42.9565198,47.3669276
43.025389,47.4436674
42.9817326,47.5074061
42.9725904,47.5209728
42.8840918,47.6139322
42.8745991,47.6228258
42.9809336,47.4804228
42.8833148,47.6133201
42.8841031,47.6120132
42.9616162,47.5125454
42.9547507,47.5587675
42.9708436,47.4114817
43.0050708,47.3275432
42.9829114,47.4682481
42.9756819,47.4359088
42.9787141,47.4502778
42.9795933,47.4534627
42.9810016,47.4606479
42.9624102,47.3723856
42.9638321,47.5144392
42.9550263,47.5508003
42.9033621,47.5135253
42.9022303,47.5219585
42.9012715,47.523018
42.9533225,47.5413569
42.8922216,47.5451056
42.902739,47.5193305
42.90035,47.5210821
42.9509541,47.5225411
42.9037479,47.6263506
42.8974856,47.5367984
42.9629117,47.4930981
42.9692202,47.4921296
42.9570736,47.5086934
42.9520233,47.520521
42.9548168,47.5066123
42.9724373,47.5207598
42.8958415,47.6248949
42.8958883,47.6250951
42.9867317,47.4659393
42.9830504,47.4698986
42.8842946,47.6140545
42.9552016,47.5512998
42.8953961,47.5422394
42.9766788,47.4733863
42.9561059,47.518005
42.9539872,47.51966
42.9699852,47.4117528
42.9287445,47.588666
42.9029944,47.6263643
43.0014283,47.3417937
43.0254931,47.4441184
42.9754633,47.5185285
42.923774,47.5833606
42.9699797,47.4911606
42.9738817,47.5218377
42.9728634,47.5271866
42.9649928,47.3881952
42.9610669,47.3666538
43.025604,47.4437716
42.9509177,47.5026901
42.950568,47.5032386
42.9505559,47.5031117
42.9694023,47.4077057
42.9702378,47.4114159
42.8841887,47.6140885
42.9552336,47.4091472
42.950666,47.5254791
42.9506819,47.5249724
42.8994764,47.6260226
42.9506359,47.525265
42.9504721,47.5255348
43.0003682,47.4574921
42.9658356,47.3915033
42.9671689,47.4000459
42.9833762,47.4084784
42.9754402,47.5192384
42.9640079,47.4990239
42.9730853,47.5266309
42.9701024,47.5346307
42.9804951,47.49477
42.9478986,47.5230239
42.9737714,47.5076926
42.9882182,47.4130108
42.9767387,47.5022295
42.9732295,47.5100688
42.9745259,47.5113747
42.9786694,47.5040949
42.9850884,47.5046695
42.9841471,47.4983613
42.9973315,47.4574764
42.9691219,47.522509
42.9691127,47.5226601
42.9733093,47.5100411
42.9793222,47.4767087
42.9889674,47.4891329
42.9689464,47.522624
42.9618517,47.494742
42.9726822,47.5182737
42.965072,47.3885437
42.9210726,47.5814668
42.9201001,47.5788856
43.0281453,47.268092
42.9722582,47.4205592
43.9756278,47.3772184
42.5000166,47.0591839
42.2534534,46.8344206
42.8115949,47.1322007
42.5595413,46.7212946
42.8238927,47.1069806
42.5337985,46.874618
42.746958,47.1631695
42.8377123,47.1476237
42.8381764,47.1477975
42.8273903,47.0634174
42.8272056,47.0632984
42.8384194,47.1478239
42.5590606,46.7215319
42.8260331,47.1221934
43.1750694,46.8762149
43.1778879,46.8752038
43.1785793,46.8636893
43.1761285,46.8725636
43.1982583,46.8646782
43.1983756,46.8643869
43.1827087,46.9639278
43.1795713,46.8581781
43.1839946,46.8507642
43.1594724,47.0262963
43.1807775,46.8598253
43.1816116,46.8596432
43.1824915,46.9643156
43.1848544,46.9333677
43.0759632,47.1609981
43.1707287,47.0005574
43.1654013,47.012429
43.5740132,46.7361209
42.6927245,46.2405121
42.6929787,46.2411078
43.232358,46.5859216
43.2313238,46.5880701
43.2681379,46.5555713
43.2269669,46.6114856
43.2264169,46.611435
43.2270744,46.6098486
43.231828,46.5873629
43.2322771,46.5884108
43.2328884,46.5881042
43.2613742,46.5857876
43.2699161,46.6029274
43.2639309,46.5791747
43.2394763,46.5667731
43.2397162,46.5655866
43.2094026,46.6558415
43.2097241,46.6565047
43.2550493,46.5700969
43.2597877,46.5856709
43.2692891,46.6021788
43.2604654,46.5849713
43.2431288,46.5831423
43.2399504,46.56577
43.2390138,46.529128
43.2409355,46.5146112
43.2417108,46.4321812
43.2415529,46.4361405
43.9218071,46.622487
43.84441,46.712568
43.8404031,46.7298502
43.8963898,46.4910972
43.8447757,46.7118648
43.8403904,46.7298441
44.3954268,46.5596698
44.6650556,45.6541434
44.6657611,45.6537454
44.719076,45.593812
43.205989,44.8271853
43.2248579,44.763365
43.2355481,44.7524614
43.2082862,44.7921684
43.1787637,44.8062333
43.1965748,44.7651183
43.2277604,44.7622856
43.227981,44.7621967
43.2113809,44.7946923
43.2116898,44.7948036
43.2115624,44.7950108
43.2117315,44.7946123
43.1951929,44.7611639
43.1952972,44.7603627
43.1953951,44.7608072
43.1957731,44.7617063
43.1957614,44.7604706
43.2333376,44.7532781
43.2289276,44.7559348
43.2857459,44.890234
43.1934378,44.756362
43.1945268,44.7624087
43.2308793,44.804444
43.2510419,44.8155745
43.2594326,44.8310644
43.4794708,44.6414052
43.4797015,44.7569381
43.4789085,44.6413642
43.4791417,44.640706
43.4791646,44.6444065
43.2889875,44.9083771
43.290196,44.9173884
43.2849144,45.0134164
43.3089411,45.019262
43.3089532,45.0192425
43.3091805,45.0194669
43.2901322,44.9166981
43.2864295,45.0520067
43.284728,45.0163634
43.2840911,45.0177439
43.2887136,44.9065667
43.2883265,44.9043222
43.2877464,44.9754788
43.2830391,45.0500176
43.2834969,45.051367
43.2448862,45.0463302
43.2808997,45.0508856
44.9339803,46.6509252
45.3436072,46.0587891
45.4281836,47.0407173
45.4342278,47.0559211
45.4315175,46.9051192
45.4313162,46.9020293
47.5590713,46.7116556
46.1639671,45.340751
46.162905,45.3409852
46.1730325,44.2539379
46.2823636,44.2659117
46.2883877,44.22834
46.3085614,44.3201172
46.2898472,44.2299026
46.2920206,44.2256862
46.318409,44.2580284
46.3086112,44.2699703
46.3191405,44.2790236
46.3095141,44.2911358
46.2840502,44.2659215
46.3120286,44.2335897
46.3086399,44.3065435
46.3268369,44.3158364
46.3047884,44.3044077
46.3116872,44.3081001
46.1737268,44.2536593
46.3182112,44.2587076
46.3178746,44.2583816
46.3078243,44.2553838
46.3087385,44.3071088
46.3088874,44.3061572
46.3090831,44.3062516
46.2905558,44.2299377
46.3108575,44.2994263
46.3132104,44.2216778
46.3179196,44.2585267
46.3106741,44.2987888
46.3672783,44.2648848
46.2910001,44.2286537
46.3087458,44.3061609
46.1745023,44.2533803
46.3676301,44.265646
46.3036518,44.1891916
46.3687022,44.3300046
46.3033932,44.18812
46.3089019,44.3202585
46.3190806,44.2781752
46.3105583,44.2995108
46.3117666,44.2904984
47.8042334,44.5492856
47.8172928,44.5235898
47.9758816,44.6916664
47.583763,43.6774242
46.3413659,42.173887
46.3338295,42.2733119
46.3335083,42.2734139
46.0834868,41.9293864
46.0897825,42.0131046
61.023554,33.0160719
61.5857512,32.8331754
61.5854246,32.8315026
62.7219412,32.7522744
66.0615526,32.8876298
66.0612517,32.8889867
64.9610978,34.1423911
64.9149294,34.2506767
64.9148927,34.2494157
64.4161077,34.1390514
63.8072898,34.0675753
63.7488688,34.2863991
63.9699862,34.0556427
63.9688542,34.0556439
63.7428267,34.2085511
63.7493244,34.2878137
63.7732496,34.1708051
63.778275,34.1748296
64.0239728,34.0690517
62.922093,34.3841012
62.9266189,34.3810541
62.9240724,34.3940572
62.9248499,34.3707559
62.9248893,34.389928
62.9144197,34.4582963
62.4761276,33.8128084
62.4675892,33.6790165
62.4761607,33.8121496
62.181576,34.2134325
62.2374016,34.1852152
62.2373029,34.1842684
62.2372816,34.1840726
61.8002089,34.314076
61.6527996,33.6072985
61.8431244,34.1922399
61.8236005,34.1448672
61.7819755,34.3861629
61.7740267,34.3127288
61.8233746,34.2153419
61.8236665,34.2658027
61.8077676,34.2922505
61.8071827,34.2925321
61.8085789,34.2908684
61.8033239,34.2994923
61.7987177,34.3613368
61.7947904,34.2981528
61.7789101,34.3084886
61.7779942,34.3079926
61.7734807,34.3587034
61.7679605,34.3971693
61.7659961,34.3210197
61.7682171,34.3884441
61.760454,34.3576736
61.7572932,34.358478
61.7904869,34.3003344
61.7880347,34.3011832
61.7790015,34.3075609
61.7877141,34.3654951
61.7871868,34.3649526
61.8510067,34.1957
61.8533212,34.1824051
61.841456,34.1986272
61.7999812,34.3148115
61.8161403,34.3140294
61.7893595,34.3412375
61.787353,34.3543552
61.8003531,34.3142533
61.7681182,34.388867
61.8102609,34.329272
61.8051319,34.3444282
61.758622,34.3360316
61.7622444,34.3583983
61.7634877,34.3582616
61.7674138,34.3881632
61.7665732,34.3587175
61.769513,34.3914093
61.7653483,34.4141094
61.7616552,34.3577919
61.7604457,34.3581376
61.8764983,34.2484965
61.75762,34.3512476
61.7868314,34.3024378
61.8012172,34.3079635
61.8820738,34.2475966
61.9477307,34.2359927
61.7939369,34.3001329
61.8057635,34.3267409
61.8058722,34.3269354
61.8036325,34.3336125
61.8230208,34.216325
61.9470054,34.2378638
61.8478602,34.1902244
61.8407318,34.1992966
61.8771534,34.2478577
61.8059376,34.2939495
61.7645673,34.3588764
61.8040946,34.3477755
61.8050036,34.3448325
61.8755484,34.1537424
61.8164777,34.3119659
61.7698175,34.3187622
61.7692298,34.3904855
61.7571574,34.3563871
61.8014803,34.3551621
61.7632952,34.3233179
61.7603435,34.3288044
61.7903311,34.3008414
61.7987825,34.3481424
61.7857649,34.3025221
61.8040533,34.3323496
61.6800463,33.6182786
61.6800553,33.6185566
61.6801597,33.61869
61.6828683,33.616659
61.7888524,34.3601036
61.7669055,34.3204329
61.7881848,34.3386613
61.7830069,34.3227883
61.8087423,34.3345485
61.6929822,33.6111133
61.6930532,33.6110566
61.6932159,33.6108201
61.8215414,34.1412595
61.7891908,34.3602581
61.7808673,34.3520692
61.8212047,34.1422426
61.8424135,34.1976354
61.7852549,34.3476552
61.7827802,34.3231301
61.7704389,33.8099924
61.7629696,33.7543676
61.7705709,33.8100329
61.7704293,33.810219
61.7735341,34.3588944
61.7995337,34.3605303
61.8013899,34.3550196
61.7805534,34.305421
61.8168229,34.3132548
61.8163469,34.3137948
61.8001786,34.3147303
61.6576776,33.6105169
64.5344431,34.7688305
62.5731781,35.6759643
61.8143606,36.9520323
61.1936393,32.3876023
61.6305692,32.3720605
61.6785117,31.4547997
62.2843122,32.5501927
64.1390063,32.3467791
63.9575027,31.7026499
64.7796692,32.1869955
61.4752111,31.6582656
61.6596742,31.4073191
61.6824226,31.2508193
61.6793637,31.452051
61.6849024,31.2745098
61.6820985,31.2497514
63.5161691,30.9351462
65.2108155,31.1648567
65.7527168,31.2879016
61.7756006,30.6619301
62.1683782,30.6366917
62.1689738,30.634632
64.6042326,30.6360563
64.6426594,30.7253045
65.7986448,30.1131576
60.3255361,49.644245
60.889492,49.7591679
60.9209221,49.7454488
60.5426142,49.4333586
62.2270753,50.0078404
62.3115269,50.0074179
62.3139545,50.0078436
62.3491617,50.0744274
62.3288731,50.7021468
62.2029392,50.4381387
62.2037784,50.4375281
61.6956378,50.6762023
61.6296684,50.7913116
61.8255186,50.6287908
61.6584125,50.7930275
61.6721946,50.8252595
61.6810613,50.6884369
61.6669458,50.8493708
61.4092369,50.7457652
61.6635546,50.8162728
61.7007384,50.6714719
61.6627805,50.8366029
61.7008636,50.666414
61.6985551,50.6721625
61.8238288,50.6252648
61.5605374,50.6374471
61.6669637,50.8289628
61.6475841,50.8758922
61.8214457,50.7111505
61.5578101,50.6323672
61.8703338,50.7284456
61.6354167,50.8114658
61.7502141,50.7738329
61.6485101,50.8274785
60.4636498,51.0212389
62.5324898,50.8413038
61.7771873,51.4842722
61.7746255,51.5979244
61.8020487,51.5286332
60.9633056,52.2531739
63.5424246,53.8319227
63.5579702,53.7065343
63.5678278,54.0001589
63.5738517,53.6402458
63.5757749,53.6763197
63.5688986,53.6919347
63.5735597,53.9428123
63.5567625,53.705364
63.558217,53.7073249
63.5803458,53.6710848
63.567106,53.6644737
63.5692876,53.6905955
63.5536169,53.7268308
63.5670622,53.6648345
63.565076,53.6719605
63.5701348,53.6534623
63.5965957,54.2597625
63.596912,54.2596425
63.5740905,53.6407883
63.5585874,53.9334424
61.6865257,53.6782893
61.685255,53.7023523
61.692924,53.7488593
61.693157,53.749345
61.7087916,53.7212875
61.7088101,53.7220732
63.5939861,55.4532627
63.5939722,55.4556982
66.2362649,57.2383763
65.1237171,57.1621483
65.1274631,57.15399
65.1274932,57.1583397
65.1244831,57.1621559
65.1241955,57.1625377
65.1242838,57.1624945
65.1116464,57.1587319
62.1367705,56.5915012
65.9999048,57.5412671
65.994062,57.5645434
65.9876769,57.5651783
65.9940495,57.5704839
65.9939294,57.5653196
65.9939189,57.5704107
65.9876829,57.5643772
65.1454115,57.2143782
65.132012,57.3054194
63.8466405,57.3160591
66.0401707,60.1769691
66.0396304,60.1327365
67.581107,63.7871549
67.5818895,63.7870074
67.5839,63.8020817
67.578702,63.7980296
67.5160187,64.0837584
67.4967179,64.0608693
67.5252923,64.0693346
67.5336393,64.099452
67.5067596,64.0781148
67.4901649,64.0438062
67.5254197,64.0589892
67.525421,64.0592977
67.5329886,64.0921298
67.4932037,64.0759746
67.4934381,64.0494689
67.4909576,64.0419943
67.4883781,64.0250067
67.5252958,64.0729029
67.5250423,64.0585046
67.4967569,64.0683373
67.4937757,64.0504864
67.5008742,64.0704199
67.4962449,64.0666621
67.4953584,64.0463049
67.4959551,64.0684552
67.4968144,64.0611314
67.4983473,64.0617282
67.518135,64.0848508
67.5252445,64.0708676
67.5252445,64.0719176
67.5354616,64.0991683
67.4975522,64.0405673
67.4945488,64.0319753
67.4944583,64.0316675
67.5251235,64.0598487
55.8551344,48.3813114
55.9123475,48.3663402
56.1886814,47.7957449
56.2146594,48.2368517
55.8871191,48.3594395
55.8805693,48.388015
55.858603,48.3700267
55.8769237,48.3597448
55.9129111,48.367144
55.8806465,48.3873466
56.1681137,48.2824841
56.1497176,48.0946318
55.9671736,48.3679659
56.2142717,48.2358182
56.2144988,48.2364237
55.9118659,48.3683593
55.8567263,48.3687231
55.8570695,48.3696941
56.5834866,47.9749575
56.583633,47.9723433
56.5374157,47.9897485
56.5705606,47.9255352
56.5829431,47.9733093
56.5262508,48.0057237
56.4518927,48.1001623
56.5012922,48.0344868
56.4503883,48.1010561
56.5682698,47.9102715
56.5708052,47.9274439
56.4032413,48.1638279
56.5408502,47.9829104
56.4345187,48.120321
56.5836106,47.973103
56.6284319,48.0439223
56.2419423,48.2319383
56.2411235,48.2324412
56.6252255,47.9254958
56.6438471,47.9246599
56.6287222,47.9278949
56.6482989,47.9538424
56.6356216,47.9213989
56.6252728,47.9252617
56.6439493,47.9268669
56.7532547,48.5035845
56.6293961,47.937583
56.64586,47.9373402
56.6373045,48.0425534
56.6237457,47.9343294
56.6235697,47.9340277
56.6265533,47.9152737
56.6455363,47.937773
56.6346392,47.9421894
56.621034,47.955549
56.6323466,47.9395445
56.6255741,47.9351525
56.6780914,48.0264613
56.6804689,48.0184816
56.6769743,48.0292689
56.6790612,48.0220696
56.6799713,48.0243094
56.7197005,48.1038808
56.7418861,48.191458
56.7525846,48.4842002
56.6435319,47.9258547
56.7526105,48.4911957
56.6376514,47.9336883
56.7546849,48.5167232
56.633686,47.9310207
56.7456575,48.2177678
56.7420976,48.1912862
56.7234067,48.1179792
56.7435281,48.2023334
56.7466989,48.2382853
56.6446315,47.9323004
56.9854438,48.7444679
56.9855205,48.7450587
56.8174296,48.714412
56.8532663,49.3524802
56.9261187,49.1372148
56.7185421,49.4044158
56.8159666,48.7129773
56.8165281,48.7146596
56.705138,49.391588
56.8295218,48.8037205
56.8298845,48.8054481
56.8527203,49.4317903
56.8632476,48.8949573
56.4176522,49.4002229
56.1928618,47.7955278
56.1707762,47.4689208
56.1898597,47.7935218
56.1657754,47.4681562
56.1761686,47.6509794
56.6101701,47.8781742
56.5634781,47.8639179
56.6092202,47.8800584
56.6107666,47.8798115
56.5627492,47.8567775
56.5634555,47.851289
56.5638272,47.8575733
56.5634925,47.8581904
56.5673639,47.8609388
56.621586,47.887033
56.6217013,47.8868643
56.6234533,47.856435
56.7163355,47.9182145
56.6521051,47.8548582
56.6419042,47.8895334
56.6387089,47.8710396
56.636611,47.8642132
56.6501842,47.8948752
56.6391998,47.9028693
56.6232132,47.8536724
56.622941,47.854675
56.6449955,47.8741507
56.6187719,47.88559
56.6417876,47.8894623
56.6277235,47.9043808
56.622085,47.8863025
56.6212928,47.8874622
56.8995058,47.9008948
56.8994871,47.9018313
56.6390007,47.870484
56.638904,47.8696769
56.6408187,47.8718324
56.6291057,47.8742155
56.644937,47.8745893
56.644439,47.8574379
56.6540674,47.8750405
56.6427425,47.8525996
56.6284149,47.8081421
56.6447122,47.8569034
56.6403651,47.8709913
56.6441044,47.8571263
56.6394764,47.9007761
56.6409504,47.8578
56.6285811,47.8093842
56.6389637,47.8699607
56.6415198,47.8470826
56.6419064,47.8499758
56.6285844,47.8743806
56.6435427,47.9167527
56.62917,47.8963371
56.6441403,47.8565092
56.7158143,47.9176629
56.9406401,47.8799927
56.628461,47.8775487
56.6215739,47.5981641
56.6137521,47.913512
56.6286201,47.8088181
56.6277792,47.9043885
56.6282322,47.8779655
56.6448411,47.8745306
56.3806741,46.510348
56.3321003,46.5465478
56.3806234,46.5113119
56.3328361,46.5475083
56.7850094,46.866921
56.3063031,46.2942924
56.5915865,45.9850313
54.0350934,44.8999643
54.2430502,45.1467845
54.0940524,44.8806578
54.2412771,45.150356
54.0427984,44.9245483
54.0727334,44.9680191
54.17063,45.1583046
54.1704562,45.1522272
54.2020716,45.1371915
54.2205054,45.1474977
54.220312,45.1456433
54.2215808,45.1488624
54.2228527,45.1527128
54.2203515,45.123183
54.2229631,45.1506744
54.2133571,45.1181979
54.2029062,45.1894642
54.1845287,45.1770909
54.1949039,45.1727412
54.2039209,45.1903273
54.1906864,45.1593726
54.2227498,45.1488147
54.2450796,45.1496851
54.2031542,45.1899596
54.2262384,45.133374
54.24342,45.1495482
54.2445351,45.149908
54.24347,45.1530836
54.059831,44.9394413
54.2204376,45.123774
54.238541,45.1505246
54.2202958,45.1458919
54.2129349,45.1181923
54.2262316,45.1341821
54.2174773,45.1202946
54.1749182,45.13831
54.1731122,45.1437217
54.1768995,45.1327677
54.042337,44.9231416
54.0724661,44.9653141
54.1943413,45.1885624
54.1842643,45.1852444
54.1846924,45.176664
54.0580477,44.9379873
54.1949785,45.163081
54.1948669,45.1628709
54.1954219,45.1625632
54.1698812,45.1685055
54.1700478,45.1692601
54.2466885,45.2349887
54.1124687,44.9148905
54.1947151,45.1626388
54.2199917,45.1664797
54.0353676,44.8995749
54.2292639,45.0179035
54.2287739,45.0179131
54.2307541,45.0192911
54.1105937,44.9324663
54.1694634,45.1680408
54.0726347,44.9926101
54.0733613,44.9922025
54.0726362,44.9910411
54.1326546,45.1337863
54.13178,45.1324121
54.1352414,45.1367988
54.13619,45.1381344
54.2133586,45.1183498
54.2184616,45.1212775
54.215341,45.1188085
54.2113974,45.1183216
54.2248213,45.1399799
54.2262994,45.1333768
54.2238055,45.126048
54.2204056,45.1663869
54.2204789,45.1474501
54.0787729,44.9952506
54.0923168,44.8837153
54.1104139,44.9156956
54.994481,45.7116885
54.9945972,45.7112858
54.9943853,45.7120399
54.4255123,45.3149879
54.2199399,45.2888882
54.2196054,45.2877407
54.1732845,45.9634805
54.1576315,45.2315623
54.1918698,45.2370488
54.1923799,45.2362279
54.2045756,45.2560134
54.1862154,45.2142211
54.2046096,45.253339
54.2199241,45.2865889
54.3924852,45.7971036
54.3916988,45.7981722
54.2463666,45.2365502
54.2466547,45.2351528
54.1922967,45.2315973
54.19244,45.2363599
54.1924986,45.226742
54.2192656,45.287194
54.1860314,45.2141859
54.1854405,45.222154
54.1859238,45.2221443
54.1759752,45.215292
54.159848,45.2280088
54.1954134,45.2963027
54.1968734,45.2960086
54.1970707,45.2966823
54.1597918,45.2292302
54.1604774,45.2296348
54.1759123,45.2161949
54.178179,45.2193645
54.3925778,45.797307
54.2152388,45.279332
54.2168531,45.2834232
54.1972038,45.2981973
54.1964547,45.2962561
54.2214316,45.2913215
54.1855263,45.2227348
54.2012636,45.2499002
54.1918972,45.2370907
54.1968689,45.2422516
54.1921991,45.231588
54.1921901,45.2318208
54.1925436,45.2239821
54.2202794,45.2859557
54.2181678,45.2857706
54.8456816,46.2621276
54.8173806,46.241103
54.5919264,46.1210457
54.4233338,46.2958131
53.9584362,44.2662794
53.9587848,44.2652864
54.0325711,43.9163186
54.0324781,43.9159939
54.0325462,43.9163585
54.3887184,43.8343241
54.4065958,43.7486328
54.4040558,43.7512225
54.5343374,43.6919152
54.43077,43.7774386
54.4304008,43.7134345
54.4271129,43.7121822
53.9641316,43.0308194
53.9731925,43.0194296
53.9741538,43.019397
54.0852543,43.215149
54.0703067,43.1950305
54.0886665,43.2498173
54.0574577,43.1485408
54.0852807,43.2159895
54.0849532,43.2152747
54.070549,43.195984
54.6234211,43.2319953
54.6239726,43.2321241
54.9090325,43.3449672
54.9093644,43.3451674
54.9092527,43.3444949
54.9386453,43.3351733
54.9387215,43.3337103
54.9374834,43.2901524
54.9354865,43.342747
54.0625722,42.8361422
54.0620637,42.839134
54.0658529,42.8552238
54.0666376,42.8552887
61.348444,129.0956733
61.3476838,128.9420349
62.240803,129.8601556
62.2700518,129.8963107
62.2699492,129.8965647
62.0215469,129.7207805
62.036135,129.6624674
62.0165534,129.720761
62.0405456,129.7552118
62.0952185,129.7459787
62.0416126,129.7332569
61.9943089,129.6864404
61.9993343,129.711878
61.9777432,129.6715302
62.0857063,129.7417348
62.0466665,129.7299411
62.0247318,129.7112252
62.0401952,129.7300162
62.0311165,129.7228659
62.0271723,129.7304374
62.0857081,129.7419596
61.9935606,129.6858664
62.0636065,129.7406047
62.063287,129.7390272
62.0357534,129.663481
62.0357808,129.6630665
62.0104655,129.6832642
61.9992436,129.7127063
62.0665808,129.7926656
61.9779885,129.669623
62.0686529,129.8104129
61.9773677,129.6686546
62.1651915,129.7902872
62.0465945,129.729386
62.064919,129.7152943
62.0647677,129.715397
62.0648536,129.714925
62.0649192,129.7160368
62.0360735,129.6627031
62.0486681,129.7393488
62.0085965,129.6786092
62.0956614,129.7462716
62.1657555,129.7905427
62.0630533,129.7405893
62.1789691,130.7323442
60.9464002,132.1592534
60.9469076,132.1593969
62.6684876,135.0189659
62.6453903,135.0296753
63.4641665,142.7852931
65.3731578,146.8899059
65.7297785,150.8126206
65.7353807,150.8668838
68.7944796,161.3885596
62.560474,126.854675
63.4440558,126.7173828
58.8110192,125.6027732
58.9752642,126.252142
58.9119231,126.2734115
58.9118508,126.2731733
58.1479631,125.4452151
58.588041,125.3862393
58.6187488,125.3951055
58.5953701,125.3991791
58.6034608,125.3927387
58.5980186,125.3870121
58.7669062,125.4920645
56.3359476,124.7740344
56.8193989,124.9103444
56.6794771,124.8317771
56.8476374,124.9220883
56.8212502,124.9073964
56.6715694,124.727085
56.679263,124.8311482
56.859167,124.9000381
63.4466486,120.3791928
63.2225901,118.1429799
62.5154785,117.5089184
62.2541925,116.1530207
65.9436599,111.7431247
60.7265168,114.9267356
60.7160668,114.9183517
60.7099067,114.8907039
60.7267717,115.0775082
60.7173666,114.9264739
60.7097627,114.8899376
60.7145962,114.9193596
60.8325075,114.8983492
61.7599769,114.3400087
62.4476827,114.1762198
62.5331696,113.9620549
62.5407266,113.978415
62.5207088,113.9726995
62.5204076,113.973032
62.5421941,113.968121
62.5321772,114.0217431
65.9479725,111.4972059
42.9600821,44.2123947
42.983052,44.2165126
43.329112,44.1895905
43.0217118,44.2265391
43.2730632,44.2762998
43.272055,44.2629297
43.2708604,44.2631689
43.0218742,44.2270109
43.1804839,44.3126827
43.1513173,44.3712079
43.1803284,44.3146883
43.0220241,44.2271839
43.0221183,44.2266438
43.0222461,44.2267039
43.3231362,44.1467689
43.0316957,44.4112941
43.3298762,44.1861418
43.1357012,44.4226459
43.1749349,44.3236696
43.1377587,44.4186822
43.1513287,44.3780333
43.0167862,44.2261977
42.9896491,44.2169957
43.1490459,44.3797736
43.1406292,44.4159721
43.7733393,44.2675178
43.7709053,44.6994384
43.7512538,44.6042227
43.7337865,44.6385121
43.7629927,44.7363633
43.7455502,44.6484733
43.7618828,44.7371732
43.7520655,44.6047067
43.0301038,44.6658969
43.0319624,44.6899231
43.0327252,44.6663196
43.0339428,44.6746832
43.0222773,44.6837475
43.0946548,44.566123
43.0372869,44.6878298
43.0215715,44.691592
43.020966,44.6839988
43.0244011,44.6911846
43.0135324,44.675774
43.038048,44.6606276
43.0411544,44.70529
43.1872478,44.5573647
43.0585313,44.6659123
43.0390364,44.6454195
43.0362598,44.641339
43.0463623,44.6405675
43.0411383,44.7046668
43.0435735,44.6811439
43.0274444,44.7083306
43.0586943,44.6918036
43.0353804,44.6848409
43.040931,44.6699417
43.0191337,44.6744743
43.0108646,44.6502827
43.0268177,44.6539439
43.030061,44.6657661
43.016079,44.6742266
43.0425436,44.6403937
43.0459393,44.6405541
43.0191629,44.6745652
43.0354722,44.6848167
43.0390876,44.6455646
43.0130055,44.6630286
43.0059353,44.6755248
43.0428279,44.72045
43.0369772,44.687693
43.0443665,44.6587192
43.0645929,44.6274722
43.0590086,44.6177838
43.0972245,44.6455622
43.0990865,44.6258394
43.0988695,44.6268727
43.0987853,44.6249767
43.0409016,44.7050455
43.0412486,44.7051972
43.0945883,44.5664625
43.0411469,44.704999
43.0252792,44.6446277
43.0256979,44.6439472
43.0432582,44.6812189
43.0275886,44.6906671
43.0019217,44.6751726
43.0018143,44.6755333
43.0570555,44.642917
43.0573415,44.6426001
43.1720323,44.7127398
43.1722391,44.7135635
43.1722797,44.7127873
43.0352778,44.6832373
43.0572829,44.6433004
43.0252559,44.6446071
43.1455279,44.5850201
43.1799838,44.5932463
43.1816751,44.5935461
43.1768755,44.595251
43.1782732,44.5642334
43.0588051,44.6918116
43.0993479,44.6259373
43.2150543,44.5339518
42.9710863,44.6675921
43.0254133,44.6385835
43.2128001,44.5373156
43.1771349,44.5878749
43.195036,44.6011944
43.1954616,44.5874962
43.2013007,44.6043628
43.1717383,44.7129242
43.1170651,44.489758
43.128766,44.4502916
43.1107903,44.6135171
43.0481523,44.6765698
43.0387133,44.6624474
43.2110668,44.5344394
43.2114282,44.5345282
43.1754562,44.593019
43.1948947,44.5971533
43.1769936,44.5980339
43.1770092,44.5908716
43.031133,44.642427
43.031498,44.6424122
43.2110629,44.5348941
43.2115519,44.5345517
43.1951901,44.6015384
43.0106803,44.650468
43.0111288,44.6513337
43.0585793,44.6711767
43.0189123,44.6737718
43.0787435,44.5994425
43.177126,44.5881606
43.0485733,44.6715262
43.0461873,44.6405617
43.1856676,44.7432179
43.0189982,44.6746249
43.0975073,44.6230136
43.0984018,44.6243691
43.0428579,44.6404059
43.0369996,44.6880166
43.0339276,44.6911875
42.9696829,44.6666963
42.7673086,44.6313894
42.7698474,44.6311042
54.3042696,53.0162761
54.4225033,53.1580771
54.3876895,53.3029187
54.4225841,53.1595295
54.4053205,53.3747292
54.5069407,52.7675884
54.4859897,53.4135412
54.5383735,52.7298582
54.5298677,52.8038697
54.5295524,52.8043728
54.5238642,52.7896597
54.5294746,52.8276349
54.5395997,52.7320978
54.4767573,52.7197908
54.4768358,52.7205079
54.5528024,52.7539816
54.4337259,53.0813918
54.8489436,53.0882279
54.526021,52.7806227
54.4942709,52.8980022
54.4236147,53.1593847
54.4225261,53.157762
54.423248,53.1589388
54.549549,53.3458705
54.5887947,53.2742155
54.8613274,53.0806862
54.4854771,53.4119178
54.8658957,53.0335949
54.4226735,53.1591895
54.8652705,53.0339938
54.8662019,53.034326
54.4229982,53.1581233
54.8662828,53.0335215
54.5530855,52.7544101
54.539306,52.7316925
54.5069438,52.7660275
54.5071858,52.7905975
54.4336657,53.1156539
54.8851038,53.0925853
55.54992,53.487068
55.7044995,53.0798345
55.7057933,53.0445026
55.7065933,53.0634706
55.6527224,52.6055822
55.5501285,53.4885296
55.6654387,53.1813602
55.6650274,53.1818247
55.6922835,53.1114597
55.6915851,53.113291
55.6910668,53.1078876
55.7102652,53.0630891
55.7096616,53.0618129
55.6926239,52.9844962
55.651659,52.8668746
55.6448374,52.8167939
55.638546,52.7402651
56.0776272,52.8368847
56.5173784,52.9961651
55.4888413,53.8692527
55.7238531,53.9815858
55.4824788,53.8923209
55.7122131,54.0821277
55.7124866,54.0820023
55.5449712,53.5147407
55.5498817,53.4884332
55.4885551,53.8718072
55.5442294,53.5190146
55.5499676,53.4992361
55.5495364,53.5003908
55.5115477,53.7692719
55.5437492,53.521781
55.5197585,53.7150161
55.5114455,53.7684434
55.488793,53.8728526
54.596104,52.4705229
54.5767563,52.4070493
54.6001189,52.4505452
54.599791,52.4722722
54.6101247,52.4807351
54.6057291,52.4630379
54.6055602,52.4635957
54.5772689,52.4033864
54.5772578,52.4074342
54.6545908,51.8917781
54.8749855,52.3131903
54.8884066,52.1516861
54.5763336,52.4016869
54.6080806,52.4644504
54.5766715,52.4027785
54.848417,52.254409
54.8330105,52.2191977
54.8759928,52.3147137
55.0181851,51.7633074
54.7164021,52.5362115
54.7167086,52.5359108
54.7813179,51.997432
54.8507556,52.4358099
54.8162792,52.3077301
54.7163476,52.5360405
54.5955679,52.5529852
54.5872129,52.4330047
54.593974,52.4498075
54.5939988,52.4504737
54.8480526,52.2552146
54.8479149,52.2522405
54.8881968,52.1519571
54.8591711,52.0192766
54.8633841,52.018645
54.8968306,52.2288517
55.2440257,52.5862741
55.2615052,52.5901258
55.2613266,52.5906859
55.3398495,52.0506182
54.9105006,52.2744324
54.9039777,52.3179955
54.8961878,52.2613945
54.9039942,52.2437632
54.904596,52.2432974
54.9082116,52.2508871
54.914885,52.2587715
54.9020227,52.2259434
54.9013907,52.2275415
54.9022244,52.2273069
54.8991185,52.2701731
54.9126285,52.3078861
54.9123655,52.3052544
54.9122842,52.3060616
54.9105741,52.2731458
54.9085709,52.3054518
54.9041241,52.3134081
54.9041106,52.3138508
54.9123375,52.3179471
54.9121635,52.3186688
54.9123723,52.3195565
54.9052295,52.3594285
54.9050421,52.3605873
54.9063692,52.3049902
54.9090892,52.3539305
54.8942656,52.3172246
54.8939304,52.3169291
54.8936535,52.3177802
54.9134278,52.2571774
55.3202722,52.0259508
55.2605773,52.5908987
55.2560414,52.0035675
55.0041916,52.1378094
55.0099794,52.1326292
54.9382025,52.2119481
55.0470806,52.1011012
54.8973599,52.228501
55.1927068,51.9993693
54.9286938,52.2295167
54.9659931,52.172588
55.1814112,52.0034788
54.9446749,52.1999839
54.9458828,52.1974567
55.1337399,52.0296844
55.0204386,52.1230266
55.0760113,52.0699597
55.2073363,51.9945213
54.9248905,52.2312462
55.1365756,52.0277687
55.1067002,52.0477715
55.0238913,52.1199462
54.9248834,52.2314461
54.9459696,52.1975831
55.0681637,52.0785549
55.0052249,52.1366595
54.9659697,52.1724025
55.2774548,52.0079306
55.286739,51.9942641
55.2909899,51.9996667
55.2908815,51.9993141
54.899039,52.2709464
54.9044002,52.2450961
55.2361062,51.9995374
55.0374609,52.1095784
54.9016703,52.2494539
54.9100029,52.3144381
54.8939908,52.3175038
54.9017155,52.2487732
55.0121019,52.131777
55.0526879,52.0947921
54.898774,52.2557272
55.0534048,52.093821
54.9771173,52.165974
55.3203728,52.0249505
55.2766215,52.5873817
55.1021246,52.615861
55.3220701,52.025088
55.3039054,52.0050929
55.2721597,52.5697182
55.2751662,52.5875167
55.2756626,52.5875747
54.9076504,52.2499619
54.914601,52.2587309
54.9147067,52.2585354
55.6921648,52.4946444
55.7273003,52.5035949
55.7017947,52.3290893
55.6868124,52.4298254
55.7082788,52.3899194
55.7074271,52.3921409
55.7268679,52.5073793
55.7295911,52.4325033
55.6852836,52.4284427
55.6867522,52.2824755
55.6755571,52.3328951
55.6807746,52.2791889
55.6773858,52.2868364
55.6746685,52.283825
55.6790915,52.2812484
55.6695761,52.2753696
55.5603531,52.1244806
55.5808171,52.1384342
55.6145725,51.9809721
55.5808043,51.9059135
55.7522018,52.2418478
55.756504,52.241144
55.7073892,52.4716912
55.7771644,52.2020218
55.7813303,52.1836659
55.7647783,52.0893457
55.7659187,52.0934649
55.7611985,52.0850909
55.7572669,52.0830688
55.7614033,52.0847979
55.7519346,52.0180262
55.561557,52.1205169
55.6868417,52.3371289
55.7020201,52.3307656
55.7181124,52.3747014
55.717867,52.3744489
55.6877623,52.3134504
55.6515185,52.2744824
55.6860226,52.431624
55.7079144,52.4717361
55.7064418,52.469108
55.7341309,52.4410126
55.7364143,52.4405096
55.7313745,52.4289657
55.7303403,52.4319376
55.7303019,52.4307507
55.7314585,52.4292198
55.7279186,52.4353431
55.7302393,52.3883833
55.7525335,52.4082397
55.7190565,52.4083512
55.766529,52.4417078
55.7697222,52.418819
55.7484502,52.4667028
55.7575586,52.4537565
55.7628428,52.4451051
55.6854497,52.3368543
55.7059982,52.3520904
55.7169803,52.407394
55.7416608,52.4042475
55.7578132,52.4022013
55.6679956,52.2744769
55.6891594,52.2875633
55.6857111,52.3108947
55.7207163,52.4142563
55.6662227,52.2751322
55.6712203,52.4558836
55.7292095,52.392001
55.7290569,52.392251
55.7286619,52.3909634
55.7413238,52.4077881
55.7421735,52.4085113
55.7419822,52.4044839
55.7413205,52.4115158
55.7489797,52.4185682
55.7484162,52.4170742
55.7508314,52.4144912
55.7506743,52.4159413
55.7483846,52.4174819
55.7473109,52.421584
55.7622536,52.4422057
55.7621157,52.4427423
55.7156465,52.3794647
55.7257024,52.3982246
55.725019,52.3970096
55.7244885,52.3986982
55.7263894,52.3961985
55.7301054,52.4070657
55.7249619,52.4220552
55.7217097,52.4034528
55.7386792,52.4225539
55.7397075,52.424356
55.7351171,52.415911
55.7397625,52.4234026
55.7368041,52.4200423
55.7392589,52.4240042
55.7424697,52.4283589
55.7427399,52.4287758
55.7573282,52.4533046
55.7417278,52.3950112
55.7443535,52.3957189
55.7427257,52.3949016
55.7527982,52.4087239
55.7533121,52.4096682
55.753316,52.4107561
55.7537817,52.4099343
55.7664932,52.4342916
55.7311677,52.3746452
55.7472844,52.3832801
55.7518921,52.3895035
55.7545155,52.394344
55.7627649,52.4089802
55.7060075,52.3517798
55.7135743,52.3654038
55.7167242,52.3691364
55.7035201,52.3408136
55.7033849,52.3397285
55.7023075,52.3331401
55.6826375,52.2972738
55.6960832,52.3689189
55.6809708,52.3406148
55.679674,52.3388226
55.6729023,52.3263772
55.667522,52.3143282
55.7010799,52.3300292
55.7036833,52.3828765
55.7006079,52.3539843
55.6965642,52.3658063
55.6977493,52.3626341
55.7016976,52.3507164
55.7385765,52.4471265
55.6664755,52.2751433
55.5675119,52.1304565
55.5822147,52.1503415
55.6137936,52.187763
55.6915254,52.3001323
55.7522753,52.4119482
55.7539902,52.4273847
55.689003,52.3400962
55.7612742,52.4638377
55.7680583,52.4591379
55.7683127,52.4597764
55.7028936,52.3466014
55.6152238,51.9083484
55.6152116,51.9350966
55.6147087,51.9815411
55.6149617,51.94178
55.6993166,52.3176973
55.7041503,52.3985993
55.7164277,52.4543702
55.7246913,52.4408226
55.7248483,52.4223388
55.7461802,52.4616049
55.6871148,52.3126504
55.7406642,52.4322918
55.7181449,52.3842519
55.7443363,52.3910821
55.7425569,52.4021806
55.7451885,52.3846148
55.6770824,52.2880759
55.7608851,52.4472655
55.7634837,52.4452715
55.7492336,52.4415383
55.7430465,52.3977955
55.3735682,52.5891919
55.689519,52.3035307
55.6875213,52.3086093
55.7306849,52.3744005
55.7376889,52.4373651
55.6997216,52.3755684
55.718647,52.3852048
55.7310697,52.3835717
55.7594397,52.4378229
55.7440744,52.3928043
55.6110143,51.9978582
55.6108506,51.9975132
55.6770512,52.4450537
55.6769694,52.4449189
55.7641069,52.4455618
55.7042278,52.3987478
55.6744025,52.3168342
55.68083,52.3280428
55.7687365,52.0152375
55.7785632,52.0186515
55.770512,52.0159974
55.7720179,52.0167366
55.7772083,52.0222046
55.7567837,52.0829519
55.7579708,52.0111156
55.774911,52.0164159
55.7765689,52.0168972
55.7572263,52.4566957
55.7818855,52.1762667
55.3398259,52.0516774
55.7551732,52.2379883
55.7553781,52.2387293
55.6789012,52.325314
55.7073949,52.3912747
55.7437923,52.3960406
55.7669734,52.2191241
55.7550205,52.2411501
55.7088758,52.3929553
55.7238364,52.4005589
55.717544,52.4084293
55.7414179,52.4806542
55.7416191,52.4805932
55.6800205,52.3393005
55.7223975,52.2600048
55.6152024,51.9345857
55.7687127,52.4593299
55.7659007,52.0911565
55.5798246,52.1409792
55.6519376,52.2465138
55.6871324,52.3382299
55.7531932,52.0165777
55.7550652,52.0146967
55.7717444,52.0163055
55.7440758,52.4761245
55.5950539,51.9073608
55.6151007,51.9216652
55.7240381,52.5001494
55.7179501,52.3752847
55.6709282,52.295631
55.7136791,52.4017952
55.7409223,52.411182
55.7456734,52.3970132
55.753396,52.4105912
55.6883621,52.3054899
55.6885811,52.305246
55.7564563,52.4548075
55.763038,52.4444643
55.7635094,52.4445016
55.6863227,52.3119334
55.7288901,52.3919272
55.745641,52.3818379
55.7585791,52.4018535
55.7184432,52.372804
55.7324285,52.3751463
55.7251055,52.3976442
55.7254576,52.3977901
55.7435795,52.3959219
55.669396,52.3435881
55.7503845,52.4156847
55.7680257,52.4375407
55.7353154,52.4225869
55.7036927,52.3437893
55.7776816,52.4313232
55.7786807,52.4291268
55.6364913,52.2211257
55.6302985,52.2113039
55.5955832,52.16467
55.7248618,52.3686165
55.6766468,52.3332564
55.7441171,52.381208
55.7419075,52.3805362
55.7182638,52.3693912
55.7177189,52.3750071
55.752893,52.4487635
55.7466084,52.4371406
55.6944409,52.4154387
55.7211181,52.4463373
55.7713739,52.4207855
55.7217934,52.4167193
55.7574212,52.4570537
55.7133367,52.4006499
55.7369306,52.3925119
55.7546681,52.3941112
55.6747308,52.3346001
55.737055,52.4880896
55.718622,52.3591631
55.7186092,52.3494785
55.7186417,52.3569474
55.7563753,52.3971991
55.7543526,52.412351
55.7265383,52.3717009
55.6439997,52.3483207
55.6593817,52.2586937
55.7015012,52.4589311
55.6798073,52.3269446
55.6859973,52.4853529
55.730658,52.3884283
55.6548045,52.3478034
55.5600551,52.407521
55.7322487,52.3773152
55.695167,52.3465966
55.6152144,51.9082741
55.6823829,52.2968873
55.7082808,52.3657258
55.5205776,52.0277095
55.6963623,52.3697684
55.5186249,52.1176815
55.5217977,52.1229158
55.6536092,52.579751
55.6121019,52.5182801
55.7325605,52.5160881
55.6863245,52.4857377
55.6830869,52.482799
55.6562813,52.5931969
55.7819718,52.1771842
55.763645,52.4105646
55.7625814,52.4449339
55.7015579,52.4801048
55.5501537,52.3473656
55.541078,52.2568347
55.5595828,52.4052261
55.5588416,52.4008821
55.5573572,52.4094214
55.560466,52.4055969
55.5592001,52.4071448
55.7203146,52.3389723
55.7783437,52.07284
55.5207779,52.1218124
55.5196824,52.1206271
55.5769449,52.4641212
55.5199843,52.0275169
55.673302,52.5130108
55.7604098,52.4051642
55.8064357,52.136548
55.9149183,52.2720806
55.7974325,51.9372509
55.7971001,51.9337763
55.8106831,52.0695574
55.8129229,52.0698805
55.8136379,52.075288
55.8162881,52.0693211
55.8139017,52.0651351
55.8133397,52.1215914
55.7881783,52.0544455
55.7817746,52.2373824
55.7822085,52.1770299
55.8922901,52.3195927
55.8818607,52.3071706
55.8138279,52.0739418
55.8131503,52.1215633
55.7821687,52.2389682
55.7822404,52.239116
55.8591017,52.2123325
55.8140115,52.0481953
55.7788103,52.4292409
55.8117583,51.9714804
55.8143619,52.0114333
55.8736547,52.2277932
55.8526788,52.2105009
55.7823499,52.1762231
55.9058664,52.2657983
55.9011476,52.2604662
55.9131235,52.2708327
55.7858095,52.0720371
55.7858438,52.0726463
55.7855421,52.0730494
54.7770453,51.4191159
54.8680674,51.592264
54.8655875,51.5928335
54.9811289,51.259415
54.8656511,51.5866151
54.8681462,51.5939364
54.8648155,51.5859782
55.1299006,51.5343796
55.0546875,51.2125874
54.985963,51.2555822
54.9852446,51.256352
55.6053726,51.8487005
55.403392,51.519461
55.4190125,51.3714553
55.6157077,51.7815447
55.6536991,51.3850712
55.7188025,51.4215703
55.620614,51.8179526
55.6493002,51.8475706
55.3839841,51.5597506
55.6468674,51.8328097
55.384968,51.5577073
55.6083621,51.8528677
55.615265,51.7925457
55.6196074,51.8074627
55.6185061,51.8047419
55.6315202,51.8136961
55.6203921,51.8191598
55.6155014,51.7935079
55.6194719,51.820903
55.6131535,51.788953
55.6086255,51.8536403
55.6185013,51.8248019
55.6151093,51.7929227
55.628048,51.7904486
55.6468759,51.8329522
55.6521591,51.8367934
55.6445186,51.8038172
55.6313771,51.8143993
55.6281312,51.7904477
55.6541859,51.817351
55.6450315,51.840869
55.6541916,51.8191815
55.6451618,51.8403972
55.6570489,51.8184689
55.6202548,51.7878061
55.6431881,51.8023395
55.6595661,51.8423928
55.6613565,51.8387737
55.6288676,51.8009928
55.6606199,51.8410821
55.6458061,51.8409255
55.6580243,51.8455733
55.7788511,51.8398133
55.4192932,51.3724979
55.4196227,51.3732412
55.4188016,51.3734919
55.4238898,51.4223743
55.6489487,51.3877692
55.6220139,51.8027552
55.4276973,51.6223586
55.651115,51.8136402
55.6474554,51.8319539
55.6189273,51.8084839
55.6200657,51.8181075
55.4231462,51.4160232
55.4232656,51.4173347
55.4239055,51.4017191
55.4232599,51.4159731
55.719906,51.4090548
55.6521627,51.3865254
55.6509752,51.3876244
55.6495574,51.3912629
55.6526387,51.3864662
55.7172479,51.4204289
55.7111491,51.3909412
55.625307,51.7954765
55.6338137,51.8090672
55.6342771,51.809144
55.7111823,51.3909496
55.6589088,51.8432692
55.6367736,51.803346
55.6343345,51.8079305
55.6231868,51.8181664
55.618574,51.803353
55.7842802,51.8478344
55.6147323,51.7847683
55.7310821,51.7168416
55.5931336,51.7869355
55.5935627,51.7869525
55.593943,51.7864451
55.7023699,51.5241658
55.397348,51.5849677
55.7100364,51.5686835
55.7306398,51.716008
55.7646854,51.8231249
55.6345357,51.7996637
55.6315541,51.7951458
55.634439,51.8093909
55.634499,51.8086534
55.7114175,51.6451365
55.6046369,51.847601
55.6563737,51.3430441
55.6603034,51.3158351
55.6616649,51.2784548
55.6971309,51.5028713
55.6322617,51.7961816
55.6678915,51.2077235
55.6676893,51.2062601
55.6409908,51.8204236
55.6313551,51.8047489
55.7124953,51.5955895
55.6265951,51.7974983
55.6239605,51.7934237
55.6222112,51.7907721
55.6368594,51.8031704
55.6490433,51.3881464
55.5864145,51.7357087
55.5862056,51.7326364
55.5864334,51.7363923
55.5846993,51.7267708
55.5882641,51.7316448
55.5860323,51.7307266
55.7126479,51.6022803
55.5452821,51.7661492
55.5235469,51.7996075
54.4299089,50.8289808
54.4333289,50.7652648
54.4309596,50.7823456
54.4329484,50.7655205
54.4308464,50.783151
54.4151737,50.8300722
55.3283786,50.6976266
55.1458905,50.5898636
55.3458765,50.6355161
55.3221982,50.6332446
55.3224626,50.6346142
55.3287498,50.6971054
55.160985,50.5766515
55.1589042,50.5824879
55.1573735,50.5790468
55.1624063,50.5754245
55.1641934,50.5205276
55.1591696,50.5808641
55.1422734,50.596374
55.1692597,50.5704755
55.6492087,50.8206634
55.6777038,50.6794906
55.6693366,50.7789413
55.6780667,50.6816742
55.6782861,50.6794671
55.3733238,50.6388884
55.6415551,50.8969568
55.6475641,50.8447545
55.6606114,50.7954104
55.6853346,50.5359538
55.6856705,50.5284618
55.6883979,50.5647472
55.6412064,50.9816474
55.6383009,50.9647339
55.6945998,50.2885246
55.6976398,50.3368818
55.6861012,50.4893111
55.6442796,51.0480772
56.1817068,50.8899097
56.2552389,50.4334765
56.1861029,50.8965409
56.4590076,50.4613801
55.3024524,50.0547894
55.298089,50.0499203
55.2999101,50.0576825
55.1306304,49.8956544
55.2970451,50.060165
55.2992644,50.06407
55.2984739,50.051332
55.6864957,49.6740129
55.670977,49.7362552
55.5402608,49.5490179
55.7202204,49.485228
55.7144918,49.5308391
55.4138313,49.8580018
55.5497681,49.5195811
55.6754721,49.7007277
55.3822149,49.9344381
55.7142382,49.5283098
55.7200687,49.4829972
55.687438,49.6724876
55.5330336,49.7707158
55.3820107,49.9345389
55.6551901,50.090795
55.6448365,49.9939706
55.6687071,49.8740795
55.6451144,50.0183624
55.6449427,50.0170334
55.6604841,50.1132058
55.6613384,50.1140016
55.6872515,50.2531213
55.6941485,50.2898153
55.687032,50.252338
55.6733981,50.1800276
55.6754893,49.851909
55.6750279,49.7598563
55.6712622,49.7339728
55.7050445,49.5679334
55.6154404,49.693538
55.5399744,49.5488928
55.6156776,49.6994258
55.6475362,49.9815877
55.6534826,49.9620602
55.8225552,49.5156884
56.4218371,49.4195642
56.3243455,50.2069582
56.3241822,50.2051706
55.2796246,48.6051206
54.9438097,48.8324565
54.9558047,49.061984
54.955258,49.0602489
55.7380679,48.7840714
55.7449476,49.2172831
55.7329968,49.1874622
55.7391743,49.1778319
55.740122,49.1772981
55.7331983,49.1856961
55.7518416,49.1630433
55.7621161,49.1878752
55.7636135,49.1500079
55.7451331,49.2000686
55.7333403,49.1341874
55.5565058,49.4987215
55.6986967,49.23157
55.7381815,49.1626818
55.7304246,49.153857
55.7342977,49.1794704
55.7062327,48.8905497
55.75246,49.2043494
55.7530094,49.1677292
55.7612469,49.1897979
55.6637979,49.2918318
55.6580134,49.3062675
55.6595202,48.857243
55.6190158,49.2899571
55.662038,49.2963869
55.7426803,49.2065912
55.7381971,49.1803784
55.7089248,48.890786
55.6280605,49.2311385
55.7673908,49.1257718
55.7535846,49.2029396
55.7545643,49.2312255
55.7732706,49.139497
55.7635669,49.1503777
55.7702822,49.1763543
55.7448608,49.1857223
55.7456911,49.163025
55.7475967,49.163593
55.7610146,49.1623548
55.6143315,49.2852151
55.7510846,49.2102914
55.7388071,49.1783898
55.7502506,49.2094471
55.7503916,49.2090051
55.7732402,49.09978
55.7752066,49.1485345
55.7646029,49.1652325
55.7631157,49.1576568
55.7693643,49.1706817
55.6287477,49.2326043
55.7330593,49.1772256
55.7229459,49.1989825
55.7404541,48.7782884
55.6855062,49.2071649
55.6859794,49.2063723
55.6788718,49.1933183
55.6789604,49.1924448
55.7299602,49.1567963
55.7299876,49.1654575
55.7300397,49.1496661
55.7300637,49.1513446
55.7302516,49.1507284
55.7304589,49.1565659
55.7380247,48.7828035
55.7490556,48.7587328
55.5688509,49.2393421
55.5861515,48.8905323
55.7670235,49.2310414
55.766965,49.2315665
55.7230461,49.1992444
55.5534399,49.507406
55.763764,49.1499014
55.7743278,49.2218246
55.7736328,49.2189785
55.7397435,48.7797718
55.7444589,49.1799288
55.744439,49.1806497
55.7305669,49.1337941
55.6365718,49.2907659
55.7358796,49.1615923
55.7739197,49.1734062
55.6173684,49.2893932
55.6374386,49.2916346
55.7738334,49.342888
55.7236289,48.7522477
55.6290355,49.2323226
55.7697539,49.1712822
55.7349376,48.7791546
55.7696775,49.132122
55.5534267,49.5078472
55.7355873,48.7881097
55.7373249,48.7830143
55.5675014,49.2454072
55.7241995,48.7517097
55.7760549,49.3452092
55.8801621,49.2516071
55.8617232,48.8557652
55.8586851,48.8551621
55.773333,49.1392102
55.796315,49.2210792
55.7961034,49.125656
55.7964245,49.1035745
55.7959861,49.1140382
55.7780444,49.1458268
55.7874423,49.1709424
55.8424515,49.0863222
55.7938024,49.0961712
55.7740015,49.1492847
55.8243899,49.1590072
55.8250737,49.1581292
55.8347118,49.0898257
55.7870826,49.1251267
55.8126387,49.1021275
55.8292489,49.081695
55.8147296,49.1794363
55.7767409,49.1313884
55.8165901,49.1798472
55.8210877,49.183504
55.8783171,49.2611514
55.8789956,49.2572447
55.8789544,49.2581476
55.8777989,49.2629362
55.8311876,49.1012782
55.8312936,49.0916256
55.7824586,49.1993171
55.8288513,49.0589899
55.8422806,49.0846662
55.8459327,49.0846271
55.8649959,49.0788809
55.8621716,49.0854319
55.871431,49.0966263
55.8626333,49.1070357
55.8671944,49.0104809
55.782598,49.2206942
55.9157519,49.1411798
55.797153,49.2159098
55.7988765,49.2139036
55.7963681,49.2188049
55.8240728,49.1613732
55.8272097,49.1012064
55.8262548,49.0940877
55.8271348,49.0931463
55.815886,49.1342324
55.824718,49.0947813
55.7933246,49.171667
55.7937883,49.1714127
55.7878245,49.1139757
55.8003563,48.9759226
55.8502074,48.8921972
55.8627454,48.8557118
55.9180447,49.1424937
55.8194576,48.8745288
55.8358955,49.1336014
55.7812812,49.1367992
55.821313,49.1551613
55.8004849,49.0710399
55.7867185,49.124898
55.7995028,49.3409462
55.7947776,49.3395939
55.8197524,49.0970655
55.839869,49.1339743
55.8334086,49.0806227
55.8184793,49.0972134
55.8590073,48.8481701
55.7989371,49.3410102
55.8283717,49.0590248
55.8217127,49.0503486
55.8337338,49.0614119
55.9197185,49.1446328
55.9162833,49.1409988
55.9201682,49.1444212
55.8844923,48.976068
55.800828,49.0700208
55.8869431,49.2324765
55.8358963,49.1340167
55.8008458,49.069503
55.8359184,49.1049695
55.8425614,49.0843443
55.7992548,49.3401635
55.7992646,49.3463305
55.8252199,49.1589174
55.8235753,49.1574313
55.7988623,49.2480309
55.8194542,48.8758154
55.8195636,48.8753683
55.8661439,49.0504459
55.9203131,49.1441094
55.8130543,49.0754974
55.8189284,49.0964975
55.7951331,49.1550563
55.7926165,49.1524824
55.7867662,49.1634815
55.8128125,49.0758925
55.8334959,49.0806084
55.786907,49.1675963
55.8265308,49.0905001
55.8262275,49.0903812
55.8872974,49.2329773
55.8525272,49.0846328
55.819439,49.1402269
55.8358897,49.129466
55.8213974,49.1333573
55.8276983,49.1340668
55.7840152,49.1709636
55.8241124,49.0448386
55.7824421,49.2142191
55.8316948,49.1340717
55.8181635,49.0988457
55.8290519,49.0928237
55.863782,48.7869634
55.7822714,49.2238186
55.7826144,49.2182721
55.8480693,49.087558
55.846547,49.0853465
55.8271835,49.1331309
55.8293973,49.0815831
55.8385085,49.1340017
55.8358898,49.1248561
55.7831151,49.2191146
55.852535,49.0842236
55.8311963,49.1010112
55.8360404,49.1294615
55.8328177,48.9836269
55.8183297,49.1504357
55.8174555,49.1481707
55.8360408,49.1266943
55.8333694,49.1011129
55.8190719,49.1332931
55.8158929,49.1332751
55.8192399,49.1324342
55.867008,49.0104916
55.7761006,49.1066864
55.7803328,49.1128893
55.7848571,49.1186319
55.8194026,49.1494302
55.8640027,49.0861157
55.8213937,49.1341195
55.9486406,49.3297551
55.7981661,49.1020774
55.8521475,49.1297254
55.8433968,49.0854588
55.8564309,49.1000759
55.7769557,49.1448794
55.8170585,49.134
55.8176939,49.1333447
55.8186487,49.1338451
55.7776395,49.1457551
55.7997588,49.1002845
55.7981471,49.1017456
55.8238591,49.161316
55.8155368,49.1332899
55.8131621,49.1034723
55.8269831,49.1330992
55.8149169,49.1339869
55.8293698,49.1009285
55.8312508,49.0914052
55.7959382,49.1031556
55.7924577,49.156067
55.8610496,49.0848611
55.8639061,49.0863056
55.8447582,49.1336924
55.8300804,49.1340017
55.7872609,49.1719405
55.9185976,49.1420721
55.8160694,49.1468754
55.8712773,49.2941871
55.8002684,49.1811113
55.8003711,48.9768566
55.8133889,49.4338918
55.8270006,49.0979312
55.7986286,49.1784125
55.8011034,49.1828004
55.9352196,49.3349304
55.7755796,49.2190156
55.8776226,49.2545979
55.774489,49.22179
55.7749147,49.2131312
55.7763095,49.1807089
55.7760143,49.1776603
55.7937593,49.0960509
55.8025895,48.9993292
55.8668257,49.0251133
55.8015478,49.3788363
55.8009875,49.3797296
55.7878392,49.123362
55.8516509,49.1309256
55.8525629,48.881271
55.8278249,49.0144427
55.8280919,49.0161105
55.8191457,49.1332757
55.77583,49.174826
55.8670384,49.004952
55.7743954,49.2242407
55.887936,48.8667601
55.7991895,49.3425667
55.7990987,49.3422927
55.8132073,49.1033493
55.798037,49.1772629
55.7975866,49.1766039
55.7968393,49.1755406
55.7837493,49.2197994
55.8260091,49.0427928
55.7743832,49.2261951
55.8009745,49.182348
55.9102756,49.0623292
55.8215411,49.0490655
55.9180557,49.1402324
55.9182049,49.14136
54.7616794,48.1926056
54.9639049,48.282934
54.9908435,48.3201416
54.9597576,48.281835
54.9905627,48.3182841
54.9580185,48.2815723
54.9593228,48.2814257
54.9593149,48.281981
54.9912816,48.3197816
55.7246319,48.5306425
55.7229645,48.5340691
55.7233048,48.5418772
55.5320027,48.7101896
55.5298065,48.7125932
55.5324039,48.7094846
55.5301004,48.7078529
55.709012,48.6701458
55.7306043,48.3129604
55.7276355,48.351042
55.7300043,48.3125885
55.7133842,48.6428719
55.7198508,48.5739286
55.5457522,48.7088261
55.5260576,48.7172155
55.7118769,48.6934441
55.4306424,48.5336107
55.4302607,48.5342275
55.8900414,48.5400739
55.8453744,48.5229318
55.8380108,48.5295263
55.8465708,48.5010279
55.8253798,48.5241189
55.8427684,48.4951505
55.8455231,48.5235235
55.8711757,48.6690092
55.871298,48.7049254
55.8711772,48.6791784
55.8897098,48.5409484
55.8923766,48.5427033
55.8711479,48.6547056
55.8711332,48.6657758
55.8711945,48.6595086
55.8405045,48.5412645
55.8401175,48.5402203
55.8707291,48.668346
55.8604238,48.586056
49.9560564,95.6272424
50.9939796,95.1561099
51.4504865,95.6038779
51.6820403,94.3457916
51.6911653,94.4347886
51.7191168,94.4378686
51.716339,94.4175785
51.7047358,94.4341142
51.7063627,94.4061985
51.7066218,94.4068253
51.7015052,94.4062057
51.7010947,94.4064756
51.716592,94.4172544
51.6808995,94.3511088
51.7175011,94.4740433
51.6805493,94.3519925
51.7048161,94.4347434
51.7144933,94.4392479
51.7142007,94.4390769
51.7183481,94.430989
51.6829995,94.3541863
51.7594253,94.3539834
51.7602177,94.3543576
51.821487,94.3276608
51.7042318,94.434216
51.7018839,94.4093022
51.6901301,94.4352047
51.6878677,94.4081434
51.6875477,94.4071356
51.678251,94.3471698
51.7171771,94.4176475
51.6917422,94.5939395
51.7031424,94.4996011
51.7176557,94.4729978
51.7172912,94.47339
51.7191863,94.4559308
51.7111905,94.4379415
51.7051775,94.4344559
51.7105897,94.4376649
51.7014772,94.4062456
51.6900851,94.4344872
51.7141313,94.4392788
51.7040637,94.4307435
51.7047177,94.4349434
51.734036,94.4120277
51.7335103,94.4118512
51.7019193,94.4063526
51.3962144,92.2205923
51.2876372,91.4925105
51.288341,91.4919122
51.2883467,91.4910472
51.1690781,90.5504705
51.1606466,90.5692759
51.1609568,90.5685309
51.1468498,90.583164
51.1467167,90.5837539
55.0265728,89.8454957
55.027328,89.8431993
54.3372473,89.9321762
54.4920683,89.9615126
54.5151795,90.0616589
54.3574597,90.9647557
54.3574167,90.9640559
53.965719,90.30469
53.1170587,90.5025818
53.0405461,90.4002083
53.1062038,90.5011642
53.1178656,90.5032846
53.1177553,90.5020985
53.1177758,90.5036635
52.8106753,89.9062587
52.7994688,89.8934585
52.6231485,90.0712232
54.276981,91.1007557
54.357505,90.9652117
54.2772473,91.1003169
53.8444816,91.3221347
53.8234865,91.2953198
53.8439323,91.3089734
53.8334213,91.2766921
53.8197703,91.2979329
53.8254473,91.2556331
53.9030102,91.2560111
53.8333629,91.2792476
53.9000019,91.255521
53.8197646,91.2815576
53.8476496,91.3159481
53.8995601,91.2549439
53.8470437,91.3157557
53.7993238,91.3527603
53.7986077,91.3522386
53.7714619,91.391502
53.7508264,91.4065321
53.8453941,91.3233298
53.7126733,91.4831921
53.7069899,91.4911125
53.8341644,91.3269853
53.70941,91.3603283
53.7091295,91.3594142
53.7122912,91.36212
53.7124375,91.3614719
53.7310645,91.4021051
53.7322688,91.4051101
53.7332499,91.4051392
53.7105027,91.4845717
53.7125393,91.4824362
53.7137096,91.4892233
53.7477462,91.4541599
53.7315515,91.4090894
53.7173551,91.4451334
53.7154453,91.4812605
53.7152634,91.4261314
53.7162146,91.3991279
53.7292408,91.4599048
53.7040202,91.4304895
53.8206573,91.3229222
53.8164525,91.3525915
53.7994728,91.353011
53.8330938,91.3941855
53.8179562,91.3158722
53.7807702,91.3613848
53.8225464,91.3588772
53.7320879,91.4158092
53.7137342,91.4825168
53.7164809,91.4000936
53.8299046,91.3388455
53.8279919,91.3328822
53.7091665,91.3591529
53.706815,91.4909279
53.7071886,91.4908424
53.7516102,91.4060164
53.8252077,91.3578102
53.8362929,91.3337856
53.7802006,91.3623066
53.7512504,91.4054614
53.7317411,91.4140252
53.8202512,91.3313612
53.8445072,91.3241945
53.781818,91.3600401
53.8237895,91.3591098
53.7956445,91.3533234
53.8373154,91.3463534
53.8376653,91.3374259
53.8401743,91.3412595
53.8384742,91.3895526
53.7315995,91.4039812
53.7312387,91.4060766
53.8328582,91.3466784
53.7343083,91.4374242
53.735037,91.4405057
53.8235982,91.3197235
53.7477608,91.4536172
53.8445226,91.3238245
53.8406123,91.3426024
53.7128339,91.3624906
53.8228992,91.3592331
53.6497883,91.4718232
53.6469257,91.4662015
53.6505385,91.4689133
53.6540691,91.473968
53.6461113,91.4610914
53.6840817,91.3823849
53.6588688,91.538055
53.6870516,91.38792
53.6850585,91.3812556
53.6839512,91.382231
53.6882727,91.3775589
53.7037012,91.430109
53.6699691,91.53452
53.673167,91.4048633
53.6634082,91.3237245
53.6592332,91.5394214
53.6732165,91.4047125
53.0949458,91.4151132
53.1044446,91.4097414
53.110019,91.416873
53.1108071,91.4177288
46.0869461,41.1885236
46.2265234,41.0952126
46.1994835,41.1281293
46.2270882,41.0947136
46.5330361,40.9829695
46.5572298,40.6708064
46.5258773,41.0799492
46.5327359,40.9837184
46.5260012,41.081684
46.5264529,41.0818981
46.5267571,41.0808538
47.0905349,40.7459631
47.5080324,40.8419044
47.5183969,41.1062871
47.5215706,41.1062618
47.5844477,41.1206579
47.5855444,41.1207736
47.5176849,41.1042024
47.5092713,40.8423907
47.5094336,40.8409826
47.503547,40.7462654
47.5208456,41.1044157
47.6671436,40.6950254
47.5022446,40.7446405
47.6347193,41.1443778
47.6356862,41.1467446
47.6356956,41.1436368
47.6357508,41.1434274
47.636222,41.1444575
47.4754341,40.9752975
47.5087922,40.8638899
47.5020146,40.7443737
47.5200423,41.1057029
47.6675615,40.6952742
47.6679101,40.6957428
48.1826905,40.7246331
48.2022902,40.7538438
48.2015223,40.7980768
48.2012313,40.801277
48.2312765,41.3150581
48.2318906,41.3129213
48.1825698,40.7253974
48.2017955,40.7538121
48.2311587,41.3136153
48.2307801,41.3146554
48.2106593,40.822768
48.1745276,40.8062629
48.174015,40.7886035
48.1776458,40.8033118
48.2490205,40.9852474
48.2492094,40.9809316
48.2498613,40.9834394
48.2501936,40.9925498
48.2494691,40.9835201
48.2022044,40.8036035
48.2022323,40.7537196
48.1796486,40.687155
49.784785,41.1534116
49.7922498,41.1372182
49.7867257,41.3153114
49.7979801,41.1450938
49.7980815,41.1444564
49.6384632,41.7007324
49.6458345,41.732177
49.6392481,41.7012453
49.6389033,41.7013617
49.6393817,41.7006951
49.628657,41.7290019
49.6360859,41.7308617
49.6389057,41.7013773
48.3697832,41.8046059
48.3291005,41.8215933
48.3461165,41.8031003
48.3462945,41.8259994
48.3555588,41.7939176
48.3294454,41.8220049
48.3703071,41.8053633
48.3598151,41.7808057
48.3281957,41.821641
48.3702433,41.8053784
48.3700956,41.8053233
48.3585943,41.7697452
48.3376677,41.8053127
47.4237182,41.7925852
47.3201782,41.4236687
47.42328,41.7893885
46.4734107,41.4812634
46.4783762,41.4783418
46.4772608,41.4721166
46.4728816,41.4781303
46.4600786,41.5552088
46.4667233,41.5502841
46.4675736,41.4999162
46.4771188,41.4754458
46.4666289,41.5499291
46.470669,41.4909814
46.5572872,41.5977585
46.5577758,41.5980017
46.4612888,41.4698795
48.5473581,42.530311
48.547933,42.5301549
47.6835574,42.0286938
47.6446509,42.0612956
47.6442785,42.0624995
47.6569753,42.0459634
47.6444695,42.0619966
47.4881134,42.1604695
47.5370698,42.1342402
47.2266013,42.2497092
47.5043416,42.2098165
47.5070755,42.1772365
47.5088256,42.2175693
47.5026093,42.1662262
47.5071527,42.1815199
47.5118113,42.222982
47.504792,42.2106948
47.5180738,42.2343266
47.5175111,42.2071498
47.5182545,42.2062838
47.528807,42.22146
47.5233702,42.2274686
47.5272151,42.2228934
47.5300254,42.2152052
47.5258988,42.203959
47.504654,42.1761375
47.5092145,42.2186918
47.5267633,42.2042524
47.5285387,42.1549805
47.506307,42.1806599
47.5226492,42.204746
47.5117825,42.190484
47.5108929,42.1888874
47.5368192,42.1337099
47.5174887,42.2332924
47.5466985,42.1121825
47.5249102,42.1491992
47.5263106,42.1500723
47.5425059,42.1293099
47.5422186,42.1294751
47.5190321,42.2051805
47.5200151,42.2041417
47.5371952,42.1336151
47.5202235,42.2312875
47.5129024,42.2249912
47.1443307,42.4377386
47.4603079,41.9548747
47.5463434,42.1097251
47.5430791,42.2798698
47.5115926,42.2146849
47.5381947,42.133105
47.5186984,42.23592
47.5328863,42.261718
47.5255858,42.2253376
47.5807256,42.3578744
47.5230239,42.1515919
47.5026079,42.165845
47.502572,42.1662563
47.5025817,42.1577899
47.5306582,42.2106125
47.5043819,42.1765219
47.5296476,42.1546987
47.5304278,42.1532539
47.5218842,42.2417161
47.5251954,42.2476362
47.5295245,42.1448779
47.5292311,42.145422
47.4984348,42.0681807
47.5237055,42.0593923
46.8835395,42.0385716
47.0160693,42.1762391
47.1437681,42.4407171
47.1420018,42.4376197
47.399655,42.7322069
47.4887419,42.9642722
47.4100508,42.7483657
47.4106908,42.7499205
47.4108008,42.74924
47.4112551,42.7499514
46.5524085,43.621134
46.5528958,43.6214091
46.5670055,40.6300712
46.566397,40.6282584
46.5862032,40.6317728
46.5669049,40.6294362
46.5855287,40.6322059
47.1667448,40.2718371
47.1665078,40.2705391
47.1662112,40.2697433
46.8745104,40.1615025
47.6352923,40.3017821
47.6307502,40.1920493
47.6787569,40.2857684
47.4228809,40.0939421
47.4061863,40.0878991
47.4219723,40.0925267
47.413478,40.1082397
47.4216862,40.0688259
47.4216003,40.0694491
47.6523367,40.1908355
47.4821979,40.0806717
47.4823754,40.1029474
47.409396,40.0967022
47.4216244,40.0689073
47.4106586,40.1009502
47.4282136,40.0973514
47.4102337,40.0960491
47.4114212,40.0954397
47.3248169,40.3563975
47.4092754,40.0970415
47.6321199,40.1924831
47.4115232,40.1027419
47.4487517,40.1010644
47.4132246,40.0820146
47.4086958,40.0953774
47.410648,40.1002404
47.6420895,40.1879457
47.422555,40.0556633
47.4469981,40.1038661
47.4486208,40.1013004
47.6314912,40.1926604
47.6399464,40.1889309
47.4629138,40.0710688
47.4615627,40.0757992
47.4644144,40.0714668
47.7061844,40.0957114
47.6914144,40.2580598
47.71187,40.1060863
47.7024121,40.0926852
47.7147531,40.1045591
47.8540223,40.1919609
47.7183205,40.1960224
47.7589296,40.3388509
47.6991778,40.2088268
47.7123221,40.208405
47.725823,40.1947792
47.7031395,40.2271582
47.7219255,40.1943361
47.7191761,40.2159891
47.7247099,40.1964108
47.7145867,40.2267211
47.7091816,40.1812401
47.7145147,40.2275927
47.7066745,40.2241275
47.6998718,40.2147651
47.7146099,40.2278917
47.6921961,40.2584602
47.7303973,40.2414061
47.7329693,40.2510133
47.7283415,40.2906426
47.732732,40.250804
47.7119979,40.1384668
47.7120143,40.1418844
48.0449688,40.2578905
48.0467952,40.2592117
48.0462542,40.2598536
47.8932754,40.0607107
47.811109,40.1735026
47.7085402,40.1861006
47.7154426,40.2070352
47.7155783,40.2071748
47.7097626,40.2275674
47.7067364,40.2240053
47.7027708,40.1985402
47.6987499,40.2362933
47.7303628,40.242609
47.6978477,40.2381091
47.698016,40.2384834
47.6916917,40.2583548
47.7351419,40.2447957
47.7356381,40.2444368
47.7347237,40.2458805
47.7314378,40.2541254
47.7349622,40.2461011
47.7142768,40.1640794
47.7372449,40.3151932
47.7146811,40.2251993
47.7372624,40.3150177
47.7265711,40.1156536
47.6825715,40.2002329
47.7058617,40.0967278
47.7074777,40.0929918
47.7101896,40.100158
47.7101955,40.2357052
47.7103658,40.2358744
47.7136725,40.205345
47.7228162,40.1914954
47.7230426,40.1916185
47.8536887,40.1946999
47.8539443,40.1947309
47.7278601,40.1170872
47.711589,40.1455964
48.0108219,40.2436917
47.9711196,40.2177792
47.8793253,40.1008191
47.8337128,40.0242265
47.8620639,40.1529771
47.8096997,40.1723238
47.9731837,40.2169539
47.6982022,40.2082637
47.7054638,40.2225962
47.6836191,40.2004527
47.7287869,40.2465134
47.7154112,40.2278299
47.718283,40.1958419
47.7374324,40.3146784
47.6788645,40.2075463
48.0116258,40.2433086
48.0118984,40.2438425
48.0142711,40.2416081
48.0161605,40.2399176
48.0166159,40.2403887
47.830859,40.0212694
47.8619352,40.1539758
47.8615594,40.1535363
47.7629931,40.153409
47.7631631,40.1511208
47.7634474,40.1537874
47.763784,40.1499764
47.7639004,40.1499873
47.7641428,40.1502935
47.7358758,40.2211383
47.7119017,40.1124669
47.8854035,40.2122638
47.8902413,40.2150741
48.1000672,40.2594335
47.8792844,40.2098842
47.8536444,40.1956353
48.0464522,40.1443575
47.710396,40.148259
47.7104391,40.1482954
47.7120022,40.129379
47.7119511,40.1124661
47.710848,40.1474001
47.7120637,40.1418835
47.7055605,40.0954929
47.8833651,40.2112693
47.8364298,40.1822642
48.1883598,40.2962099
48.1887768,40.2634883
48.1892631,40.2663175
48.302222,40.3048192
48.3026664,40.3052817
48.2992806,40.2996369
48.3021975,40.3051979
48.2938646,40.2961338
48.3110338,40.2584754
48.315557,40.2775591
48.3219134,40.3328695
48.3176169,40.3291544
48.4873024,40.3171142
48.3147953,40.2619408
48.3142293,40.2681775
48.3139248,40.2690045
48.3141769,40.2690272
48.3149427,40.2644256
48.3118544,40.2593391
48.3121461,40.2582946
48.3506879,40.334284
48.3985839,40.3405726
48.3017009,40.3028648
48.3522512,40.3366993
48.1797682,40.4358511
48.2507073,40.2918708
48.4574765,40.3406537
48.4534376,40.3408651
48.5170092,40.3380118
48.4523475,40.3408651
48.5031853,40.3415407
48.5045275,40.3402762
48.3984159,40.3398473
48.2994529,40.2958121
48.1892732,40.2726692
48.1877737,40.2961439
48.3195305,40.3368202
48.319792,40.3366696
48.3220988,40.3295619
48.3223879,40.3291115
48.3231922,40.3253137
48.5262451,40.3425253
48.3516742,40.3369933
48.456774,40.3381758
48.4114888,40.3403304
48.5163361,40.3400588
48.2946774,40.2482675
48.3159712,40.3274693
48.3210255,40.3330041
48.3149767,40.2611896
48.2505552,40.292015
48.5285784,40.3430766
48.3086139,40.3155349
48.2960605,40.2483654
48.9239677,40.4008521
48.9382275,40.3853079
48.9235614,40.4011504
48.9039768,40.3668244
48.8944082,40.357237
48.9020106,40.4373719
48.9220882,40.3951795
48.9144969,40.4050399
48.9141972,40.4053256
48.7349447,40.3733691
48.7342397,40.3654963
48.9429459,40.4592025
48.9042667,40.4648958
48.9143085,40.405192
48.9468294,40.4585616
48.9468204,40.4575889
48.8945695,40.3559979
48.9498655,40.4561147
48.8456069,40.4175792
48.8439498,40.41593
48.6611302,40.3605103
48.7580004,40.3735217
48.7575501,40.3737698
48.8943778,40.3566188
48.89469,40.3568439
48.9449649,40.4539667
48.9467753,40.4574405
48.9482327,40.4618211
48.9105548,40.4686891
48.9127446,40.4676943
48.7923015,40.3955084
48.844585,40.4167714
48.7541522,40.3747204
48.5385292,40.3445473
48.8800769,40.4451535
48.6610071,40.357981
48.9382414,40.3849493
48.9385257,40.3849046
48.6373346,40.3569778
48.5857956,40.3527373
48.5851353,40.3524156
48.5378964,40.3455422
48.5461399,40.347682
48.7508413,40.0863387
49.2490585,40.6379331
48.9673664,40.4502473
49.1786434,40.612356
49.1787818,40.6120463
49.2989899,40.6214944
49.2997702,40.6207709
49.0419845,40.482688
48.9698672,40.4518464
49.1678769,40.5994456
49.2073571,40.6274584
49.3451473,40.6249019
49.1790909,40.6124096
49.2071893,40.6275976
49.2470677,40.63814
48.9690711,40.4498211
49.0261594,40.4724828
49.0273991,40.4719699
49.1592378,40.5954877
49.0414433,40.4827658
49.0583459,40.5372911
49.0596316,40.5388201
49.0530832,40.5188347
49.1281289,40.5901468
49.131796,40.590711
48.9971962,40.4616824
49.3827217,40.5876937
49.3314099,40.6231761
49.3459482,40.6239846
49.3442143,40.6236375
49.0256137,40.4728648
49.3645688,40.6120865
49.1682812,40.5997836
49.578453,40.5624506
49.383404,40.5843449
49.5783768,40.5647138
49.5773049,40.5634227
49.5135978,40.5750552
49.41632,40.5713081
49.4895983,40.5640603
49.4142644,40.5718526
49.4886191,40.5641689
49.5783213,40.5647612
49.5780841,40.5649642
49.383249,40.5849155
49.3831268,40.5847068
49.5734144,40.5664202
46.8137319,39.6707124
46.8137399,39.6706075
47.1640645,39.7418248
47.237597,39.6994944
47.2358665,39.7390375
47.2401772,39.7348979
47.2109338,39.6735108
47.2015476,39.6683282
47.0817784,39.7738115
47.0818813,39.7729756
47.0826059,39.770963
47.2403452,39.735541
47.2377705,39.635165
47.2374024,39.6350834
47.2320326,39.6924836
47.2292652,39.7187283
47.243125,39.7651367
47.1136883,39.6605891
47.2247281,39.6299652
47.2339841,39.6400905
47.2505021,39.7630761
47.2376591,39.8217271
47.2230441,39.6543904
47.2445524,39.7016177
47.24011,39.6985288
47.2365369,39.7142862
47.2359526,39.7154428
47.2362971,39.7131017
47.2290914,39.693805
47.2359752,39.7115705
47.2158888,39.7013545
47.2198878,39.6921373
47.1315641,39.8761708
47.2133321,39.6946358
47.2271877,39.7167356
47.1582552,39.7439001
47.2155776,39.7001126
47.2155601,39.7014099
47.2397354,39.7530836
47.2375029,39.8204566
47.2135798,39.7102695
47.2338424,39.7168402
47.2236841,39.6936266
47.2263465,39.7049323
47.211036,39.6735165
47.2455218,39.7129427
47.2150232,39.6345348
47.2075369,39.613587
47.2109113,39.7271862
47.2324401,39.6300902
47.2252433,39.6290495
47.224725,39.613902
47.2379472,39.6132341
47.2372714,39.6140815
47.2107447,39.7276669
47.2351123,39.8504438
47.1988528,39.6135294
47.2411336,39.7018613
47.2378864,39.8553303
47.2193842,39.6681976
47.232423,39.6287898
47.2356443,39.8525728
47.2359482,39.8532979
47.2266451,39.75125
47.2332332,39.7139739
47.2377353,39.6999329
47.2005674,39.7079167
47.2453402,39.6958754
47.0045018,39.7311993
47.1408757,39.739725
47.1559767,39.746163
47.1583592,39.7439376
47.1424364,39.7496935
47.1063767,39.7636434
47.2334912,39.7867021
47.1140082,39.6629896
47.1139496,39.6776468
47.114348,39.6619142
47.2134904,39.6941115
47.2155008,39.646881
47.2265612,39.6419174
47.2229743,39.6538204
47.2125004,39.6349338
47.2428994,39.7131009
47.2443585,39.7121218
47.1955288,39.6136539
47.2287051,39.7160788
47.143942,39.7491808
47.1699993,39.6421748
47.2260018,39.6624616
47.2406555,39.6140174
47.2137303,39.6945441
47.2144371,39.6345461
47.225203,39.6171262
47.2315791,39.6135291
47.2305221,39.7622031
47.2296363,39.7662531
47.216959,39.6968796
47.2151285,39.6987482
47.2404699,39.734766
47.2384938,39.8282576
47.200403,39.7092374
47.2047215,39.7111536
47.1291892,39.8821446
47.2356719,39.7129717
47.2320757,39.629147
47.2324287,39.6293492
47.1743536,39.6391975
47.1740851,39.6403413
47.2032345,39.7290064
47.2024278,39.7156693
47.2213405,39.6935708
47.2023907,39.7193841
47.202795,39.7258739
47.2274069,39.7429535
47.2224478,39.7185622
47.2176384,39.6962333
47.2200733,39.7077826
47.222384,39.7185883
47.1441446,39.6746326
47.2215933,39.6913425
47.2175791,39.6959331
47.2176491,39.6958763
47.2188307,39.6953308
47.2160642,39.6974499
47.2213905,39.6911572
47.2211115,39.6940237
47.2225364,39.6923607
47.2124125,39.6349355
47.2334467,39.638558
47.2335941,39.6390413
47.117108,39.8556454
47.1951838,39.6137547
47.0732692,39.7457577
47.1059596,39.7645979
47.071936,39.7518545
47.1282405,39.7746334
47.076894,39.7632245
47.0723817,39.7531922
47.1362858,39.7059718
47.2376353,39.6997866
47.2379502,39.8216723
47.2366246,39.8132558
47.2383251,39.8248794
47.2364368,39.8114474
47.2297314,39.6808302
47.1569862,39.7305323
47.0546449,39.7443078
47.0880656,39.767127
47.1559454,39.7687137
47.1418249,39.690701
47.139423,39.6831798
47.2432829,39.7656876
47.1824143,39.7384577
47.2358926,39.7128713
47.237214,39.6140061
47.0812707,39.7743774
47.2411821,39.8352343
47.2113919,39.6627207
47.224302,39.695946
47.2285923,39.7159813
47.2311788,39.7278816
47.0870082,39.4943925
47.1528491,39.7711333
47.2443383,39.725217
47.2406579,39.7352288
47.2348982,39.7985728
47.2212963,39.6614848
47.1242077,39.6639271
47.2231794,39.6902848
47.2479143,39.8455748
47.2274859,39.743014
47.2336692,39.7392631
47.2100312,39.7222743
47.210408,39.7218913
47.2106978,39.7271303
47.0809094,39.4883654
47.083765,39.4907075
47.204067,39.7264763
47.2060136,39.7359592
47.2065126,39.7617782
47.2069774,39.7382021
47.2072575,39.7595696
47.1261071,39.8733638
47.2382103,39.8561852
47.1116238,39.8430767
47.2154306,39.699371
47.0839021,39.4965209
47.0842346,39.4927166
47.0845744,39.4862062
47.2023292,39.7235784
47.1287063,39.8820068
47.1288455,39.8822931
47.2459391,39.7981022
47.2373164,39.8163392
47.2390286,39.8305626
47.1976628,39.7303989
47.2023492,39.724382
47.1297391,39.8996056
47.129709,39.8985961
47.2437437,39.7254134
47.2008085,39.7106654
46.9362148,39.7095967
47.000836,39.7301824
46.8697098,39.7010835
47.2123876,39.6403885
47.2109467,39.7312288
47.2106129,39.7269557
47.1151054,39.8511041
47.207314,39.7425412
47.2075023,39.7405384
47.2062646,39.7340197
47.0901149,39.4543049
46.9374621,39.7085159
47.2049816,39.7267295
47.0992367,39.441399
47.1898878,39.628256
46.8670826,39.6964143
46.8664897,39.7026385
47.2441389,39.7124582
47.2356846,39.7379651
47.2107401,39.7242225
47.1439223,39.8745347
47.1495254,39.8746647
47.2396451,39.701239
47.2411304,39.7017621
47.2422024,39.7016646
47.2445541,39.7015144
47.2020517,39.6700951
47.1572106,39.8725156
46.9251058,39.7078443
47.2347273,39.7969546
47.2409332,39.6140208
47.1677907,39.7515148
47.0486972,39.8415238
47.1106876,39.8409017
47.2350288,39.5767552
47.2323437,39.5784405
47.2323461,39.5752924
47.2202686,39.5747018
47.238263,39.5758857
47.1013243,39.765062
47.1020004,39.7638848
47.2273592,39.6483574
46.9671784,39.7194175
47.1677729,39.6462565
47.173492,39.6422701
47.0543833,39.7442825
47.1105068,39.8413129
47.2127944,39.6349055
47.2263926,39.6624207
47.2594518,39.6897208
47.4149734,39.9750977
47.2833549,39.8489942
47.4041281,39.9666127
47.2600487,39.6208478
47.2838796,39.7532715
47.2728092,39.8246486
47.2949889,39.7136564
47.2953636,39.7029123
47.2948468,39.7021768
47.2816631,39.6835739
47.2485344,39.757185
47.248832,39.7577057
47.2482491,39.7572201
47.2567495,39.7663395
47.2562088,39.7974848
47.2661281,39.6822835
47.2541201,39.7053825
47.249959,39.6968638
47.2496388,39.7126321
47.2571821,39.7164493
47.2493856,39.7568809
47.248999,39.7566456
47.2498296,39.7565461
47.2485251,39.8456447
47.2898173,39.8518323
47.2566081,39.8492702
47.2957075,39.7129703
47.2788949,39.7741795
47.2910243,39.8530978
47.2910248,39.7336537
47.273516,39.7196467
47.2836709,39.7158346
47.283069,39.7160318
47.2835804,39.7165036
47.2827933,39.7081213
47.2822442,39.7081739
47.2959963,39.7198865
47.2574031,39.7157764
47.2787218,39.7504528
47.2721006,39.7615249
47.2716028,39.7621561
47.2879926,39.6945464
47.2880773,39.6940605
47.2756708,39.7489589
47.2729775,39.7472493
47.2511617,39.7636861
47.250518,39.7639979
47.2627754,39.7723775
47.2626754,39.7730505
47.2622156,39.8699492
47.2610122,39.8704688
47.3787325,39.9072537
47.2833187,39.4327172
47.2570084,39.7160387
47.291368,39.7342174
47.297467,39.7126622
47.2924914,39.8543231
47.2492213,39.7233129
47.2924303,39.8545665
47.2601216,39.6208114
47.2618451,39.6118873
47.2508598,39.8616899
47.3776964,39.809488
47.3583115,39.8840679
47.2800961,39.7682515
47.2658201,39.8147129
47.2596956,39.8053451
47.2655778,39.8150426
47.259571,39.8051451
47.2628181,39.6649707
47.2999177,39.7120873
47.2597152,39.6901508
47.2510308,39.6970811
47.250668,39.6963225
47.2828681,39.4118146
47.2722066,39.5233887
47.2713428,39.5166273
47.2729302,39.5385827
47.267345,39.5650373
47.294965,39.7089733
47.2756609,39.749032
47.2955223,39.7127305
47.2711924,39.7622776
47.2572722,39.7154239
47.265971,39.682779
47.262456,39.6840199
47.2567468,39.7658595
47.2744198,39.7337027
47.2946882,39.6997293
47.2759057,39.7491661
47.2858912,39.7052659
47.2482776,39.847385
47.2492725,39.7277143
47.2495787,39.7158649
47.3034081,39.7226945
47.3062099,39.723766
47.3101826,39.7293843
47.2639931,39.8124204
47.3787852,39.8888378
47.2955953,39.7162049
47.2497146,39.7083995
47.2922052,39.8506864
47.2748341,39.7353802
47.3605846,39.6449263
47.3686455,39.6443079
47.3783151,39.9065046
47.3667235,39.7232251
47.3672024,39.7237058
47.3707461,39.7898915
47.3786892,39.9074465
47.3811259,39.9089934
47.2756167,39.8845703
47.250276,39.6966224
47.2799541,39.7689238
47.299953,39.7123726
47.2820089,39.7605158
47.296139,39.7198209
47.2924789,39.6606218
47.2914999,39.853107
47.2546384,39.7949403
47.2555063,39.7944874
47.2567191,39.7651153
47.2567844,39.7650205
47.2570324,39.7649455
47.3705308,39.7893855
47.3709955,39.7897
47.5355355,39.9691011
47.3279571,39.6440074
47.3684188,39.6934528
47.2576002,39.8594202
47.2766985,39.8639063
47.4194693,40.0251705
47.3664253,39.72379
47.2836872,39.7313412
47.2801325,39.7688046
47.2565138,39.7657928
47.5105556,39.9708171
47.378555,39.8459067
47.3786928,39.8454398
47.4809176,39.9244783
47.4858747,39.9359353
47.4567531,39.8847424
47.3031597,39.92459
47.2771163,39.8333879
47.3978499,39.945969
47.3976611,39.9420981
47.3456289,39.6085087
47.4880722,39.9394682
47.4944585,39.9526333
47.4566268,39.88486
47.3703568,39.6580711
47.2542974,39.7949088
47.4042108,39.9752073
47.2630922,39.6694428
47.26269,39.6668112
47.2753789,39.7369829
47.4080767,39.9745579
47.4058128,39.9723958
47.4079237,39.9745501
47.3024498,39.9252159
47.3009852,39.928567
47.2985596,39.9234602
47.2983844,39.9231363
47.3196359,39.740628
47.250468,39.6141448
47.2661954,39.5753812
47.2706049,39.5746867
47.2652456,39.5767312
47.2659882,39.5747674
47.2569757,39.6409672
47.2570429,39.6405375
47.2571599,39.6433216
47.2938632,39.6600703
47.2925647,39.6603347
47.4549402,39.8850554
47.4547318,39.8826738
47.344778,39.6134796
47.4940109,39.952472
47.4946054,39.9518685
47.2517853,39.6138183
47.2535876,39.6138855
47.3782129,39.8156966
47.2631657,39.9337657
47.255175,39.5730035
47.2663738,39.5697819
47.3787565,39.8805026
47.3696388,39.6803819
47.3659075,39.7195518
47.3686909,39.7513658
47.378414,39.8386976
47.3786759,39.8678785
47.3786933,39.8796864
47.3781591,39.8157005
47.4901415,39.9435032
47.3670667,39.6405873
47.369615,39.6443938
47.3672773,39.6465637
47.3679746,39.7838313
47.2613891,39.6143812
47.344942,39.6087141
47.3456882,39.6103391
47.4120219,39.9749604
47.7747136,39.8679363
47.7672257,39.9405329
48.0418842,39.9270787
48.0435454,39.9274455
47.8956641,40.0479722
47.7759759,39.8806712
47.7870342,39.9102823
47.8917515,40.0557942
47.8325207,39.8664585
47.8946569,40.0581031
47.7653748,39.9392908
47.8460095,39.758466
47.7898748,39.9074539
47.8351479,40.0242659
47.8280411,39.9173034
47.8290191,39.9166092
47.8286543,39.9170888
48.0629138,39.843268
47.7549072,39.9679482
48.0439576,39.927536
48.0443424,39.9270832
48.0462844,39.9271258
47.8335884,40.0237952
47.8349341,39.8602304
47.8464846,39.7568649
47.8235978,39.8772107
48.345575,40.0101797
48.3391184,39.9554808
48.3474574,39.9629521
48.2913909,39.9106786
48.904992,39.9175712
46.8754593,39.3263598
47.2156765,38.9182209
47.2174106,38.9260559
47.2289723,38.8717372
47.213971,38.9116736
47.2195874,38.8609699
47.2264263,38.8595125
47.2272619,38.8923294
47.2463302,38.8937511
47.2521854,38.8957483
47.2103895,38.9145782
47.2406771,38.8849118
47.2402942,38.8853499
47.2214929,38.9163783
47.0924011,39.4319203
47.0921472,39.4316679
47.0918067,39.4318534
47.2461697,38.9177336
47.2289312,38.8758457
47.2520799,38.8956629
47.2473491,38.9218091
47.0921303,39.4316152
47.0918397,39.4319371
47.2183461,38.8831329
47.2188677,38.8834369
47.2182694,38.8836458
47.2520132,38.9231656
47.2495624,38.9224875
47.2562677,38.9243311
47.2133562,38.9166384
47.2193365,38.8618001
47.2165744,38.8629053
47.2196825,38.8615809
47.2171605,38.8625536
47.2470797,38.8933092
47.2104847,38.922492
47.2117825,38.9267418
47.221153,38.9163727
47.2401049,38.885524
46.8505131,38.7185729
47.2499337,38.9178633
47.0680616,39.4255935
47.0747179,39.4267375
47.213058,38.9145962
47.2474221,38.9220058
47.2060955,38.9444793
47.2232322,38.8592733
47.2474764,38.9219156
46.8752233,39.3258007
47.2809828,38.9485817
47.2747507,38.8558075
47.275081,38.8562463
47.2872585,39.3567909
47.2530218,38.8941979
47.2871921,38.9005781
47.5907594,38.8645939
47.2613428,38.917852
47.2870784,38.9220633
47.286565,38.9587792
47.2832025,39.4111009
47.2716457,38.9202457
47.2714456,38.9197362
47.2712182,38.9200164
47.2617769,38.9199179
47.2533197,38.8931656
47.2787269,38.9410879
47.2747622,38.8557041
47.3153678,39.0092153
47.298525,39.2169654
47.5904887,38.8645243
47.4158855,38.9054087
47.3006166,39.1875511
47.2619687,38.894598
47.2863974,39.3338106
47.2883789,39.3335992
47.2984471,39.2169538
47.3208853,39.0517728
47.2998141,39.199871
47.2870426,38.9220577
47.2617428,38.9194273
47.320108,39.0250988
47.3204316,39.0265444
47.2899391,39.3087578
47.2946168,39.2772031
47.2938225,39.2884443
47.5907881,38.8645809
47.393848,38.9503411
47.2750163,38.9296145
47.2951358,39.2661604
47.2910663,39.3025196
47.4149147,38.9054647
47.4015112,38.9235753
47.2773674,38.9363717
47.2856338,39.3569773
47.3146153,39.0094613
47.2810195,38.9485436
47.3029978,38.9883657
47.2860899,38.8784921
47.286842,38.9543265
47.8423538,38.8747646
47.8586357,38.8620356
47.7847001,38.9492029
47.2119381,38.7662234
47.2122598,38.7684092
47.212656,38.7681948
47.1609774,38.2651471
47.1615548,38.2465856
47.695729,38.6866674
53.7112043,40.0600523
53.718139,40.0301115
53.6982416,40.0779996
53.4762908,40.193276
53.4504751,40.1212797
53.4512658,40.1208168
53.7225667,40.1009935
53.6979545,40.0782997
53.7178944,40.0296876
53.6565676,39.9815501
53.4044288,40.1535583
53.7868004,40.5125328
54.0814249,40.2331421
53.919328,40.0324566
54.4136384,40.3799983
54.405349,40.3463081
54.4619128,40.0308531
54.4254166,40.0608586
54.3877167,40.1073456
54.4613753,40.0310698
54.318956,40.1724564
54.4147788,40.3798333
54.382767,40.1079341
54.2904154,40.4263531
54.4728719,40.0073785
54.4782504,39.9889659
54.3069246,40.193575
54.4203301,40.06488
54.4245931,40.0615064
55.1179709,40.1285177
55.1510556,40.158913
55.1507404,40.1581081
55.1340465,40.1716573
55.1364361,40.1819303
55.1504075,40.1598197
55.1293982,40.17336
55.1372948,40.1732282
55.1508595,40.1591238
55.1295243,40.1735209
55.1516804,40.1586986
55.1512254,40.1597182
55.1506842,40.159408
54.9609715,41.3448707
54.964369,41.4003536
54.9462901,41.395274
54.9771339,41.4504428
54.9604542,41.3461429
54.9436105,41.3944169
54.960002,41.3447451
54.9769723,41.4494519
54.9186893,41.3516768
54.9210275,41.3529745
54.9185091,41.3520722
54.9188287,41.3525063
54.257736,40.8643261
54.2977381,40.8562705
54.3225789,40.8767641
54.3231235,40.8784765
54.3196091,40.8616721
54.3228618,40.8777088
54.2758324,40.8359577
53.944513,40.682194
53.7353213,40.9922356
53.9303312,40.6827838
53.7567301,41.0153391
55.0641507,41.5775944
54.9668766,41.7397923
54.962071,41.7125423
54.2697043,41.8610485
54.3480422,41.899232
54.3567938,41.9030817
54.3587584,41.928383
54.3467933,41.9277749
54.3023851,41.873593
54.0203285,41.7001736
54.0254255,41.712315
54.0425078,41.8949649
54.0158515,41.7010069
54.0422656,41.8956878
54.064324,41.710831
54.0239112,41.6602862
54.7571614,42.2506343
54.1183087,42.0796756
54.1504287,42.363635
53.7034905,39.9407376
53.5740148,39.3849516
53.6557218,39.9803677
53.6567522,39.9799511
53.7032382,39.9417752
53.8381402,39.6435947
53.9058532,39.5636986
53.9110998,39.5585737
53.9109747,39.5580676
53.9061751,39.5633944
53.83846,39.6434113
53.8376856,39.6438525
53.7352364,39.8956763
54.2829789,39.9678104
54.4883254,39.9647507
54.5197568,39.8843458
54.5199206,39.8849624
54.5341091,39.8617803
54.5341746,39.8618942
54.6448154,39.6601691
54.7529973,39.838401
54.6187723,39.7963733
54.6172171,39.729208
54.6313412,39.7029423
54.6258455,39.771978
54.6328569,39.7242583
54.6653587,39.6380192
54.7326576,39.4853919
54.8633224,39.6070537
54.58372,39.7466198
54.608864,39.7822666
54.6324373,39.7587719
54.6527367,39.6661726
54.6602477,39.6637536
54.7395433,39.8408207
54.6638821,39.8229673
54.8613193,39.6044669
54.5994831,39.8284691
54.6248967,39.7167885
54.6068135,39.7881737
54.6325777,39.7752468
54.6328092,39.7446696
54.6264966,39.7683697
54.6096149,39.7127169
54.6122138,39.7917216
54.6147502,39.7423661
54.6225975,39.7206572
54.6235176,39.7189825
54.6290241,39.716152
54.6314593,39.7402168
54.6316762,39.7399519
54.6039634,39.7644098
54.6087016,39.7828562
54.6018331,39.8101728
54.6018921,39.8096502
54.6067317,39.7884251
54.6295721,39.7221223
54.6296123,39.7220675
54.6175466,39.7480168
54.6308846,39.7047864
54.6308582,39.7045016
54.6315025,39.7403053
54.6148265,39.7250015
54.6123431,39.7918257
54.6071016,39.8149828
54.6180169,39.7332598
54.622551,39.7205607
54.6278096,39.7666334
54.6533314,39.7127767
54.6371734,39.7237573
54.6293372,39.7220741
54.5732447,39.7993424
54.7288318,39.466694
54.6019381,39.8097862
54.6017094,39.8095902
54.6021836,39.8104007
54.6490874,39.6635247
54.6146399,39.7436173
54.6322672,39.7826805
54.5789261,39.8189839
54.6009733,39.6480544
54.6346751,39.7784933
54.6329228,39.7814774
54.5832189,39.8180344
54.579117,39.818574
54.5836436,39.8180961
54.6147092,39.7430651
54.6404372,39.7191123
54.6384838,39.7209169
54.6406701,39.7168261
54.6356169,39.7794551
54.6148084,39.7423755
54.6552935,39.6305979
54.6478958,39.6426147
54.6119518,39.7937351
54.7534148,39.8381515
54.6395805,39.7196758
54.6421725,39.7183526
54.5875673,39.7711707
54.6661872,39.826291
54.666696,39.824608
54.6602328,39.6745917
54.65241,39.6664127
54.6111622,39.6422311
54.6097748,39.6406933
54.6095183,39.6386796
54.6331738,39.7436891
54.6682816,39.8252466
54.6665268,39.8254331
54.7215146,39.4818948
54.6291227,39.7163241
54.570578,39.8059193
54.7292641,39.4669682
54.6689968,39.8249587
54.6383479,39.769671
54.8557418,39.9603419
54.6545507,39.6901995
54.576735,39.7431597
54.5881628,39.7712168
53.6161687,39.1550128
54.1088483,39.1994367
54.2598562,39.0022862
54.2443061,39.0476551
54.2462394,39.0537591
54.2601593,39.0118382
54.2456694,39.0515959
54.2463044,39.0549205
54.2615803,39.0038683
54.24586,39.0542856
54.2230702,38.985839
54.295817,39.1940338
54.2676067,38.9990004
54.2215995,38.9860378
54.1926844,39.0976864
54.2282519,38.999888
54.2483271,39.0613387
54.2602627,39.0119871
52.1005042,50.8462935
52.7461748,51.1556924
52.875542,50.9155407
52.8535567,51.1900556
52.7214622,50.7469069
52.8543547,51.1901468
52.8529582,51.189333
52.853482,51.1914629
53.2514583,50.5923772
53.2536974,50.5864372
53.0701843,51.3390553
53.0592122,50.8195706
53.206469,50.6370545
53.2512312,50.5887831
53.2990115,50.7594167
53.4054384,50.5691998
53.2489041,50.5887795
53.2687325,50.5861153
53.2503201,50.609686
53.2374859,50.6368768
53.2084004,50.6370792
53.2234151,50.6443882
53.2229706,50.6441733
53.2077209,50.6354082
53.2519551,50.592058
53.2502734,50.6113957
53.2495457,50.6243504
53.2502142,50.6495581
53.2501538,50.6243928
53.2501566,50.6242108
53.2501736,50.6157531
53.2508962,50.6990506
53.2506131,50.6497103
53.5741984,50.5863916
53.4817527,50.9373905
53.5741368,50.5853637
53.5998075,50.6380323
53.5992445,50.6369106
53.9175783,51.1702542
54.1294919,50.9381554
53.9177089,51.1710039
53.9415255,51.1665236
54.1963527,50.5248392
53.9420011,50.94027
53.9183233,51.1721261
53.8725616,51.2077253
53.9132949,51.2010698
54.4175413,51.1090082
54.3522437,51.8720518
54.1376143,51.5270732
54.1182259,51.5222415
54.0081842,51.6438076
54.0012724,51.5603694
54.1202002,51.5226309
53.8983114,51.2732622
53.8938903,51.2660326
53.8880364,51.2519005
53.8794852,51.2265988
54.0066799,51.6154307
53.8795517,51.2265557
53.9119881,51.2971451
54.0008143,51.560315
54.0208514,51.827042
54.0231285,51.849293
54.0155492,51.7436473
54.0082139,51.6442766
53.9572993,51.4002473
53.6652347,51.4616167
53.4572983,51.5192528
53.4575498,51.5198786
53.446767,51.5099245
53.4468948,51.509394
53.4474918,51.5101639
53.4424686,51.5680084
53.4417764,51.5696363
53.4962543,51.4376235
53.4576754,51.5196582
53.5732595,51.7872354
53.4698323,51.6236901
53.6212829,52.0541544
53.4473934,51.5095525
53.4414232,51.5469128
53.4483372,51.5811431
53.4760257,51.6306387
53.351315,51.3285835
53.3501751,51.3284107
53.3426799,51.292894
53.3507043,51.3268515
53.055441,51.35282
52.841985,51.2456767
52.9794149,51.6069871
52.9647033,51.697707
52.9796005,51.6062439
52.7649629,51.7018625
52.7654382,51.700317
52.8410687,51.2489603
52.7648927,51.6997118
52.7658131,51.7008957
54.0645657,52.1356028
54.0646319,52.1361541
54.0643203,52.135626
53.6575631,52.128099
53.6497316,52.1652078
53.6689988,52.1256074
52.375878,50.488597
52.9963656,49.954657
53.0158224,50.2299657
53.0083976,49.9742961
53.0094291,49.9781232
53.0027691,49.9639664
53.0092348,49.975031
53.1882368,50.1222999
53.4211089,50.3524708
53.2158658,50.1857207
53.2339299,50.1866489
53.2127961,50.2129352
53.2120115,50.2134309
53.2125312,50.2124295
53.2125522,50.2278448
53.2119425,50.190055
53.2322175,50.1821951
53.2291977,50.2072515
53.2287927,50.2077066
53.2439589,50.2307182
53.2439001,50.2320412
53.2643812,50.2182789
53.254018,50.3090618
53.2540042,50.3099479
53.2537855,50.3108204
53.4173673,50.3389462
53.2596984,50.4744428
53.2661069,50.3918234
53.2584314,50.4219362
53.2628105,50.5356638
53.2586711,50.4220052
53.2557113,50.3711453
53.2434867,50.2321314
53.2609523,50.2153629
53.2347527,50.1853178
53.2018185,50.2248627
53.2002544,50.1784426
53.2113833,50.190081
53.2031587,50.1449735
53.1945519,50.0958915
53.2193976,50.2626087
53.2250316,50.2803117
53.2035677,50.238524
53.2066877,50.2349548
53.2066868,50.2353247
53.1928654,50.1223728
53.2272264,50.2797637
53.2240174,50.2902625
53.2349103,50.2203514
53.2182801,50.2412739
53.20145,50.214093
53.1996274,50.1631253
53.1998229,50.1638903
53.1894482,50.1366434
53.1825028,50.0781965
53.1787414,50.0831972
53.1773289,50.0804483
53.2032545,50.1261424
53.1956174,50.1248685
53.2328461,50.3092898
53.2511245,50.2680831
53.2507831,50.2233587
53.2592083,50.2241008
53.2592712,50.2248545
53.2618674,50.2241829
53.2587123,50.2254103
53.3081645,50.2350767
53.4105537,50.3403778
53.1498289,50.5112834
53.0639356,50.3772809
53.061798,50.3777641
53.0625817,50.3768207
53.2329484,50.19696
53.2331039,50.1975941
53.205741,50.1897712
53.2110334,50.1559183
53.2046383,50.1640367
53.1872776,50.1365433
53.1966899,50.1787496
53.1268683,50.1713601
53.1262883,50.1700158
53.1263279,50.1724777
53.1412491,50.3831944
53.1269311,50.1688519
53.0918691,50.1526438
53.0884239,50.06424
53.0855876,50.0619874
53.0630283,50.0205949
53.4207282,50.35226
53.2432033,50.2101135
53.3111192,50.2917281
53.1830479,50.0759215
53.1815638,50.0925297
53.1889249,50.1386608
53.2134186,50.1683326
53.2090194,50.1739026
53.1946004,50.1493239
53.2007378,50.1901848
53.2055048,50.1815278
53.2126467,50.2125384
53.1973056,50.1998526
53.1922143,50.2130933
53.1972748,50.2143219
53.1736955,50.1936578
53.171669,50.1938182
53.1977023,50.2142967
53.2319108,50.1825492
53.2053198,50.2720964
53.2231867,50.288446
53.2235731,50.2877671
53.2251592,50.2902799
53.2073815,50.2777182
53.2077906,50.2773761
53.2184283,50.241075
53.2130242,50.2487301
53.2317138,50.306507
53.2330856,50.3078041
53.2324241,50.3081715
53.237348,50.3075593
53.2485785,50.2481503
53.2403701,50.2066154
53.2388886,50.1959843
53.2641072,50.2446878
53.2422968,50.2108029
53.3212381,50.3009029
53.3214848,50.3002986
53.3214657,50.2993524
53.3231815,50.3044431
53.3916875,50.3248977
53.3957171,50.4259806
53.1422072,49.9853383
53.1787726,50.0812018
53.2117211,50.1911276
53.1262308,50.1711226
53.0168532,50.2343835
53.0169075,50.2333843
53.0175401,50.2353552
53.0196321,50.2315964
53.0904098,50.1528342
53.0914823,50.152502
53.1356891,50.1043562
53.1194974,50.0576133
53.0860482,50.0624308
53.086364,49.950841
53.0965194,49.9700833
53.1030647,49.9534997
53.0995229,49.9476131
53.1094716,49.9480295
53.0958833,49.9718586
53.0960112,49.9704698
53.085598,49.9578597
53.1023692,49.9388981
53.1021674,49.9395706
53.0860089,49.9486384
53.0858998,49.9479417
53.0973603,49.9459057
53.0976381,49.9459965
53.1029102,49.9533719
53.1034939,49.9516955
53.1826488,50.0881433
53.2601852,50.4631865
53.262126,50.4728766
53.2630502,50.5381894
53.2670567,50.3992499
53.2766354,50.2681792
53.3236762,50.296657
53.3951077,50.3254175
53.3905466,50.3261091
53.2601701,50.3780859
53.2644465,50.3863122
53.2583051,50.4262895
53.2588052,50.4427554
53.2681672,50.2212417
53.3401507,50.4585216
53.3397515,50.4460116
53.3291588,50.428191
53.3393648,50.4506784
53.3387936,50.4521503
53.2862612,50.3744554
53.2668299,50.4025369
53.0913704,49.9560425
53.0907404,49.9501235
53.0904781,49.9571603
53.0946427,49.9751294
53.0843225,49.9571322
53.0867099,49.997419
53.1018568,49.9500552
53.2924074,50.2241301
53.1424991,49.9857852
53.1518798,50.067813
53.1186292,50.0576893
53.1130801,50.065295
53.1946258,50.2449164
53.111178,50.0673028
53.212374,50.2276464
53.2131643,50.2266766
53.1074582,50.0799566
53.1181349,50.0846515
53.1990805,50.256531
53.2056765,50.2789182
53.2982524,50.2864103
53.3755028,50.3473665
53.1821905,50.0900607
53.298183,50.2871574
53.2959521,50.3661885
53.1983861,50.1782385
53.1917882,50.1791527
53.3753356,50.3473626
53.2412359,50.4798151
53.2421271,50.4809569
53.2528458,50.4753081
53.1074166,50.0801333
53.4091138,50.1423642
53.1073709,50.133849
53.0539252,50.495671
53.0947387,49.9463232
53.084632,49.9986479
53.1715686,50.1946839
53.250181,50.2236659
53.4185804,50.3314613
53.4157359,50.3443199
53.2630348,50.5453255
53.1955901,50.2482059
53.1919075,50.2126176
53.2121879,50.2283384
53.4103877,50.3508865
53.1867783,50.1185483
53.3244497,50.2990681
53.1939675,50.1510318
53.2627665,50.223343
53.1923143,50.1050025
53.2016734,50.2274475
53.2506317,50.3590961
53.2800337,50.276418
53.1337041,50.4258433
53.2042533,50.1586374
53.2901216,50.3832193
53.1477833,50.3995326
53.1450928,50.3908769
53.2117522,50.1972451
53.21194,50.1972731
53.178729,50.0849166
53.213753,50.1291509
53.1866706,50.5162004
53.2033379,50.2395901
53.1973573,50.2522925
53.2624443,50.5291337
53.3238436,50.308882
53.091259,49.9563685
53.1478604,50.3928551
53.1488532,50.3880043
53.1327109,50.1733335
53.1950241,50.0938594
53.3932509,50.3243772
53.3229408,50.3035382
53.3233483,50.3072907
53.263978,50.2448127
53.323292,50.3038428
53.2119733,50.2465072
53.2866696,50.283692
53.1173723,50.1672304
53.1158102,50.1541532
53.4205757,50.3272243
53.1319186,50.1380921
53.2075982,50.1355712
53.2093112,50.133339
53.2089467,50.1337343
53.0848338,49.9566014
53.1926618,50.0923423
53.18335,50.0963728
53.1899944,50.1034376
53.1567772,50.0912788
53.1781401,50.0854039
53.1588751,50.091121
53.1788936,50.0881691
53.1350065,50.4274247
53.111941,50.1427414
53.1072334,50.1380304
53.1380665,50.1771292
53.4234448,50.013051
53.275066,50.2644497
53.2750991,50.2648492
53.1944845,50.1491686
53.2945412,50.3288869
53.2578837,50.2340568
53.2562089,50.2296411
53.2530292,50.2260925
53.2817883,50.2416182
53.2817019,50.2395427
53.1486137,50.3923996
53.2948528,50.327802
53.2976668,50.321782
53.2732385,50.261881
53.2997414,50.3173222
53.1650859,50.0856149
53.1650596,50.0805964
53.2493253,50.2195148
53.2506094,50.2227636
53.2679072,50.2211278
53.2559429,50.2463108
53.2986575,50.3198286
53.2038575,50.1605656
53.2039774,50.1592964
53.1071501,50.1348932
53.2935687,50.2858782
53.2743446,50.2650877
53.1410333,50.1793033
53.2782188,50.2721522
53.2241807,50.2873791
53.2709222,50.2578512
53.2766801,50.2317169
53.086358,49.9485759
53.0867008,49.9477412
53.203361,50.1604087
53.290206,50.2287948
53.2911707,50.2240472
53.2708431,50.2340421
53.2789441,50.2332349
53.2782072,50.2556679
53.1072043,50.1363661
53.1155462,50.1534787
53.1321799,50.13799
53.2731635,50.2322165
53.1491269,50.5110759
53.1994724,50.2142483
53.293072,50.3308452
53.2779315,50.2323278
53.4052947,50.3341279
53.2930422,50.3304929
53.2939898,50.3295351
53.3823953,50.1662715
53.2529722,50.2084305
53.2833284,50.2387341
53.1647587,50.0805034
53.3826647,50.1660142
53.1171634,50.166482
53.3358956,50.3014671
53.0994368,50.1601115
53.1650947,50.0891723
53.1773508,50.080164
53.1031969,50.0762981
53.1765877,50.0801106
53.1440247,50.1814438
53.4054852,50.3343023
53.2806874,50.2349182
53.1359916,50.1047119
53.1360531,50.1031471
53.2478117,50.217307
53.2234245,50.2880057
53.2316373,50.18213
53.1036001,49.9518724
53.1027293,50.0779591
53.1021951,50.0775691
53.1186142,50.0861579
53.1568019,50.0919897
53.1356885,50.1031532
53.2271378,50.2799374
53.1916912,50.1909584
53.1959043,50.2159793
53.1995087,50.1306219
53.201462,50.1283644
53.1849272,50.0898198
53.1890415,50.1386981
53.1881328,50.1222288
53.1903574,50.1135268
53.1928505,50.1028038
53.1945201,50.0961907
53.2324312,50.1830924
53.1567825,50.0917578
53.192157,50.0944007
53.1904815,50.1013708
53.2801855,50.2528571
53.2953527,50.245681
53.2696543,50.2218285
53.2685216,50.224161
53.4446904,50.3791244
53.2251282,50.2801568
53.2198709,50.2686045
53.2192382,50.2622474
53.2268006,50.2881169
53.2063374,50.234561
53.2118138,50.2461553
53.2132318,50.2491361
53.2792221,50.2533278
53.2594479,50.216472
53.1649676,50.0896112
53.2560367,50.2190852
53.2091342,50.1742425
53.2166451,50.186752
53.2325141,50.1972449
53.2424686,50.2093367
53.2472723,50.2161402
53.240423,50.2065536
53.2219528,50.1900409
53.2092092,50.1740787
53.213895,50.1435258
53.2166152,50.1488415
53.1821504,50.0902143
53.2007333,50.1900392
53.1916873,50.1908204
53.2002439,50.1781429
53.0746716,49.997028
53.2512452,50.3589152
53.2862175,50.3737233
53.06267,50.0202421
53.2691499,50.2215177
53.2010055,50.2040824
53.308836,50.2345962
53.3082926,50.2353159
53.3089368,50.235569
53.496478,50.05819
53.4733095,50.4026228
53.5247804,50.320921
53.5235196,50.3177358
53.5233466,50.3195307
53.5019256,50.4288331
53.4984028,50.263917
53.4692221,50.1908813
53.4653275,50.1879055
53.4687748,50.1849642
53.5657519,50.2924212
53.5028987,50.4318174
53.4868813,50.1167017
53.4932721,50.1178304
53.4957792,50.0560843
53.4963987,50.0570396
53.4882204,50.1142168
53.464569,50.1952443
53.8068526,49.7984381
53.5228857,50.3199201
53.4491061,50.2489929
53.4980899,50.2613222
53.5123147,49.9282107
53.5171851,49.8420744
53.4508907,50.245088
53.451686,50.1258551
53.7577354,50.2479345
53.6067944,50.2735867
53.5679118,50.2926927
53.4354002,50.1136131
53.4948572,50.0588699
53.4889408,50.1202069
53.4329556,50.1163486
53.523304,50.3178109
53.5105402,50.1419373
53.5107375,50.1426223
53.4736316,50.4039568
53.4737893,50.3945913
53.4312831,50.1180354
53.4340199,50.11757
53.4880958,50.1188067
53.5063915,50.1273245
53.4730671,50.4075363
53.6048117,50.2754519
53.4727963,50.403533
54.209518,50.456124
53.9985009,50.2556566
54.0006768,50.2547601
54.0052693,50.2492139
53.9426844,50.265763
53.9425454,50.2654614
52.5617063,49.4765339
52.9825594,49.8803409
52.9836558,49.8780725
52.8856684,49.64781
52.85759,49.6229994
52.8426142,49.5317132
52.8433742,49.5317223
52.9970632,49.7687299
52.9830888,49.8802118
52.9979352,49.7681154
52.9143955,49.699017
52.8198429,49.4171238
52.6638473,49.2981919
52.8194771,49.4177424
52.8193807,49.4182947
52.9336061,49.4872038
52.9343184,49.486418
52.9974471,49.7679112
52.8425049,49.5327592
52.857024,49.6221845
53.3404394,49.4464837
53.4029567,49.472648
53.2754019,49.3107578
53.4654982,49.5034174
53.4869128,49.47463
53.4867603,49.4860791
53.4761826,49.486192
53.50967,49.4632965
53.4797804,49.5124289
53.4863994,49.4860134
53.510683,49.461888
53.5099358,49.4626434
53.5048485,49.4320358
53.5048007,49.433586
53.512524,49.4539626
53.5123761,49.4523092
53.5169164,49.4305732
53.5018517,49.5453713
53.556518,49.3485775
53.4802907,49.5118176
53.4995811,49.5407774
53.5529242,49.2669064
53.5517221,49.2663858
53.5517703,49.2677056
53.5164869,49.5359034
53.5311459,49.2616872
53.5301788,49.2612966
53.5302673,49.2621091
53.5308877,49.2623113
53.5250495,49.2601841
53.5112702,49.2570076
53.5504192,49.3184469
53.5510368,49.3175073
53.5502785,49.3175531
53.5417883,49.3139378
53.5439434,49.3198163
53.5429927,49.3165558
53.4834824,49.5076936
53.5412676,49.3155607
53.5349246,49.3139829
53.5266024,49.3113423
53.5258902,49.3113839
53.5260756,49.31252
53.5266326,49.3122326
53.5176147,49.3095114
53.5166281,49.3100583
53.5178267,49.310236
53.5198635,49.2945632
53.5172799,49.2939133
53.5433112,49.3202056
53.5421112,49.3311619
53.5426224,49.3304518
53.5253099,49.3260961
53.5241663,49.3259594
53.5253442,49.326227
53.5274758,49.296154
53.5270523,49.2972827
53.5276392,49.2978835
53.527432,49.2983458
53.5361982,49.2992792
53.5370304,49.3000977
53.5134097,49.294821
53.5494011,49.3319463
53.5046041,49.2997466
53.4979964,49.2908964
53.4983757,49.2902614
53.4959792,49.2890072
53.4979611,49.2896586
53.4998335,49.2735713
53.4992685,49.2762778
53.5150078,49.2783863
53.5195383,49.2795028
53.5201237,49.2793066
53.5285562,49.2817174
53.528581,49.2813443
53.5283331,49.2881072
53.5291444,49.2828637
53.5421148,49.2793563
53.5393274,49.2634506
53.5293164,49.2784395
53.5305689,49.2626189
53.5164962,49.2596573
53.5002525,49.2688458
53.5004507,49.267299
53.5326578,49.3436469
53.5320195,49.3435155
53.532944,49.3433974
53.5400171,49.3598642
53.5396596,49.3608112
53.5460218,49.3615746
53.5492927,49.333171
53.5296326,49.396333
53.5287113,49.3965323
53.523541,49.3974804
53.5136307,49.411009
53.5231187,49.3982056
53.5053466,49.3906893
53.5077905,49.4122088
53.5112345,49.4218236
53.5189144,49.4158554
53.5000629,49.4142452
53.5554272,49.2587734
53.556027,49.2525841
53.5129774,49.401535
53.5107452,49.411251
53.5105848,49.4108505
53.5088451,49.4312184
53.5069716,49.4318234
53.572463,49.4617416
53.5718,49.4600131
53.5329706,49.4386825
53.5327158,49.4302683
53.5781949,49.4027431
53.5137262,49.2937288
53.4815841,49.4738364
53.4741806,49.4731762
53.7859074,49.4535533
53.5783914,49.2937524
53.512445,49.2931266
53.5201261,49.2709703
53.522871,49.2591183
53.5139107,49.4106887
53.4723243,49.5396169
53.4721433,49.5400129
53.4724276,49.5393994
53.4663193,49.6370893
53.5181588,49.5341979
53.4802127,49.5124757
53.5481874,49.3323367
53.5452136,49.3732016
53.5405945,49.311473
53.5205932,49.2685624
53.5211166,49.2598485
53.5743331,49.3398415
53.5402308,49.2788525
53.5666586,49.2879647
53.5401184,49.3878164
53.5376169,49.4098757
53.5162148,49.2645367
53.51561,49.5324134
53.5026463,49.4138302
53.526145,49.3130216
53.5253522,49.3238332
53.5185654,49.4039207
53.5004467,49.2660476
53.5050478,49.2560944
53.5063722,49.2543798
53.5004616,49.2747814
53.517522,49.4281205
53.5181281,49.8395874
53.4687329,49.768384
53.514092,49.3953528
53.5179066,49.4029863
53.4917864,49.8473762
53.5048185,49.2701127
53.5002069,49.2693859
53.5061885,49.2706763
53.4718483,49.5416065
53.5163644,49.8400176
53.5164866,49.8399372
53.5099806,49.4615318
53.5520235,49.2659776
53.5563972,49.2534271
53.5577962,49.232545
53.5564569,49.252757
53.555981,49.2532178
53.5467566,49.2746641
53.467941,49.5367796
53.5422606,49.3317285
53.5381971,49.3932262
53.5056625,49.4368665
53.5077408,49.447954
53.5204318,49.4297595
53.5154338,49.3981431
53.5327886,49.4318103
53.5725821,49.460819
53.5108659,49.4604557
53.5136943,49.4484816
53.5160671,49.4358245
53.4868932,49.4724054
53.4787874,49.4741236
53.4763908,49.5119505
53.5699742,49.25349
53.4679816,49.5365631
53.5583616,49.2259473
53.4782552,49.3659938
53.5027444,49.2755198
53.529274,49.2783083
53.5172908,49.3065202
53.5080126,49.2761806
53.5115417,49.2770334
53.5502613,49.3027331
53.49939,49.2786074
53.4985185,49.284712
53.5587589,49.2213771
53.5556413,49.2569847
53.5454529,49.3314401
53.5288569,49.3275618
53.5302374,49.3279028
53.5664183,49.288596
53.5562959,49.3484948
53.5420645,49.5144363
53.553456,49.288513
53.5536291,49.2869471
53.5537807,49.2880959
53.5519111,49.302333
53.5523924,49.3027286
53.5515988,49.3032047
53.5541982,49.2764344
53.5541652,49.2768038
53.5659046,49.2906373
53.5612141,49.2897377
53.5698317,49.2916302
53.5573431,49.2887319
53.5574034,49.3333719
53.5595828,49.3065368
53.5584258,49.3196859
53.5572195,49.3354355
53.5605814,49.2950417
53.5246553,49.2598884
53.49936,49.2898958
53.5595767,49.3084835
53.5601994,49.2994068
53.5591351,49.3116865
53.5591107,49.3119637
53.5017854,49.2992312
53.570852,49.2419725
53.5710414,49.2397973
53.4833828,49.8468484
53.5144751,49.2829004
53.5146048,49.2829359
53.5492727,49.3024884
53.5380108,49.3146507
53.542011,49.3157434
53.5093821,49.2923552
53.4741606,49.5073985
53.5520061,49.287122
53.5056497,49.2913216
53.5480668,49.3471337
53.5468972,49.3619909
53.5358502,49.3945906
53.5369346,49.3932105
53.5367045,49.3929514
53.5323119,49.3440273
53.5380833,49.2784348
53.5562092,49.3478756
53.5182567,49.4043364
53.5185096,49.4045428
53.5729525,49.2189766
53.5373754,49.3550077
53.5453315,49.3727096
53.5450606,49.3727787
53.5164417,49.4338544
53.5276441,49.2957393
53.5564211,49.3480137
53.5584951,49.3209934
53.5580785,49.3257899
53.5577544,49.3294398
53.5106788,49.2564456
53.5168708,49.2580333
53.5567025,49.3415534
53.5587295,49.3182571
53.5040086,49.2914187
53.5066845,49.2764675
53.5163777,49.2730783
53.5168434,49.258358
53.5162686,49.2582132
53.5097855,49.2772024
53.4977152,49.2940591
53.5096465,49.2924405
53.5123172,49.2933741
53.5125648,49.3061601
53.498045,49.2941439
53.5148886,49.3082103
53.5153753,49.3077673
53.545263,49.3228007
53.548271,49.3321382
53.6094923,49.3140532
53.5497704,49.2713664
53.4822078,49.513244
53.5493876,49.2864805
53.5445023,49.3202413
53.5489564,49.3304751
53.5548948,49.2881012
53.5149165,49.6383105
53.5184872,49.6338358
53.5143591,49.6298589
53.5376613,49.3046579
53.464117,49.547774
53.5364229,49.299076
53.509363,49.2450345
53.5090699,49.249284
53.5067095,49.254293
53.5112307,49.245273
53.5155766,49.2703179
53.6110006,49.3158626
53.6094897,49.3152713
53.6084871,49.3174958
53.6093826,49.3155243
53.5659687,49.2891948
53.5400467,49.3599198
53.5466069,49.3615942
53.5084891,49.2546021
53.5086047,49.2546645
53.5070789,49.2708904
53.5052649,49.2923293
53.5253165,49.3234774
53.6081966,49.3176876
53.5468924,49.2655674
53.5330375,49.433999
53.5309742,49.4158299
53.5846503,49.2219859
53.5422307,49.33029
53.5284884,49.3963701
53.2218763,48.744905
53.3732416,48.6926366
53.3746323,48.6888938
53.1794829,48.6626412
53.3889641,48.9985377
53.3885252,48.9990736
53.2533669,48.6037444
53.2130765,48.5578729
53.2218262,48.7444226
53.3679927,48.8822331
53.4335904,48.6813962
53.3409363,48.6381017
53.591565,48.8036672
53.5732286,49.2185536
53.4520563,48.8995959
53.434227,48.6824273
53.5597604,49.2147276
53.4343379,48.6822648
53.4538815,48.9026894
53.4533464,48.8987481
52.9974614,48.3271558
53.1522517,48.4512091
53.1498591,48.4402343
53.1738028,48.4760893
53.154279,48.4486562
53.2127457,48.4144475
53.1347804,48.4210827
53.1343433,48.4211705
53.1289221,48.4276711
53.1283875,48.4269598
53.1349892,48.4221622
53.1158392,48.3478199
53.1747357,48.5002506
53.0001625,48.3355961
53.1655837,48.4809048
53.1581459,48.4760161
53.1501368,48.4396383
53.1505842,48.4414903
53.1669586,48.4695476
53.1733944,48.425293
53.1941971,48.3281951
53.2786393,48.1678807
53.1279025,48.4275716
53.158504,48.4648608
53.162122,48.4605213
53.1551576,48.4691488
53.1565704,48.4644888
53.1562674,48.4641223
53.1962038,48.2975575
53.1343504,48.4202378
53.1263301,48.4180846
53.1287596,48.4267261
53.1956318,48.2863962
53.1947274,48.3245961
53.1314619,48.4132783
53.2127889,48.5548549
53.3968751,48.3709359
53.1253886,48.4277676
53.1736074,48.4256642
53.2098265,48.5076126
53.2091694,48.5071304
53.3929128,48.3684746
59.895094,30.3314215
59.9149316,30.3502097
59.9141862,30.3549587
59.9358485,30.2837511
59.7806999,30.3250134
59.8519276,30.2829177
59.8537011,30.3606666
59.8818613,30.4696778
59.9262894,30.4010407
59.9238546,30.3898122
59.9216651,30.3929454
59.9010047,30.4584342
59.9286287,30.4858658
59.9334929,30.2393463
59.9333715,30.2354223
59.9430014,30.411774
59.8779838,30.3488829
59.8525946,30.3641673
59.8456803,30.3167718
59.8865421,30.3733719
59.9468504,30.4066671
59.790611,30.3184788
59.8089631,30.385136
59.8167068,30.3709389
59.9018533,30.2733948
59.875878,30.2575101
59.851749,30.2340213
59.8029729,30.1605612
59.8164893,30.3835932
59.8525556,30.4752046
59.9015718,30.3398972
59.7299171,30.3947686
59.7196771,30.4243402
59.9272658,30.4002684
59.8152076,30.3702887
59.9449543,30.5055534
59.7036849,30.4193303
59.6970146,30.4349425
59.6955964,30.4381876
59.7299097,30.3943511
59.9442667,30.4048704
59.9004284,30.2738186
59.8993539,30.2748765
59.9162129,30.3471528
59.7180238,30.4112352
59.9205361,30.470698
59.9047151,30.2522824
59.928506,30.3476745
59.8864097,30.3735625
59.8839188,30.367409
59.853503,30.3587247
59.8526101,30.3648156
59.858787,30.3917016
59.8595058,30.3922114
59.8586281,30.392598
59.8662043,30.4146308
59.865402,30.4159239
59.8782666,30.3969927
59.8342235,30.4404768
59.7971494,30.6053873
59.8149502,30.3685398
59.8421809,30.4092126
59.8314809,30.5239597
59.9011583,30.458773
59.9067551,30.4824782
59.8546071,30.3697063
59.8503326,30.4804812
59.8115782,30.3818125
59.7951271,30.324801
59.7938161,30.3243463
59.832481,30.2834987
59.8011598,30.1702149
59.8152188,30.3726635
59.7162218,30.4199913
59.7193321,30.4238907
59.9065893,30.4826333
59.7306856,30.6066982
59.8347577,30.2748356
59.8106727,30.3249484
59.8523655,30.4752937
59.9238954,30.3912569
59.8779143,30.4501323
59.8817343,30.4698189
59.8463378,30.4306949
59.7284988,30.3946831
59.9486709,30.4069655
59.8463647,30.4309211
59.8519336,30.4262691
59.810788,30.3234974
59.8229686,30.4452779
59.8251718,30.4445422
59.8527409,30.4797994
59.9380325,30.2939933
59.9368038,30.2890942
59.8180248,30.3809185
59.8334228,30.3694068
59.8076607,30.3244133
59.929334,30.4113634
59.8322278,30.2946437
59.8323269,30.2948122
59.8359194,30.2801437
59.8336619,30.2836615
59.8318954,30.2578385
59.8641326,30.2925014
59.8802471,30.2894538
59.8803409,30.2899867
59.7996533,30.157304
59.8010641,30.1580377
59.7994958,30.156502
59.9156844,30.3511224
59.901821,30.339643
59.8131889,30.3776599
59.9424357,30.3066145
59.8532329,30.2917621
59.8755943,30.2975048
59.8748564,30.4020623
59.85348,30.3641832
59.8301752,30.4431118
59.8085318,30.3234885
59.946381,30.3300919
59.8762174,30.3361693
59.9014997,30.4014232
59.9422254,30.4084433
59.9428492,30.4119272
59.9149269,30.3553196
59.8444567,30.4843976
59.6876511,30.4426596
59.7480343,30.5315015
59.7489424,30.5313988
59.8817221,30.4691122
59.8600389,30.4767622
59.8845479,30.4887235
59.8853665,30.4888719
59.8850783,30.4898128
59.9198126,30.4701448
59.8938368,30.4910493
59.9123082,30.4389427
59.9022958,30.3400764
59.7789414,30.3257606
59.8443799,30.3280624
59.8694817,30.2475905
59.8518741,30.2215362
59.8464867,30.4308274
59.8164741,30.4534615
59.8782434,30.3500419
59.8590472,30.3926634
59.8658202,30.4155402
59.8659373,30.4153561
59.8449685,30.2499533
59.876067,30.350879
59.8652065,30.1831616
59.9281743,30.3475372
59.851785,30.281169
59.8517783,30.2804988
59.8792259,30.3482598
59.8826274,30.3458226
59.8659633,30.3856208
59.8613141,30.3903297
59.8442134,30.24996
59.7909773,30.3168595
59.8172244,30.3694481
59.9153341,30.4324904
59.8099223,30.3839923
59.8520107,30.290794
59.8750627,30.2982704
59.9120053,30.3741255
59.7028676,30.420311
59.7021143,30.4206506
59.7415326,30.31788
59.7408486,30.3197814
59.7454814,30.310608
59.7470983,30.3030189
59.7008263,30.3805699
59.9196936,30.469642
59.9477957,30.28379
59.8614235,30.1796141
59.7170598,30.2807977
59.8519565,30.426498
59.8755935,30.2985988
59.7207985,30.2710095
59.8934799,30.245876
59.8107329,30.3816566
59.9459154,30.5051402
59.8544345,30.3637916
59.7172665,30.2813494
59.719672,30.2754169
59.7200951,30.2737525
59.6969645,30.4345603
59.695565,30.4374792
59.9150667,30.3544605
59.9430307,30.3971839
59.77119,30.5942402
59.9293455,30.3082525
59.9173381,30.3181204
59.9220726,30.3178486
59.9361885,30.435415
59.908441,30.3062249
59.8644529,30.454163
59.86497,30.4536042
59.9086249,30.3185387
59.8912251,30.3199354
59.8922101,30.3192956
59.8759759,30.3203224
59.9160941,30.3179737
59.9168292,30.3181211
59.8532309,30.321119
59.8522034,30.3216292
59.8419485,30.3225799
59.8433676,30.323413
59.8442834,30.3224633
59.8155673,30.3231168
59.9233419,30.3352035
59.9307968,30.3614998
59.9311603,30.3611939
59.9320028,30.3538142
59.9333871,30.342743
59.9319832,30.3530396
59.9332754,30.3426587
59.9267035,30.3173962
59.9457674,30.3302867
59.9462944,30.3297044
59.9303616,30.3665189
59.9239479,30.3876454
59.9273266,30.4039768
59.9287356,30.4111847
59.9241675,30.3874862
59.9290084,30.4116195
59.9332954,30.4352823
59.9334305,30.4352789
59.945135,30.4906447
59.9453896,30.5027031
59.945271,30.490637
59.9454921,30.5026925
59.9218865,30.3319165
59.9370731,30.3117071
59.9339077,30.3048584
59.9342759,30.3041923
59.9369657,30.3126324
59.9377703,30.3124189
59.8520047,30.292746
59.8578329,30.2938495
59.8613491,30.2872072
59.8730385,30.2587982
59.8731212,30.258974
59.8740185,30.2623435
59.8705533,30.4777044
59.8513084,30.2355881
59.8587511,30.2535857
59.8455712,30.2119685
59.845665,30.2124828
59.8463571,30.175462
59.8471708,30.1301382
59.8472967,30.1301199
59.8474711,30.1293015
59.837086,30.3325723
59.8444231,30.3379692
59.8445507,30.3381237
59.8524499,30.3377517
59.9057819,30.3550454
59.8333188,30.3729512
59.8341846,30.3722777
59.8337805,30.2668967
59.8385499,30.2615362
59.9121982,30.3975348
59.8351506,30.2660393
59.8761585,30.4472146
59.8163622,30.3795459
59.8336168,30.2649917
59.9475619,30.2839714
59.9401399,30.3971862
59.8236519,30.4265226
59.9244258,30.4897592
59.856095,30.3616594
59.931195,30.2035944
59.9351123,30.2105827
59.9294156,30.4118052
59.9292065,30.2851576
59.9285471,30.4119769
59.9157358,30.3507218
59.9132602,30.3323772
59.885842,30.3443116
59.8684868,30.2457658
59.941077,30.404903
59.9086885,30.318238
59.8519636,30.1759329
59.8541784,30.1758237
59.9167611,30.3183165
59.8544262,30.3627374
59.8756067,30.4479997
59.8763594,30.451213
59.8806274,30.4465587
59.9364391,30.2881063
59.8274308,30.1894549
59.8781944,30.3980393
59.8788996,30.4550468
59.9043067,30.3375146
59.8519231,30.2677942
59.9148614,30.3506253
59.8654427,30.1832845
59.9219655,30.3317107
59.924907,30.3274529
59.9427191,30.3973545
59.8115098,30.3217585
59.9210451,30.4715027
59.8904142,30.2715889
59.8846105,30.3685717
59.9266095,30.2965115
59.9400266,30.3099574
59.7476509,30.5969299
59.8013092,30.3386203
59.813211,30.3467053
59.7948119,30.2934571
59.7415191,30.4842628
59.7215175,30.5102441
59.7298144,30.5195536
59.7392333,30.53599
59.7459661,30.5359218
59.7424493,30.5397459
59.7325021,30.5267375
59.9342758,30.334601
59.7803813,30.4969349
59.9447066,30.3984449
59.8821024,30.4706625
59.8300929,30.322878
59.8303108,30.3258233
59.8305513,30.3257582
59.8306944,30.3228439
59.8312993,30.3228061
59.7404536,30.5930409
59.7412445,30.6099106
59.7422123,30.5599865
59.7443532,30.5603042
59.8557944,30.2708774
59.7904604,30.1455921
59.9272034,30.4003193
59.9358166,30.2836138
59.9020552,30.4000628
59.7483568,30.5279345
59.7397992,30.5598476
59.9085336,30.3074071
59.8330987,30.1755644
59.8330722,30.1948708
59.85194,30.2562815
59.8329681,30.194759
59.9414776,30.2907859
59.9452197,30.3031704
59.9420771,30.3066475
59.9234771,30.2992127
59.9139643,30.2975818
59.9091271,30.30053
59.9092537,30.2977852
59.9221538,30.2929908
59.7531799,30.3898138
59.9332338,30.2630447
59.9414378,30.290651
59.8513808,30.2375738
59.9085522,30.3062374
59.8446937,30.2504569
59.8801799,30.2906678
59.9085933,30.2977433
59.9086489,30.3004946
59.9087317,30.2959521
59.9090369,30.3074427
59.9091249,30.3006993
59.9097855,30.3224813
59.9084093,30.318538
59.9086433,30.3211295
59.7307756,30.6067958
59.8415015,30.2830304
59.9251452,30.2902996
59.9265278,30.296337
59.7337833,30.3942624
59.936093,30.2881835
59.9384677,30.2807227
59.7857834,30.3253764
59.7828391,30.3255336
59.8611664,30.4511202
59.8757434,30.4449223
59.8732982,30.4370402
59.7463735,30.5012938
59.7308737,30.6119934
59.8226109,30.3232864
59.827132,30.3224213
59.796125,30.3247289
59.9153982,30.3747538
59.9285852,30.37153
59.9304841,30.3655407
59.9337046,30.3626909
59.9319696,30.3676944
59.9380213,30.2328072
59.9436699,30.3710987
59.9420825,30.3819763
59.9222366,30.3917424
59.9189241,30.3943429
59.9457066,30.3269572
59.8531566,30.3609582
59.942513,30.3969867
59.8541517,30.3603629
59.82007,30.1810078
59.8759216,30.3258363
59.7966665,30.1527552
59.9416496,30.4656702
59.9174837,30.4004606
59.7485665,30.5342669
59.9478004,30.4358029
59.9429165,30.3957116
59.8928179,30.3195571
59.9161408,30.3181689
59.7780532,30.6488603
59.7746935,30.6554519
59.7778445,30.6481703
59.7742986,30.6640475
59.7527088,30.3902885
59.8304982,30.3432897
59.9479471,30.1964925
59.7367214,30.5589694
59.8210551,30.1820038
59.8209507,30.1815796
59.9360483,30.3479767
59.7371447,30.5598516
59.9381398,30.233241
59.9376162,30.2337355
59.9342265,30.3349982
59.9342058,30.3351647
59.941316,30.3354047
59.9060464,30.2761218
59.9226915,30.3079537
59.9226246,30.3080548
59.7375841,30.5549677
59.9427943,30.3980877
59.9368686,30.3731674
59.7808856,30.1342845
59.9209886,30.2869192
59.9426625,30.2312187
59.9433249,30.2613605
59.7359145,30.6420545
59.9131044,30.4765576
59.700585,30.3882441
59.7683824,30.3473446
59.9338141,30.4355207
59.9452788,30.2861634
59.9423019,30.2760492
59.9424492,30.276085
59.7359801,30.5200607
59.908912,30.2640014
59.908828,30.2751001
59.9088203,30.2748786
59.9159409,30.3074145
59.830078,30.3456111
59.9167528,30.2794879
59.7462619,30.502317
59.7499568,30.5624512
59.897526,30.4448886
59.9444276,30.3977886
59.7414815,30.581218
59.8892744,30.344831
59.8966561,30.3559906
59.935748,30.3640331
59.9360843,30.34821
59.9903291,30.185971
59.9524308,30.2903581
59.9541055,30.3474367
59.9983779,30.3624652
60.1059775,30.2470156
59.9721669,30.3350363
60.0788317,30.1878932
60.0513116,30.3815052
59.9882995,30.4667824
60.0063789,30.2728116
59.9534796,30.4149345
59.9531792,30.4369238
59.9777006,30.3930707
59.9866293,30.3573954
59.9979097,30.2339664
60.0500073,30.3781311
60.0353493,30.4203388
60.0170093,30.4320183
59.9589134,30.4063801
59.9863266,30.3016226
60.0028664,30.2981515
60.0038426,30.3284943
60.0033455,30.3288654
60.0308838,30.3913583
59.9494392,30.3047664
59.9659468,30.3123791
59.9562043,30.3732372
59.986326,30.4588468
60.05794,30.383876
60.0382596,30.4423392
59.988638,30.4788342
59.9797169,30.3230569
59.9983585,30.3651725
60.1241699,30.1606068
60.0991938,30.2787423
59.9893907,30.4519258
59.9776812,30.3196774
60.0447917,30.3750221
59.9946513,30.3790213
59.9960862,30.1152534
60.1003774,30.2638386
60.0224531,30.4068459
60.0355909,30.4201845
60.0150714,30.4333491
60.0477536,30.4050774
60.0068588,30.2121614
59.9820504,30.3103238
59.9559053,30.2219999
59.9672481,30.3380075
60.0172947,30.2789977
60.023409,30.2814095
60.0320552,30.3650927
60.0359896,30.3671655
60.0258407,30.4103782
59.9657489,30.3372984
59.969977,30.3365856
60.0271907,30.3878263
60.0236606,30.4181743
60.0220165,30.427712
60.0247056,30.4321333
60.033157,30.4320943
60.038693,30.4326724
60.040122,30.432527
59.9851307,30.341818
59.9880839,30.4865476
60.0675606,30.3059009
60.0528064,30.3811478
60.0398681,30.3991811
59.9587723,30.4776149
59.9852893,30.2308195
60.0223215,30.4073474
59.9749665,30.4154204
59.9850173,30.3422505
60.0077227,30.4349784
59.9557692,30.4668366
60.0005489,30.2985577
60.0166112,30.2493372
59.985497,30.3647081
60.0135108,30.4328119
60.0388462,30.4416885
60.0389548,30.4323501
59.9958229,30.4378862
59.9903374,30.4829824
59.94591,30.2144421
60.0372533,30.4390857
59.9948646,30.3995407
60.056102,30.3847754
60.0305732,30.327371
60.0375561,30.4400595
59.9978696,30.1057029
59.9671562,30.3373556
60.0578832,30.3395706
60.053833,30.3845909
60.0343652,30.4391919
60.0389796,30.4437443
60.0307372,30.3335721
59.9553233,30.2359619
59.947624,30.2561753
59.9943956,30.4164702
59.9899138,30.4504207
59.9782228,30.5058756
60.0017519,30.308914
59.9586864,30.4641148
59.9600084,30.4374427
59.9837966,30.2992137
60.0016205,30.3078341
59.9527713,30.289542
59.9553157,30.355062
59.9597902,30.3539485
59.957574,30.4034194
59.9547963,30.3746616
60.0061726,30.2727061
60.0012042,30.2557657
60.0974032,30.2617951
59.9853214,30.5162889
60.0037966,30.4353757
59.9684277,30.3376791
59.9980101,30.3625197
60.001752,30.3067696
60.0471887,30.4051092
60.0209658,30.2641582
60.0173407,30.4616184
60.0604605,30.3414858
60.0436337,30.3731348
59.9894432,30.4498714
60.0529296,30.2271555
59.9496346,30.3488594
60.0136743,30.294383
60.0010792,30.2554558
60.0666143,30.2987044
60.0618696,30.1573838
60.0625225,30.1600346
60.0596358,30.1382189
60.0552865,30.1455611
60.0591855,30.1364585
60.0606725,30.1440927
60.0630042,30.1482585
60.0158375,30.2900817
59.9997736,30.288277
59.9838551,30.3337682
60.0193342,30.456614
60.0144144,30.4573758
59.9836748,30.284519
59.9756917,30.3177779
60.0305529,30.3269416
60.0046408,30.3307159
60.0107209,30.2750927
60.0157242,30.4313428
59.9809024,30.3257281
59.9846341,30.2332984
59.9532911,30.3529322
59.9573707,30.4037773
60.06727,30.3031374
60.0645536,30.2932872
60.0658129,30.2992715
59.988497,30.2309765
60.00752,30.2336328
60.0016537,30.3075702
60.0107003,30.3469028
59.9756012,30.4098315
59.9718041,30.3818103
59.9739254,30.3778861
59.976801,30.368109
60.0043537,30.2290652
59.9543246,30.3448085
59.9930306,30.4272827
59.9538308,30.3498527
59.976571,30.3224394
60.0578629,30.3862535
59.9459935,30.2141508
60.0527478,30.2269834
60.0240987,30.2761581
60.0187259,30.3670738
60.1135505,30.238199
59.984475,30.3352271
60.0208722,30.320758
60.0294113,30.3197764
60.0300873,30.3197184
60.0303435,30.3201661
60.043882,30.3284902
60.0570684,30.3383971
60.0439591,30.328086
60.0567688,30.3375894
60.0340141,30.3207301
60.0436602,30.3154592
60.0661851,30.2997151
60.0437105,30.3150981
60.0661058,30.2994345
60.0191554,30.2130481
60.0582248,30.1314389
60.0021306,30.2330577
60.0021301,30.234913
60.0985604,30.2525613
60.0569586,30.3379198
59.9515346,30.3252704
59.9531806,30.323881
59.9644883,30.3127846
59.9657816,30.3120846
59.968037,30.3095233
59.9656349,30.3118413
59.9768475,30.3019909
59.9838013,30.3006877
59.9841451,30.3008619
59.9864511,30.3030273
59.9884249,30.3337695
59.9761642,30.318166
59.9805944,30.3263956
59.9809421,30.3268704
59.9893897,30.3008312
59.9897245,30.3015188
59.9943965,30.3293797
59.9844524,30.2362543
60.0473326,30.1504871
59.9624928,30.21674
60.0423329,30.4276395
59.9844776,30.5155405
59.9857704,30.5186777
59.9945744,30.1330063
59.9542869,30.4603656
59.9538147,30.3500567
59.9474618,30.2855319
59.9823967,30.5070253
59.9568871,30.3726041
60.0496951,30.3787937
60.0421149,30.3717824
59.9981549,30.0938599
59.9646898,30.4719192
59.9534755,30.3497445
59.954133,30.2860704
60.0226675,30.431477
60.0557663,30.1154713
59.9556014,30.3429537
60.0510171,30.1485254
60.0578734,30.1296541
60.0586312,30.1336044
59.9892693,30.4309847
59.9914018,30.4351587
59.9921879,30.4306844
59.9928365,30.4280845
60.0587191,30.3062572
59.9562373,30.3733675
59.9494875,30.3462514
59.9500348,30.3528965
59.996077,30.380476
60.0537983,30.3823778
59.9812168,30.3766708
59.9532209,30.4543572
59.9603623,30.2329193
59.9617419,30.2293028
59.9501178,30.3489596
59.9581135,30.339091
59.990549,30.190301
59.9581185,30.4643992
60.0236365,30.2797148
59.9487674,30.2803575
60.0028486,30.2329278
60.0319308,30.357976
59.9482143,30.2826632
59.9593496,30.4070699
59.9589719,30.4073941
59.9592325,30.4157188
59.9620784,30.460303
59.9913145,30.4328654
60.1063763,30.2466422
60.0881079,30.363567
60.0024464,30.3185579
60.0688557,30.1373091
59.9612733,30.2720806
59.9542434,30.2862859
59.9615043,30.2803113
59.9530906,30.2663282
60.0476644,30.4054946
59.9518045,30.2652956
59.955093,30.2427326
59.9540081,30.34991
59.9540074,30.2660221
59.9550032,30.2403361
59.9903923,30.1665259
59.9578464,30.3351689
59.9676941,30.3326089
60.0215789,30.4065359
59.9618537,30.488841
59.9462657,30.2716299
59.9864746,30.3575594
59.9698564,30.3858295
59.9631208,30.4086122
60.113522,30.2402158
59.9952534,30.2554588
59.9844827,30.3353021
59.9578364,30.3350403
59.9518537,30.2649915
59.9854383,30.2276621
60.0473125,30.4047288
60.0654902,30.3185989
60.0167863,30.432946
59.9872934,30.2153429
59.9917333,30.218558
59.990167,30.1678024
59.9651524,30.4689353
59.9622077,30.4604676
59.9652043,30.4690024
59.9843031,30.3352912
60.0364736,30.4214716
59.9530833,30.4482531
60.1137565,30.2397701
59.9905736,30.3476303
60.0239165,30.2130216
59.9889985,30.3402015
59.9980765,30.3296955
60.0037375,30.3273641
60.0031181,30.3277935
59.9981562,30.3298642
59.9949054,30.3311633
60.0030218,30.3275927
60.0189124,30.2135467
60.0201745,30.2167189
60.0208529,30.3205809
59.9698754,30.3489099
59.946945,30.3324553
59.9865954,30.2310864
60.0039797,30.2353272
60.0035525,30.2353166
60.1068676,30.2460102
59.9594164,30.2339337
60.1135606,30.2399549
59.9530641,30.4369022
59.9757299,30.3246287
60.0131328,30.397741
60.0131082,30.3978497
59.9572457,30.3555648
59.9493905,30.3007179
59.9494126,30.3014861
60.0738793,30.1788279
60.0355784,30.2473361
59.9558298,30.3512876
60.1064086,30.24742
59.9698203,30.3860538
59.9939058,30.3594494
59.9533478,30.4564124
59.9480738,30.1964153
60.0039624,30.4342057
59.9579059,30.3346269
59.9599274,30.3454771
59.9580702,30.3527089
59.9581722,30.352786
59.9590717,30.3452763
59.9969957,30.3241948
59.828879,30.0720036
59.89553,29.7934893
59.9098083,29.7755149
59.9076347,29.7854889
59.870623,29.8247889
59.8694851,29.8240741
59.8699338,29.8242291
59.8706067,29.8331883
59.9023236,29.817441
59.7770205,30.0843482
59.9142965,29.7651854
59.907687,29.7741472
59.909735,29.7758575
59.9231004,29.6676959
59.9231147,29.666109
59.8160013,30.0803038
59.8163849,30.0735942
59.9017797,29.8186679
59.9109531,29.7616522
59.8999989,29.7768329
59.9001679,29.7769866
59.9110048,29.7611956
59.8699303,29.8444073
59.9186542,29.6629609
59.8161386,30.070368
59.8150214,30.0913743
59.9229639,29.6681501
59.8622907,29.8075428
59.8621685,29.7974525
59.8290785,30.0714244
59.8701313,29.8240969
59.898722,29.7828502
59.7177288,30.0804569
59.872341,29.9619568
59.851682,30.0666063
59.8527923,30.0904612
59.818376,30.074477
59.8958855,29.774709
59.8972035,29.7759111
59.8987043,29.7771408
59.8998752,29.778368
59.9014989,29.7796946
59.9077145,29.7851438
59.9018322,29.769756
59.7164041,30.0444034
59.8665742,29.8172984
59.8167374,30.0750317
59.7239527,30.0780745
59.7240424,30.0799326
59.8967384,29.7753477
59.8950684,29.7739546
59.893783,29.7726129
59.8832393,29.8886437
59.7298899,30.0568283
59.8939605,29.772786
59.7182654,30.052673
59.7176072,30.0476744
59.7301635,30.0515827
59.9132834,29.7828556
59.9133675,29.7827933
59.8425574,30.0911221
60.1223883,29.9770507
60.1415976,29.986308
60.1515758,29.9752663
60.1866829,29.7966469
60.1397503,29.9881788
60.1329451,29.9875828
60.104008,29.9766976
60.1924448,29.6790815
60.0384923,29.9766511
60.0370298,29.9773175
60.0851253,29.9565292
60.1600115,29.9329474
60.0395908,29.9988023
60.0852068,29.955888
60.1407165,29.9880384
60.092926,29.9758875
60.1247402,29.9805335
60.1526897,29.9686854
60.0376933,29.9773662
60.1569906,29.9740878
60.1572115,29.9463318
60.017036,29.7241159
60.1992832,29.5478628
60.1985564,29.5472758
60.2144675,29.7318213
60.011391,29.7160016
60.0388367,29.9972717
60.0329756,29.9854257
60.1991464,29.5531031
60.0241199,29.819451
60.0250426,29.8238726
60.0267232,29.8436177
60.1717446,29.8719237
60.1494695,29.9835605
60.1318877,30.0623933
60.1457023,29.9817007
60.1923819,29.701425
60.156704,29.9488917
60.1588066,29.9382109
60.0068191,30.0383527
60.1835304,29.8113278
60.1845895,29.806889
60.1855289,29.8014507
60.1717458,29.8728845
60.165376,29.9053692
60.1665303,29.8983764
60.2029607,29.7052108
60.157573,29.9738861
60.0869557,29.9542176
60.0873465,29.954044
60.0898034,29.9547099
60.0900817,29.9546996
60.091115,29.9553495
60.0925791,29.9561091
60.1753897,29.8546526
60.1772874,29.8489121
60.1575922,29.9740757
60.1367187,30.0511251
60.1355705,30.0555622
60.0272486,29.8492386
60.0395393,29.9705121
60.2020131,29.716762
59.9943854,29.7640058
59.9937652,29.7636029
59.9922525,29.762217
59.9922306,29.7623142
59.9912257,29.7613559
59.9905889,29.7609356
60.1924911,29.6801605
60.0132656,29.7207239
60.0850296,29.9559441
50.1432268,48.5969617
50.8279977,47.5666338
51.3392593,48.2362649
51.3645122,48.2657472
51.3650104,48.2664413
51.3653239,48.2681299
51.3651797,48.2672283
51.264069,48.7811731
51.3398057,48.2375861
51.7589074,48.5522285
51.7591109,48.5518812
52.016623,48.7404799
52.0398518,48.7858482
51.9864048,48.7024896
52.2756069,49.1381436
52.0282589,48.7988363
52.0297235,48.7937942
52.029464,48.7943287
52.0303353,48.7936362
51.2636919,48.7818572
51.2384991,49.7468838
51.2387724,49.7476106
51.238485,49.7476461
51.2210034,49.6828306
51.2300868,47.0535742
51.9745967,47.8216012
51.9446666,47.8064811
52.0966639,47.7276443
52.0066818,47.8237071
52.0102904,47.7800669
52.0173596,47.8168608
52.0164665,47.8421649
51.9999828,47.8113003
52.0115655,47.7924385
51.9961883,47.8023272
52.006923,47.7861967
52.0040639,47.7892107
52.0131017,47.7905767
52.0153659,47.825245
52.0212577,47.8496065
52.0459358,47.843857
52.0236624,47.8288438
52.0289544,47.8388017
52.0266075,47.782742
52.0190298,47.770811
52.0341492,47.7676181
52.0437576,47.768306
52.0101948,47.7817793
52.0373029,47.7787358
52.0599808,47.9400183
52.0596598,47.9390244
52.0318315,47.7683065
52.0425167,47.7848199
51.9963738,47.8036465
52.0409382,47.7698857
52.0108822,47.7779994
52.0106436,47.7807103
52.0265378,47.7796183
52.042965,47.7688601
52.0253043,47.831977
52.026448,47.8341646
52.0248511,47.8444117
52.0239984,47.845894
52.0328717,47.8334267
52.0324854,47.7674525
52.0303897,47.8368265
52.0115539,47.7919929
52.0304802,47.8370064
52.1086986,47.3858113
52.0749994,47.3852371
52.0747248,47.3857219
52.0234857,47.8290586
52.0001645,47.8108493
52.0180227,47.8184548
52.0111924,47.7774147
52.0464393,47.3870982
52.0080353,47.8262953
52.0128214,47.7905318
52.0373958,47.7787563
52.0059298,47.7952948
52.0461901,47.3866302
52.0354427,47.7944292
52.0222165,47.8170952
52.0247439,47.8127147
52.0295964,47.8379323
52.0473223,47.8461218
52.014247,47.8383642
52.045464,47.3878876
52.0309584,47.8363491
52.0107886,47.777393
52.0264828,47.7827385
52.0181588,47.8224677
52.021167,47.8185247
52.0962044,47.7279999
52.4970502,48.0902217
50.9496767,46.9809705
51.3722329,46.2833177
51.2314204,47.0464798
51.8219501,46.9325297
51.6970279,46.7264661
51.9997011,46.6772335
52.1611463,47.0507963
52.112795,47.3071735
52.1091632,47.3775423
52.1104227,47.3763446
52.1069487,47.3819185
52.112288,47.3083612
52.1148428,47.3059305
52.116142,47.3067495
52.143675,46.9135525
52.1599304,47.0578545
52.1594991,47.0593623
52.159998,47.0515757
52.127523,46.941708
52.1421185,46.9189927
52.1092064,47.3767728
50.7662243,46.0904432
50.7139067,45.9521732
51.5091081,45.9722214
51.5265388,46.2759731
51.5577628,46.0651182
51.5088696,45.97309
51.5311294,46.0052338
51.5330018,45.9883866
51.5612237,46.0286976
51.5625953,46.0310192
51.5493832,46.0069121
51.5309297,45.9838477
51.5248723,46.0318455
51.5297887,46.0540008
51.532247,46.0592796
51.5299724,46.0624039
51.5339839,45.9965662
51.5377531,46.0173618
51.5435449,46.0355026
51.5017105,46.1191712
51.5672117,45.9987762
51.5555766,46.0418964
51.4853343,46.1311767
51.5696747,46.4229965
51.5239142,45.9924434
51.5649315,45.9897688
51.5659364,46.2614733
51.5654254,46.2652918
51.5137394,46.2328026
51.4855375,46.1265043
51.5558675,46.0000009
51.4849636,46.1310429
51.5460632,46.0144884
51.5555512,46.0400793
51.5596233,46.0644432
51.5089055,45.9723645
51.5331719,46.0085645
51.546213,46.0156463
51.5227938,46.0305728
51.4821793,46.13639
51.4845067,46.1247838
51.4981746,46.1155652
51.3734129,46.2771113
51.3729003,46.2797629
51.4929096,46.1461842
51.485773,46.1573945
51.4853552,46.1266568
51.3735702,46.2782115
51.37299,46.2785974
51.4889073,46.121944
51.5276981,46.2818839
51.5292418,46.2824874
51.5269192,46.2774295
51.5262066,46.2818037
51.4853309,46.1268249
51.4857958,46.15673
51.4854487,46.1571085
51.4523948,46.1430289
51.5654048,46.2643133
51.5056915,46.0779922
51.5839672,46.3200703
51.4861757,46.1030871
51.5677833,45.9980681
51.5494321,46.0071598
51.3735091,46.2790289
51.4961785,46.0929204
51.4806991,46.1280546
51.4523784,46.1429215
51.5638358,46.0240608
51.5688318,46.0019314
51.5402298,46.0060741
51.5599638,46.0632982
51.4958783,46.0920001
51.5672221,46.0634932
51.509865,46.2108766
51.4895707,46.1225081
51.4892909,46.1226423
51.523005,46.0306953
51.5674287,46.0644337
51.4857981,46.1567584
51.6159535,46.176363
51.5747442,46.0253652
51.5795363,45.9715932
51.5818519,45.9737997
51.5816717,45.973229
51.6688887,45.9983288
51.6094621,45.9994035
51.611751,45.9816288
51.6095122,46.002466
51.6096155,45.9857671
51.5805151,45.9717384
51.668955,45.9995249
51.668575,45.9994217
51.6087859,46.0098858
51.580123,45.9714214
51.7596861,45.977279
51.6729519,46.0003958
51.5798817,45.9708273
51.7752072,46.0961069
51.7737877,46.0880099
51.611521,46.168979
51.6133709,46.1733692
51.6054267,46.1567545
51.6060137,46.1570409
51.5860781,46.0269106
51.6144772,45.9718382
51.6094744,46.0292816
51.6545648,46.0596712
51.6349197,45.9828018
51.6114153,45.9812847
51.6091247,46.0097154
51.6090712,46.0175582
51.5809275,45.9770424
51.6146841,45.9712218
51.6684973,46.0003123
51.6094469,45.99999
51.6093397,46.0087586
51.8305549,46.4298535
51.819591,46.3576366
51.8247977,46.2989584
51.8254639,46.2915633
51.6096384,45.9934794
51.8302525,46.4176538
51.669005,45.9996308
51.6552942,46.0563585
51.8303728,46.4216745
51.6095016,46.0029212
51.7252825,46.1911895
51.7958076,46.1707961
51.7264187,46.190401
51.7153748,46.1936467
51.7164666,46.1938596
51.6091875,46.0287265
51.612161,45.979415
51.6554827,46.0587444
51.797867,46.1798651
51.7158547,46.1936937
51.7202838,46.1746138
51.7426806,46.0474236
51.830467,46.4220708
51.7319981,46.0337806
51.7122056,46.0212953
51.6545839,46.0572871
51.673028,46.0005847
51.6095487,46.0290857
51.6139009,46.0294452
51.613683,46.0297252
52.3179415,46.4008861
51.4073895,45.7001149
51.5055504,45.9509044
51.4895929,45.9304842
51.4953974,45.9302396
51.4921942,45.9305672
51.5051421,45.9506493
51.5075897,45.9502238
51.5198501,45.6351772
51.5037753,45.9671531
51.4769305,45.930026
51.4920648,45.9178726
51.4917648,45.9177959
51.5055262,45.9502712
51.4895964,45.9302783
51.188476,45.5127022
51.4891786,45.8034742
51.4916208,45.8159348
51.4908082,45.8144271
51.4921911,45.8152448
51.4906475,45.8206684
51.4915705,45.8126623
51.4886935,45.8705541
51.5140768,45.8092022
51.5131679,45.8092789
51.543821,45.8985132
51.5437481,45.8986578
51.6473703,45.8263013
51.5862976,45.9660263
51.6082091,45.9085597
51.611484,45.896733
51.5893104,45.9070437
51.591789,45.956782
51.6078398,45.9069491
51.6087547,45.9072014
51.6081093,45.9069151
51.6447034,45.8194655
51.5810338,45.9696066
51.6602747,45.5787965
51.6799666,45.5987334
51.7981178,45.7744118
51.8071113,45.7914517
51.8051904,45.8026063
51.5848364,45.9685088
51.5857875,45.966873
51.5863052,45.9670978
51.6063616,45.7697776
51.6041992,45.7730172
51.7520804,45.7468924
51.645663,45.3760973
51.6161285,45.8813678
51.6064409,45.7749049
51.6465753,45.8242186
51.6433557,45.8296419
51.6155853,45.8813446
51.8596293,44.9692629
51.4802755,43.9542728
51.4864545,43.9423605
51.483647,44.4719577
51.4859909,44.4601474
51.4886536,43.9285233
52.2860767,43.8134926
51.4999562,43.2946703
51.509248,43.6083775
51.5078277,43.280113
51.5134981,43.264825
51.5006022,43.2936214
51.5517659,43.2219774
51.5516678,43.2216067
51.5517564,43.2224487
51.9277491,43.5355224
51.910876,43.52391
52.2429818,43.7666842
52.2600882,43.7854937
52.2629793,43.7685357
51.5443999,43.1775823
51.5355438,43.1599758
51.4317871,42.8114716
51.5042111,43.123651
53.5708216,142.9247606
46.6215746,142.7720068
46.62178,142.7734386
46.6220137,142.7723866
46.9650536,142.7393499
46.950199,142.7421341
46.935231,142.745117
46.9261633,142.7542345
46.9515522,142.7580471
46.9515916,142.7571383
46.8872716,142.7470823
46.6336209,142.916235
46.6268788,142.7729831
46.6439337,142.7633374
46.9254179,142.7470396
46.8862742,142.7475937
46.9109931,142.7473084
46.9117303,142.7472902
47.3250362,142.7925345
49.2090963,143.0843485
50.8315552,142.658124
50.7345651,142.6839779
46.6205078,142.7590444
46.9442354,142.6761084
46.7874636,142.5137883
46.9583441,142.7296789
46.9337191,142.7286899
46.8869638,142.7251279
46.7438743,142.113861
46.9839514,142.7182123
46.9742064,142.7252875
47.0122351,142.7365062
46.8911169,142.7451172
46.934023,142.7340865
47.0143123,142.2616305
46.7828008,142.4825109
46.9400472,142.7332695
46.7871528,142.5142223
46.71508,142.5304857
47.0144511,142.2618861
46.9336692,142.7341533
47.004024,142.7166151
46.9080272,142.73799
46.9091407,142.7382703
46.9087267,142.7383804
46.9096467,142.7377253
47.0023968,142.7159019
46.9927993,142.7169076
46.8869148,142.7296437
46.8870773,142.7285956
46.9090482,142.7361241
46.9834417,142.7184771
46.9833078,142.7185124
47.9832587,142.2083147
49.1472609,142.098316
50.9081893,142.1761694
50.9078531,142.1756385
46.7134784,141.8840997
46.7436421,142.112705
47.0428697,142.0405434
47.044674,142.0457268
47.0421308,142.0400938
47.0459817,142.0444865
47.0469614,142.0425853
47.4393879,141.9754687
56.3709535,58.568726
56.3189547,58.2473655
56.407901,58.4592576
56.444229,58.1631299
56.3703401,58.5671247
56.3697937,58.5656707
56.408088,58.4574648
56.7875298,58.5497899
56.8100911,58.7323888
56.7935208,58.4574068
56.7773998,58.2559479
56.7802551,57.9559387
56.8100408,58.7322376
56.7966788,58.6686622
56.7873492,58.5497098
56.7716437,58.1074071
58.5631125,59.4682917
58.5639625,59.4672476
58.5641132,59.4680986
57.0213932,59.5304722
56.8259639,59.1583894
56.8004411,59.4699345
56.8325416,59.0303966
56.7338724,59.4316247
56.6620543,59.2993281
56.6771266,59.2951399
56.7989685,59.4639415
56.676208,59.3359054
56.7958388,59.4086245
56.8053625,59.4837625
56.7335776,59.430542
56.8263559,59.1584801
56.8295622,59.0258535
56.8088173,59.367344
56.7966453,59.4391378
56.7977845,59.4565704
56.8179069,59.564009
56.835373,58.9206629
56.8294685,59.0537221
56.473504,59.1164778
60.1679949,59.9551057
59.9367999,60.0275925
59.8638194,60.0121923
59.8948108,60.0194507
59.7874457,59.9924308
59.6665569,60.2439517
59.7666784,60.0405756
59.7556297,60.0570652
59.7577198,60.0472505
59.7608841,60.2225795
59.7559287,60.0570577
59.7542846,60.0570991
59.6673713,60.2375614
59.7548489,60.0584021
59.7622791,60.0329405
59.7539875,60.064171
59.7630487,60.0343482
59.7658531,60.2297546
59.6688919,60.1815081
58.7552393,59.7158551
58.638626,59.8224128
58.6293835,59.818253
58.6035657,59.9508809
58.6258124,59.7764771
58.6279909,59.7977911
58.6311705,59.8052306
58.6255222,59.7638735
58.6325179,59.7586977
58.6322154,59.7604698
58.6363809,59.8055199
58.6368911,59.806374
58.6363362,59.8061713
58.6262976,59.864391
58.6321969,59.7966019
58.6286891,59.7945825
58.6393822,59.8029597
58.639556,59.8024088
58.6383153,59.7782679
58.6329256,59.7729609
58.6255619,59.7636606
58.634966,59.798176
58.6302388,59.7668679
58.6257813,59.7763771
58.7251801,59.4937602
58.6942867,59.4693908
58.7546308,59.7212354
58.7707392,59.5619412
58.6049177,59.9515011
58.6328747,59.8111227
58.6293709,59.8016778
58.6218546,59.7610567
58.7527978,59.7227055
58.6484289,59.8212131
58.6939335,59.4695724
58.6399944,59.8030125
58.678964,59.4884877
58.6360611,59.7694448
58.6367373,59.8057015
58.6315424,59.761868
58.6294687,59.7700591
58.6327231,59.8113301
58.6329941,59.8114112
58.6342344,59.8093443
58.633738,59.8100513
58.6339112,59.7631017
58.6314761,59.7618047
58.6938827,59.4694759
58.6299317,59.7684613
58.6297797,59.7687847
58.6356969,59.7875876
58.6329623,59.7729163
58.6350014,59.7982037
58.6238937,59.7725047
58.2515471,59.8608305
58.3623784,59.8859275
58.3658956,59.8944314
58.3560888,60.039361
58.2516067,59.860851
58.3655791,59.8850706
58.3645592,59.8768008
58.3658651,59.8940113
58.4275341,59.8713321
58.4326365,59.8708944
58.3750245,60.008961
58.2468587,59.8604547
58.3260479,60.0842877
58.2862185,59.7738983
57.8855064,60.0166267
58.1104861,59.8776018
57.9021689,60.0117442
57.900342,60.0029288
57.919396,60.0592472
57.9205168,59.9669719
57.8700034,59.9400103
57.9241576,59.8546851
57.8416645,59.9232529
57.8707934,59.9569741
57.8713903,59.9408088
57.8423959,59.9274776
57.9766504,59.8662247
57.8840045,59.9574085
57.92121,59.9808644
57.9211942,59.9786835
57.8807415,59.9397628
57.8824022,59.9398462
57.9220872,59.8503443
57.9164102,59.9599561
57.8983497,59.9388846
57.8989307,59.936997
57.9133529,59.9691084
57.8402072,59.9242131
57.8381991,59.925426
57.8417549,59.927159
57.8852498,59.9574023
57.8766637,59.9574343
57.8711318,59.951677
57.8810428,59.9576244
57.9235878,59.9218822
57.9214855,60.0915375
57.9223475,60.0927092
57.9057234,59.9848118
57.9199763,60.0603119
57.9193363,60.1139848
58.11285,59.8764808
57.9193529,59.9831806
57.9220133,60.0911409
57.9156141,60.1355618
57.9227491,60.0934103
57.8414224,59.9269764
57.9027266,59.946551
57.903332,59.9481046
57.907988,59.9711484
57.9115211,59.9880364
57.9123127,59.9481114
57.912642,59.9486095
57.9129468,59.9480489
57.9099081,59.9813374
57.9250732,59.9398422
57.9263213,59.9698457
57.9249145,59.9397613
57.9060654,60.0096379
57.8706711,59.9571583
57.8713421,59.940894
57.9020679,60.0111141
57.9217309,59.9803477
57.9045252,59.9899871
57.8910249,60.0163236
57.8954752,60.0165691
57.9072092,60.0089323
57.9212118,59.9885077
57.9218582,59.9881679
57.9090561,60.0118548
57.9093916,60.0073961
57.9186098,59.9832358
57.9192837,59.9837561
57.9180809,59.9777305
57.9300034,60.001603
57.9250434,59.8541804
57.9126061,59.948191
57.8606219,59.9575755
57.9092961,59.9469697
57.9114424,59.9886684
57.8675269,60.0253058
57.9118099,59.9888089
57.8761026,59.9403021
57.8940461,59.9412645
57.8652642,60.0285472
57.8693022,60.0247327
57.9188453,60.1416411
57.9154072,60.1363179
57.8709636,59.9729788
57.5341546,60.193784
57.3443506,60.2666219
57.3696574,59.9722686
57.4458485,60.2030143
57.4805534,60.2015187
57.4537568,60.1846302
57.421589,60.0696984
57.4907986,60.2160712
57.49939,60.2172018
57.457947,60.1935332
57.5596709,60.1851603
57.4443002,60.2027637
57.4944606,60.2253048
57.5355662,60.2877258
57.4249249,60.0610008
57.6051116,60.1626492
57.7029426,60.1234895
57.5896931,60.1711174
57.4985146,60.2023005
57.4849008,60.1800194
57.5741016,59.8996484
57.4783218,60.1783836
57.757017,60.0765966
57.7511917,60.0836185
57.4796842,60.1727568
57.480194,60.1711643
57.4904178,60.2035337
57.7420535,60.0938308
57.7374956,60.0974757
57.4902237,60.2034376
57.038974,60.5097946
57.298955,60.2702808
56.9622807,59.8203086
56.9357627,59.7315378
57.2534511,60.0890121
57.2467247,60.0824105
57.2373977,60.0770389
57.0399572,60.5081415
57.3074236,60.2911571
57.2743145,60.2955946
57.0577885,60.4588416
57.253984,60.0887356
57.2369846,60.0867258
57.2371114,60.083218
57.253357,60.0895276
57.150759,60.2678575
57.2367678,60.0913986
57.2531691,60.0897758
57.1907764,60.2550087
57.0663721,60.4160243
57.3011308,60.2674634
57.3005232,60.2670226
57.209187,60.0940782
57.222543,60.0594977
57.2601566,60.1106514
56.8506525,60.0594239
56.8330313,60.321374
56.9146953,59.9327584
56.6245427,60.3551027
56.7972002,59.9846555
56.8487462,60.0663308
56.8325525,60.3211022
56.8270486,59.9300178
56.7986676,59.9070344
56.7770076,59.8977137
56.8332457,60.3140298
56.7967333,59.9845995
56.7141209,60.0818197
56.8278859,59.9314052
56.8960439,59.9756421
56.6867276,60.0920832
56.8976462,59.9722165
56.8330658,60.320175
56.833342,60.3154158
56.8364882,60.3200478
56.7794757,60.4457337
56.8249418,59.9796867
56.9038546,59.9615867
56.8337056,60.3207641
56.9042584,59.9589897
56.8296996,60.3222019
56.7775844,60.4490045
56.7767885,60.4478079
56.7792454,60.4466192
56.904247,59.9535915
56.7786649,60.4419407
56.7147366,60.0803649
56.8271832,59.9322428
56.8925319,59.9866196
56.8385916,59.6569102
56.8547094,59.7032609
56.8460329,59.6814788
56.8384508,59.6561819
56.8266055,59.9675023
56.831935,59.8436335
56.8432511,60.0136957
56.8545568,59.7042964
56.8589857,59.7504812
56.8344051,60.3205689
56.4605964,60.214629
56.4735405,60.2356178
56.4367809,60.1820667
56.4405233,60.1711286
56.4730782,60.2350113
60.6568299,60.3855271
59.5974738,60.5775872
59.6622136,60.3551591
59.5912113,60.5744022
59.5910761,60.5752279
59.602086,60.5393868
59.6048021,60.4922794
59.7627379,60.2384406
59.04337,60.5697347
59.0491013,60.5817379
59.0330623,60.5449928
59.0334626,60.5446079
58.954041,60.4278046
58.0492302,60.5398313
58.0699769,60.7441972
58.0820816,60.7449923
58.0455626,60.5402519
58.0528479,60.5410214
57.4316341,61.1488646
56.9438953,60.6265309
56.9752338,60.5950197
56.9835062,60.598496
56.9409864,60.6118683
57.0276714,60.5175939
57.051748,60.8993099
56.9394769,60.6145095
56.9352045,60.5110259
56.9845305,60.5269464
56.9857506,60.518523
56.9818197,60.5201915
56.9844494,60.5253502
56.9746388,60.567706
57.0346126,60.6090331
56.9576427,60.668924
56.9507829,60.6294549
56.9785831,60.5726789
56.9780385,60.5576443
56.9412684,60.634851
56.9849618,60.6015156
56.9880824,60.6023358
56.9691124,60.6239462
56.9654665,60.580169
56.9667066,60.5821718
56.9623147,60.589926
56.9707958,60.5576999
57.2176325,60.6858697
56.949436,60.6302356
56.9344443,60.5048806
56.9495387,60.6038119
56.9317183,60.5103398
56.9852517,60.6003325
56.9412378,60.6132347
56.9354581,60.5100993
56.9364113,60.5115926
57.2543936,60.6539707
56.9686896,60.6230633
57.2422745,61.1755955
56.9660563,60.5800042
56.995478,60.580531
56.9624633,60.5842557
56.9602247,60.5888183
56.9625719,60.5844053
56.9655289,60.5802547
56.9836488,60.5996811
56.9699526,60.6238535
56.9759225,60.5477978
56.9468094,60.6067471
57.0308519,60.5221316
57.2404312,61.1723429
56.8243926,60.5618378
56.839765,60.5626113
56.8300704,60.5614074
56.8464467,60.5606395
56.8654387,60.5498257
56.8252898,60.5856759
56.8192517,60.5574153
56.862083,60.5442156
56.859197,60.5502548
56.860785,60.5484989
56.8399451,60.6205936
56.839339,60.6113129
56.7614749,60.7712871
56.7521181,60.804755
56.799657,60.6427951
56.8000638,60.6424845
56.7995031,60.6422738
56.7917218,60.5731263
56.7915886,60.5729664
56.8191588,60.6547695
56.8204891,60.6542968
56.8399648,60.6689994
56.8673775,60.67157
56.839974,60.6683666
56.7746789,60.8670622
56.8255922,60.4820355
56.8041346,60.537199
56.9007704,60.6142288
56.8627891,60.6123189
56.8871137,60.6135218
56.80399,60.5372729
56.7363457,61.0983826
56.8563159,60.6037687
56.8620784,60.6263573
56.8156775,60.6075437
56.7916385,60.6052376
56.8484859,60.6147238
56.8194677,60.6402343
56.8167893,60.6205581
56.8320922,60.5834859
56.8280618,60.5673265
56.8000854,60.6418486
56.8167635,60.627253
56.7549178,60.8023589
56.8360782,60.5531074
56.9103229,60.7986203
56.8696375,60.6785808
56.8693071,60.6789527
56.806814,60.592298
56.8326252,60.5774782
56.8356939,60.6121497
56.8861823,60.5933614
56.8933203,60.6143376
56.887091,60.6060027
56.761552,60.7679746
56.760443,60.7685567
56.7650605,60.7751192
56.7571645,60.7631193
56.8067716,60.7902953
56.806235,60.7906107
56.8031292,60.7910147
56.8041371,60.7901806
56.8417719,60.6691508
56.8429702,60.6908331
56.8105863,60.6296929
56.836306,60.5821097
56.8852507,60.5542785
56.8855378,60.5531985
56.8218044,60.6593158
56.780109,60.7872161
56.7802714,60.787532
56.8078932,60.7765976
56.8083395,60.7688769
56.7804735,60.7933274
56.7802079,60.7936133
56.8307242,60.6361464
56.823413,60.6533238
56.8260944,60.6379751
56.7814633,60.6554687
56.6983017,60.7497907
56.824043,60.6180265
56.8242294,60.6904319
56.8260829,60.6931361
56.8237583,60.6978846
56.7718873,60.7375318
56.7684662,60.7367579
56.7648659,60.7368409
56.7684094,60.7358892
56.7938047,60.641543
56.8608058,60.5511482
56.8587869,60.5524521
56.8561009,60.5752828
56.900879,60.6195153
56.7273056,61.0367618
56.9143682,60.7549918
56.9234271,60.7600203
56.8994485,60.7584227
56.896473,60.7653161
56.8959746,60.7640159
56.8998144,60.7593199
56.914482,60.7580748
56.8495384,60.6249994
56.6277159,61.0029152
56.8492758,60.6253537
56.8541201,60.6361283
56.7738102,60.6335746
56.7906818,60.6058177
56.8392795,60.8029685
56.7671926,60.6283245
56.7710809,60.5424712
56.9116778,60.8057252
56.9142865,60.6114045
56.8627727,60.6118305
56.8816789,60.6934373
56.8811725,60.5180014
56.841674,60.632025
56.7637776,60.8080467
56.7563684,60.8026987
56.8321167,60.5837034
56.7579555,60.7068393
56.7555826,60.7079699
56.7466706,60.6873787
56.774137,60.8180219
56.9259498,60.7604614
56.8759016,60.5537986
56.883543,60.5616843
56.8977948,60.5779613
56.8978496,60.5783482
56.8185882,60.5882177
56.6999968,60.8294136
56.6946339,60.7510041
56.6959337,60.7497119
56.6950907,60.7541448
56.7878456,60.5115115
56.7108801,60.7317529
56.7000313,60.550105
56.7930621,60.5215179
56.7923343,60.6432838
56.8257689,60.5615546
56.7737303,60.8725869
56.7748351,60.8745047
56.7739984,60.8735292
56.8835598,60.6135158
56.8950213,60.5305013
56.7390118,61.0106128
56.7450252,60.9841717
56.7452789,60.992528
56.7330364,61.0431881
56.7391764,61.1118856
56.8472217,60.6688418
56.6360156,61.253275
56.5564195,60.8768747
56.7344771,60.9840343
56.8265477,60.5595134
56.6852465,60.8371799
56.8268451,60.5634994
56.8696967,60.6792603
56.780403,60.793286
56.5563712,60.8752439
56.735736,61.0199369
56.8859824,60.5931494
56.8652008,60.6120882
56.7334364,61.0618959
56.7338243,61.0802949
56.8031385,60.647786
56.8597111,60.5502911
56.8670203,60.6748206
56.7799797,60.6571566
56.8253551,60.5622757
56.6476635,60.8049654
56.7726184,60.8720322
56.7796632,60.7879843
56.7350493,60.9834828
56.8284799,60.6142129
56.5582254,60.8753666
56.8420933,60.6740138
56.8030433,60.6479278
56.7534261,60.8019534
56.8847469,60.5766802
56.8834319,60.5622458
56.8574597,60.6154761
56.8626594,60.6051078
56.7710368,60.5423899
56.8627558,60.6742181
56.7912847,60.6057302
56.8287102,60.6169094
56.8429965,60.6455814
56.8272623,60.6030557
56.8864289,60.5932036
56.7083607,60.7395159
56.7682699,60.6147878
56.8018777,60.7963274
56.8458295,60.5866781
56.7633869,60.8075844
56.8777994,60.6111952
56.7401667,60.7018186
56.5167371,60.8952525
56.8488014,60.6172983
56.8899853,60.6319575
56.7905476,60.6012572
56.7894517,60.597731
56.7897979,60.5963029
56.7364536,60.548965
56.7443615,60.5696926
56.82952,60.6243341
56.7901531,60.5988128
56.8221187,60.6587075
56.827126,60.6033267
56.8872957,60.605376
56.8325994,60.5779463
56.8359827,60.5775565
56.8635049,60.6756805
56.8837755,60.561925
56.700023,60.7369217
56.7167512,60.5713364
56.8363165,60.8006142
56.8317955,60.5769492
56.8378621,60.5768984
56.9040775,60.5859951
56.7136302,60.5763621
56.7167481,60.5716373
56.835344,60.5618618
56.8516965,60.5944842
56.7106582,60.5730028
56.7122647,60.5779289
56.8284519,60.5684697
56.8355043,60.564739
56.8350112,60.5706516
56.8357531,60.5582288
56.7138167,60.5785763
56.8067742,60.5929074
56.806723,60.5923433
56.8059441,60.5927659
56.8116993,60.5906154
56.7383858,60.7030155
56.7712284,60.4666696
56.9039576,60.5858489
56.8931954,60.6143229
56.727869,60.7055147
56.8015152,60.5356843
56.8166068,60.7346046
56.8255581,60.5569684
56.7830863,60.5981725
56.7837655,60.7433235
56.8021656,60.4941491
56.7979802,60.4936398
56.7809139,60.5978256
56.7842415,60.5994637
56.7319911,60.7179473
56.7330459,60.7231576
56.733278,60.7081075
56.7574139,60.5876702
56.7293793,60.7085711
56.7442114,60.5698889
56.7840519,60.7450685
56.7842309,60.74454
56.7265364,60.7132663
56.7839412,60.7418481
56.8229096,60.6561382
56.838589,60.5811746
56.8294058,60.6243735
56.8284246,60.6142894
56.8276156,60.6065163
56.8395887,60.6465858
56.8513131,60.6410501
56.8085804,60.6101093
56.8355722,60.6138752
56.837698,60.6334712
56.8564275,60.6037322
56.8477979,60.6090738
56.7396486,60.5570885
56.8341827,60.5999902
56.7677477,60.8971909
56.7067387,60.5645928
56.8442472,60.632582
56.7943805,60.6397567
56.8835054,60.6393616
56.8921694,60.6291506
56.8127871,60.549856
56.7582511,60.8004289
56.758214,60.8003739
56.8022466,60.4943815
56.708686,60.737165
56.4828319,60.8862558
56.4502658,60.8759126
56.4819006,60.8885026
56.447455,60.8824362
56.479868,60.8854912
56.4860826,60.8868798
56.3505765,60.8690711
56.351672,60.8688848
56.245883,60.8729124
56.2492309,60.8723949
56.3789335,61.0046748
56.4498062,60.8773517
56.3758807,60.8662084
58.4507972,61.707778
57.8317332,61.6770573
57.9749202,61.6605741
57.9801585,61.6620602
57.8481399,61.7270873
57.8346635,61.6739585
57.8570026,61.7028893
57.6039898,61.7142261
57.3788401,61.8482898
57.6007089,61.7111255
57.381677,61.3895517
57.3768981,61.4251403
57.3762443,61.4238888
57.6105923,61.7253716
57.714295,61.7999614
57.6103446,61.7146948
57.3766537,61.4244711
57.0349675,61.4448066
56.9711151,61.4713784
57.3528707,61.8592586
56.9775705,61.4664385
57.3450776,61.8842104
57.0594418,61.9860498
56.9707457,61.4723804
57.3595014,61.4017919
57.3625623,61.4124465
56.9704483,61.4717944
57.3451642,61.884407
57.3600058,61.4013189
57.3595963,61.4023324
57.3598036,61.4016442
56.9744235,61.5136241
56.9699544,61.4719172
56.8775906,62.0540134
56.9032896,62.0161042
56.7706231,62.045086
56.753065,61.3253284
56.7172903,61.4088856
56.8947544,62.0504447
56.7755624,61.294608
56.7518239,61.3207301
56.7774211,61.2810522
56.8097822,61.3202613
56.8101733,61.3194908
56.8100587,61.3202352
56.8935426,62.0505039
56.9239428,62.0085134
56.8779738,62.0533092
56.8773661,62.0519617
56.794684,61.4287502
56.7927434,61.4291216
56.7921655,61.4287199
56.4049623,61.9314985
56.4046077,61.9317861
56.469232,61.6136158
56.4609665,61.7186338
56.3847575,61.9689544
56.3458548,61.9003484
56.3805196,61.9398986
56.4796324,61.5638805
56.4353618,61.8463627
56.462128,61.7206718
56.3482261,61.8992594
56.393949,61.9486912
56.41486,61.9161891
56.4130399,61.9188217
56.3979083,61.9326668
56.395702,61.7938863
56.3840737,61.9691425
56.4155661,61.9109049
56.4216958,61.9192417
56.414853,61.917229
56.4053241,61.9305139
56.3981815,61.9323055
56.4050649,61.9325886
56.3747948,61.9674783
59.4228168,62.3711217
57.9308628,62.278083
57.5625766,62.7938757
56.877876,62.7123361
56.7847214,62.5090584
56.8478408,62.6993711
56.8019091,62.5649474
56.9137124,62.115882
56.8446534,62.6983522
56.7810293,62.4893679
56.7799934,62.4839367
56.8082177,62.5259364
56.8091628,62.5273885
56.8105161,62.5281343
56.8769127,62.7093615
56.8774924,62.7152903
56.7586163,62.3451215
56.848405,62.8427197
56.867206,62.9226494
56.8101251,62.5266293
56.8735936,62.7313836
56.873422,62.7319578
58.0383293,63.6330658
58.0559563,63.6549917
58.0561632,63.6529646
58.0304157,63.6869617
58.0587609,63.6902627
58.0569437,63.653444
58.059191,63.6580922
57.6854038,63.0561457
57.6837078,63.0577179
57.0081615,63.341361
57.0316344,63.4139392
57.0310504,63.4128524
57.0009682,63.3091166
56.8917582,63.0376645
56.9188929,63.0088654
56.872553,62.9463387
58.0154011,63.7121393
57.5216789,64.2826613
57.3866188,63.7504852
57.5876674,64.3566708
57.4085634,63.7893587
57.012692,63.7295462
57.0128225,63.7294925
57.095102,64.041903
57.0973023,64.1618089
57.0877776,63.8966335
57.0881642,63.8968371
57.090738,63.7861842
57.085624,63.6986309
57.088686,63.7630471
58.0543238,65.2527351
58.045396,65.2508626
58.052915,65.255035
58.0530106,65.2547763
58.0564339,65.2534842
57.0674212,64.6590254
57.0712406,64.6917202
57.0716162,64.6915659
56.3007041,57.9561966
56.613468,57.7795625
56.7871441,57.879224
56.7911165,57.8842914
56.7965674,57.9052723
56.6195698,57.769816
56.6255551,57.7598263
56.5431721,57.8759932
56.6175325,57.7699183
56.5406616,57.8780826
56.6268545,57.7544775
56.7913791,57.8846089
56.7885705,57.8829867
56.7867673,57.8869448
56.627007,57.7541411
56.6402189,57.7728695
53.8348788,33.0048099
53.5094107,32.8190234
53.8230155,32.4452502
53.8322668,33.0087838
53.9782121,32.8301412
53.9818563,32.8290894
53.9802772,32.8303917
53.9535572,32.8671091
53.9262936,32.8989525
53.9488747,32.8523575
53.9948319,32.8872514
53.9549521,32.8654831
53.9797459,32.8267466
53.9262636,32.8905649
53.9829251,32.8286978
53.9206118,32.7789355
53.9281341,32.8958603
53.9841835,32.8249243
53.9234418,32.77861
53.9248527,32.7788504
54.0425809,33.0553966
53.9898124,32.9247157
53.949276,32.8780497
53.9807156,32.8265637
53.9470925,32.8555024
53.927872,32.8965682
53.953335,32.8645819
53.995096,32.8885313
53.9587153,32.8081527
53.9530814,32.8664792
54.3946593,32.3932341
54.3767654,32.4083185
54.4214579,32.3711661
54.4450467,32.3502935
54.4089209,32.4734589
54.4087906,32.4739879
54.4088233,32.474061
54.4796653,32.3199745
54.4213505,32.3704916
54.3988464,32.3900985
54.5257113,32.2797641
54.5013575,32.3014975
54.403369,32.386908
55.0140577,32.2954303
55.1831933,32.4003227
55.0703632,32.702146
55.0703844,32.7017614
54.8905506,32.4335879
55.080629,32.7554427
55.0807058,32.7559183
55.0689542,32.6343992
55.0817306,32.763633
55.0562069,32.5081868
55.0568156,32.5200843
55.0570244,32.5273499
55.0583533,32.5575579
55.0666496,32.6232789
55.014377,32.2944796
55.0820481,32.764931
55.0800884,32.7097267
54.8436961,32.2550778
55.1020386,32.9087574
55.2097319,32.4033766
55.1818148,33.4648651
54.9159834,33.2516077
54.9432858,33.299499
55.139686,33.2371705
55.1322089,33.1974123
55.0923477,33.2619645
55.1424327,33.2605273
54.93362,33.3016772
55.0081291,33.2791108
55.1297127,33.1687437
55.1356393,33.210675
55.1426529,33.26314
55.1423034,33.2592164
55.1393552,33.2335967
55.1423307,33.2602234
55.1407953,33.2451586
54.9099577,33.2802711
54.5677418,33.1519927
54.5758838,33.1826748
54.0463472,33.0678814
53.7684002,33.1712416
55.8334937,34.2761479
55.8041367,34.2874547
55.2116149,34.2967152
55.24235,34.3104233
55.2285615,34.2593191
55.228648,34.2599981
55.2100129,34.2855903
55.2098195,34.2852005
55.242449,34.3103369
55.243257,34.3134615
55.2283938,34.2587572
55.242111,34.3106187
55.1883601,34.0369993
55.1890764,34.0232052
55.2651133,34.3881081
55.189192,34.0207266
55.1888282,34.0371565
54.9019575,34.5669379
55.654445,34.9419208
55.540999,35.0045726
55.541049,35.0057996
55.5413761,35.0054649
55.5528924,34.9966923
55.5537544,35.0031353
55.5539981,34.9749668
55.5536021,34.9964816
55.5532546,34.9966388
55.5534092,34.9969023
55.4969943,35.0163709
55.4973807,35.0167564
55.5001015,35.0364841
55.4760828,34.9230148
54.7224769,32.0554707
54.703345,32.1201017
54.7055872,32.1180629
54.7360972,31.9278505
54.3511015,31.8549157
54.7004231,32.1227572
54.7050645,32.1172512
54.7095967,32.1140241
54.7294869,32.0036133
54.6511386,32.1673314
54.3495344,31.8412715
54.7337237,31.9267989
54.6449025,32.1729569
54.7289477,32.0014141
54.7298633,32.0023941
54.7335184,31.9260036
54.7213463,32.0585101
54.7222267,32.0554125
54.7334368,31.9262929
54.6830651,32.1386833
54.6972862,32.1257354
54.7209981,32.0594642
54.7067973,32.1165785
54.6231936,32.1929711
54.6229039,32.1932333
54.6182342,32.197404
54.6062552,32.2076208
54.6021074,32.2118342
54.602414,32.2115567
54.5970801,32.2163377
54.5820355,32.2297116
54.5785282,32.2328466
54.5784294,32.2324799
54.5582241,32.2509435
54.5456629,32.2621215
54.6551572,32.1639906
54.6600875,32.1595241
54.6554038,32.1637676
54.670922,32.1492997
54.6974148,32.1251688
54.7783136,32.0509555
54.7572505,32.0707862
54.7953452,32.046876
54.7788317,31.7967299
54.7780935,31.798843
54.7838966,31.8375114
54.7953531,32.0441049
54.7721511,32.0303984
54.7740664,32.0471888
54.791315,32.0677451
54.798742,32.0657242
54.781317,32.0229611
54.8028865,32.0828398
54.7993954,32.0735711
54.8725164,32.0311794
54.7964906,31.5890798
54.793429,31.5832728
54.794491,31.5852002
54.7364845,31.929
54.8711852,32.0246228
55.1705082,32.2010955
54.8002444,32.0578827
54.8510685,31.8376326
54.7947928,32.0468933
54.7906975,32.0368417
54.7690007,32.0858412
54.7898699,32.0362356
54.7953352,32.0483812
54.7915311,32.0707557
54.7899604,32.0352147
54.7951095,32.0487487
54.7987197,32.0715246
54.7806988,32.0168184
54.7945902,31.5855938
54.7812164,32.0348591
54.7722639,32.0298045
54.7812571,32.0361231
54.7604196,32.0840424
54.7350142,31.9271064
54.8101231,32.0624874
54.8641051,31.9789405
54.873437,32.0275284
54.8722628,32.0298956
54.8700372,32.0275062
54.8699681,32.0271097
54.7976695,32.0437134
54.8159176,32.039143
54.7743543,32.0470895
54.9326861,32.1673652
54.9350176,32.1664747
54.7944809,32.0493116
54.7700021,32.0593161
54.7951601,31.5844341
54.736076,31.9283011
54.7947938,32.044137
54.7810499,32.0169947
54.8099976,32.0417025
54.7811252,32.0364182
54.7951517,32.0468751
54.7953512,32.043412
54.7982805,32.0686723
54.8105138,32.0416458
54.8110699,32.0426537
54.7894873,32.0357507
54.7898788,32.0357301
54.795162,32.0372854
54.7953314,32.0372431
54.7567648,32.0720183
54.7564405,32.0722685
54.7719809,32.0297442
54.8016162,32.0461835
54.8433049,32.2489739
54.8437577,32.2541486
54.8434378,32.253897
54.7721141,32.030056
54.8103162,32.0627494
54.8507076,31.8389555
54.8505598,31.8378988
54.8691895,32.0275084
54.8639781,31.979213
54.8511533,31.8582912
54.8432306,32.2499852
54.7359047,31.9284342
54.7782438,32.0490215
54.7779208,32.0514556
54.9366202,32.1699281
54.8822093,32.067825
55.5026896,31.8106468
55.2649441,31.506032
55.3922227,31.5721061
55.3014212,31.4892907
54.4677644,31.2256866
54.6912506,31.0181375
54.691009,30.9978647
54.7136596,31.3768163
54.9602974,31.0430059
54.9594804,31.0455465
54.9576877,31.0929179
54.9579811,31.0932089
54.9392014,31.1209028
54.9393771,31.1219552
54.9397877,31.1212748
54.9571672,31.0925934
55.5993534,31.1867623
55.5954598,31.171996
55.5938268,31.1495071
44.0281542,44.4664369
44.7534924,44.9800423
44.7486292,45.0057357
44.7540426,44.9766046
44.8366963,44.6445449
45.1413492,45.5504056
44.0281913,44.4638331
44.0286036,44.46599
44.5440811,44.0073171
44.7777367,44.148781
44.773587,44.1691105
44.7840107,44.1463864
44.7892322,44.1801022
44.8103802,44.2089034
44.8022392,44.1491421
44.7286048,44.1933457
44.7762352,44.1608934
44.8021593,44.1495837
44.7715592,44.1574644
44.7948863,44.1444772
44.7839981,44.1464192
44.8477467,44.0813402
44.848871,44.0807076
44.8463172,44.0772548
44.84795,44.0792903
44.8496214,44.0793765
44.8016114,44.1306655
44.5448175,44.0080016
44.6988963,43.9946306
44.6332071,44.0253164
44.6973952,43.9934112
44.6981936,43.9942113
44.6990978,43.9949535
44.7954867,44.1550973
44.7956111,44.1553061
44.7955515,44.1549492
44.7737065,44.1686151
44.7954522,44.1552865
44.7748327,44.1571924
44.7739595,44.1595147
44.8068836,44.2036092
44.8098819,44.2087795
44.545207,44.0083833
45.0853724,44.2911489
45.5370466,43.8931684
45.5385132,43.988428
43.9693627,43.6484382
43.9700412,43.6484479
43.9749669,43.6260114
43.9758792,43.6266554
43.9753446,43.6264249
43.970069,43.6477527
43.9697328,43.6479422
44.2094024,43.4358348
44.119114,43.4312833
44.1478547,43.4725654
44.1549765,43.4735131
44.1323505,43.3920546
44.2093225,43.4373084
44.2087708,43.4376356
44.1921616,43.4316445
44.2963177,43.7451762
44.2957598,43.7439199
44.1520815,43.4754395
44.1835476,43.4326838
44.1327765,43.3899157
44.1332783,43.3903767
44.1160422,43.3601581
44.1185453,43.3705853
44.1822306,43.4273104
44.1078944,43.2934939
44.1084656,43.2950532
44.1318189,43.4485567
44.161367,43.4606518
44.8041852,43.2771223
45.3723007,43.6929584
45.1074683,43.3732615
45.0855778,43.4174572
45.0855934,43.417964
45.111595,43.4377773
45.1088489,43.4512984
45.1074158,43.3757742
45.1077497,43.377968
45.1128374,43.4196048
45.0856705,43.4184529
45.0861373,43.4168341
45.9029349,43.3128211
45.9007751,43.3106419
43.9958829,43.1214884
44.0102503,42.797019
44.0130434,42.8017506
44.040672,43.0330916
44.0307201,43.1262462
44.0732843,43.1073287
44.0310125,43.1253599
44.0408011,43.0500902
44.0641492,42.9835505
44.0518056,42.8613369
44.0588998,42.9588556
44.0532588,43.0628196
44.0310284,43.0721942
44.0702328,42.8108011
44.024264,43.0804906
44.0603845,43.0120664
44.0341001,43.0666595
44.0312598,43.0724654
44.0665457,42.8104639
43.979973,43.1326117
44.0527372,42.8787389
44.0681586,42.8059595
44.0498571,43.0503571
44.0501378,43.0504082
44.0529294,43.0647337
44.0509653,43.0650329
44.0317838,43.0682676
44.0316496,43.0685442
44.0243619,43.0805244
44.0526844,42.9930824
44.0636827,42.9838282
44.0605564,43.0127131
44.057666,42.9589736
44.058433,42.9595533
44.0586328,42.956642
44.0503823,43.0016279
44.0502125,43.001926
44.0631187,42.9842046
44.0536841,42.8413554
44.0668371,43.0738859
44.0509674,43.0649015
44.0319302,43.129568
44.0529197,42.9933334
44.0320962,43.1306097
44.0268911,43.1113644
44.0457866,42.8531942
44.0455698,42.8528458
44.0457251,42.8528915
43.9994635,43.1206114
44.0703844,43.107517
43.9477714,42.7380278
44.0217873,43.0843896
43.9796985,42.9461962
44.0472172,42.8501825
44.0508931,42.860368
44.051585,42.8607358
44.0541569,42.9072499
44.0542303,42.9068454
44.013089,42.8008696
44.0510025,42.8600634
44.0595178,43.0703077
44.0497789,43.0025318
44.0244923,43.0809691
44.0513453,42.8608212
44.0406015,43.0343372
44.0502011,42.8961563
44.0500292,42.8957137
44.03247,43.1375075
44.0324757,43.1367887
44.0327671,43.1373153
44.0413101,43.0661655
44.0417039,43.2017326
44.0606105,43.1159765
44.0438079,43.1998498
44.0445142,43.1989866
44.044647,43.1990492
43.9788195,43.2195988
43.9830497,43.2175272
44.0440113,43.1988642
44.0588766,43.1180658
44.0300404,43.0716634
44.0580633,42.9578537
44.0452627,43.052695
44.0297474,43.0720744
44.0119446,43.1002397
44.0242597,43.0810406
44.0670557,42.8098512
44.065008,42.8144175
44.0657394,43.0740545
44.0667492,43.0735606
44.0451174,43.1143914
44.0451903,43.114818
44.0451436,43.1145528
44.0452439,43.1147792
44.0520956,42.9011117
44.0203018,42.8064963
44.0497372,43.0505576
43.9701127,42.781928
43.9751423,42.7860917
44.0127245,42.8008929
44.0529406,42.9929117
44.2189349,43.0715816
44.1537909,42.9786816
44.118864,43.1057083
44.1197252,43.1068706
44.1177223,43.1100437
44.1543898,42.9772306
44.1533478,42.9782428
44.121195,42.8897865
44.1323044,42.8567276
44.1188548,43.1067674
44.1204923,43.1096569
44.1194822,43.1076317
44.07881,43.0821373
44.0795655,43.0817438
44.2243996,43.1258133
44.2418697,43.1426652
44.2112393,43.0819247
44.214592,43.0778462
44.2135711,43.087327
44.2379652,43.031888
44.2118516,43.0818577
44.140243,43.012182
44.1397509,43.0128332
44.0686857,42.8030704
44.0793016,43.0826513
44.1331545,43.0382659
44.2695899,43.0102678
44.2245951,43.1250834
44.2247904,43.1252341
44.2147446,43.0779335
44.2398584,43.142814
44.2053255,43.1111725
44.1976575,43.1330608
44.2116522,43.1395187
44.2405998,43.1430932
44.1277521,43.1186652
44.266604,43.018263
44.4407025,42.6515155
44.2682244,43.012547
44.1926754,43.1299824
44.2078681,43.0932481
44.2313046,43.0409186
44.2398537,43.1429145
44.2028444,43.1095158
44.1928514,43.1298502
44.1281596,43.1190414
44.2488355,43.0252848
44.2438477,43.0283499
44.0711927,42.8228361
44.1233551,42.886645
44.1207364,42.8893464
44.1719861,42.6850639
44.2668822,43.0195184
44.1429814,43.0054501
44.1353144,42.9126536
44.2416726,43.1418529
44.1226261,42.8877483
44.1175649,42.88514
44.1227796,42.8922632
44.1426855,42.9394177
44.2671254,43.0204528
44.2187111,43.0715461
44.1483709,42.7976146
44.6968502,43.0074226
44.7185126,42.9995579
44.731525,42.9594432
44.7174687,43.0109618
44.7176637,43.01091
44.7294179,42.962968
44.5685942,43.1571954
45.3302789,42.7937064
45.3302363,42.8029996
45.3361775,42.8162085
45.3287124,42.7922287
45.1104574,42.9787544
45.3308927,42.7978691
45.2725748,42.910089
45.3525954,42.7933167
45.3397742,42.8333392
45.321857,42.8720249
45.3219009,42.8718159
45.3495376,42.8589165
45.3509655,42.8498842
45.3511247,42.8502766
45.3293237,42.7984331
45.3386396,42.8365399
45.3378248,42.8202488
45.3288248,42.8227582
45.3382281,42.8211405
45.3382421,42.8216701
45.3381481,42.8224678
45.3525673,42.7938539
45.3522786,42.7932638
45.3335298,42.8411755
45.2727289,42.9107692
45.3498095,42.8591245
44.9623556,42.7235701
45.7583839,42.8176991
45.7570805,42.8169183
45.7576008,42.8192785
45.7579828,42.8181233
46.1154802,42.7718775
43.9442734,42.7254199
43.9055514,42.7159472
43.9327318,42.7259136
43.9442471,42.7300158
43.9362698,42.7271816
43.9325347,42.725841
43.9365535,42.7276244
43.900996,42.7205778
43.9063929,42.7155607
43.9059121,42.715682
43.9064027,42.7157585
43.9008711,42.7220273
44.1724538,42.6837294
44.4600873,42.5803639
44.501303,42.4741177
44.4863386,42.5087262
44.5071028,42.4548928
45.1342677,42.3440533
45.0582075,42.090353
45.0577563,42.0908059
45.0575239,42.0927758
45.057321,42.0903465
45.1137421,42.1050575
45.1135705,42.1048519
44.5657053,41.8805068
44.6236792,41.8362687
44.8466436,41.9331455
44.5784351,41.8750395
44.7342811,41.7185549
44.6022775,41.9524803
44.6253026,41.9252109
44.6327367,41.9394949
44.6336868,41.9450416
44.6311068,41.9540901
44.6332189,41.9539221
44.6412746,41.9594697
44.6414082,41.9605521
44.6417641,41.9595926
44.6423561,41.9595764
44.6594669,41.9109186
44.6250345,41.8368531
44.7625783,41.6027424
44.7069926,41.8610847
44.7128842,41.8444728
44.7183342,41.8573779
44.7249073,41.8587753
44.7136614,41.8219192
44.7138848,41.8094336
44.7140154,41.8036962
44.7133297,41.821931
44.6246454,41.8365591
44.6280745,41.9459407
44.6349666,41.9439537
44.6282689,41.9456899
44.6597058,41.9111547
44.63542,41.9435234
44.6385852,41.9808342
44.84406,41.9318361
44.8432574,41.931353
44.6983392,41.8693573
44.6976513,41.8701187
44.6247203,41.8361514
44.6284931,41.9526723
44.6294186,41.952855
44.6351581,41.9543413
44.6348398,41.9434565
44.7157005,41.8566978
44.7133405,41.8121172
44.6356143,41.9379553
44.7110785,41.8571051
45.2330481,41.855251
45.1490887,41.9731675
45.054355,41.9967729
45.0265427,41.9535627
45.0371001,41.9662701
45.0397548,41.9917291
45.0137456,41.9145307
45.0491248,41.9839397
45.1278214,42.0245663
45.0414411,41.9852852
45.109268,42.0200708
45.0494073,41.9837459
45.1956699,41.9684911
45.1961905,41.9697262
45.0534951,41.9965715
44.9775454,41.6867783
45.0476551,42.0123346
45.0668747,42.0145664
45.1040375,42.0210394
45.1060038,42.0145291
45.1056251,42.0163076
45.0399717,41.907173
45.0685184,41.9429102
45.1273118,41.9998316
45.3006896,41.4922816
45.1461424,41.9732746
45.0214027,41.9151864
45.021297,41.9150692
45.0218176,41.9143434
45.0345252,41.9028519
45.0146171,41.9144104
45.0140773,41.9148731
45.0356157,41.9398774
44.9811869,42.0002623
44.9818624,42.000985
45.1151737,42.0299947
45.1144443,42.0301925
45.1151103,42.0304938
45.0509859,42.0063471
45.0508461,42.0062691
45.0499883,42.0045618
45.0513781,42.0062474
45.0516002,41.9816546
45.0514529,41.9816946
45.0245626,41.9361297
45.0120283,41.9300546
45.0242131,41.9350903
45.0315928,41.9381962
45.030896,41.9358772
45.0359523,41.9794094
45.0312791,41.9385833
45.0304166,41.9375026
45.0313286,41.9381179
45.0444263,41.9682149
45.0502443,41.9960536
45.0520644,41.993118
45.050409,42.005495
44.9367382,41.909591
44.9804287,42.0006753
44.991401,41.9454503
45.0367638,41.921724
45.0390953,41.9119928
45.050106,41.9135494
45.0574311,41.9191315
45.0606497,41.9212793
45.0597911,41.9206136
45.0502179,41.9132592
45.0597068,41.9208596
45.062356,41.9225778
45.0479078,41.9800501
45.0805123,41.9393023
45.0388355,41.9829768
45.1473373,41.9727814
45.1469864,41.97325
45.3008369,41.4928407
45.1267455,42.0314907
44.9980227,41.925025
45.0366005,41.9397414
45.065497,42.0144341
45.0593196,41.9950348
45.05612,42.0456373
45.053458,42.024101
45.0125647,41.9305187
45.0124995,41.9304976
45.1266051,42.0312674
45.1090544,41.954154
45.1095049,41.954464
45.0345225,41.9015779
44.9973464,41.9099293
45.0312529,41.9306757
45.1054917,42.0201847
45.048083,41.9120225
45.1061518,42.0144283
45.1049348,42.0187175
45.109571,41.9542553
45.0320732,41.9232742
45.0245485,41.8992054
45.0244306,41.9006735
45.0037342,41.8909915
45.0031679,41.8910004
45.1097596,41.9538974
44.9931662,41.9231096
44.9933773,41.9234333
45.374345,41.519744
45.036935,41.9125139
45.3598531,41.6926331
45.3700233,41.6961807
45.3680807,41.7314201
45.3728673,41.7184382
45.4092973,41.5300552
45.4081952,41.5299409
45.4445076,41.9574921
45.4442589,41.9567773
45.4434594,41.957813
45.3822083,41.7262018
45.374489,41.6949655
45.617904,41.9396076
45.3743022,41.6951797
45.3749785,41.5202749
45.6333797,41.9197299
45.6335628,41.9200062
45.7830874,41.7929461
45.8283597,41.5043634
45.827535,41.5067272
45.7830887,41.7932834
45.4570907,41.2169067
45.4862356,41.225128
45.6602267,41.2048727
45.4584765,41.2165462
45.4579373,41.2173645
45.4584944,41.2172415
45.4824409,41.1418836
45.4810072,41.2676384
45.4805532,41.2672585
45.4818874,41.1420606
45.461876,41.1751768
45.4817697,41.1412359
45.4810739,41.266425
51.9945269,42.2682561
51.9743165,42.2436509
51.8737668,41.8026845
51.9686393,42.2420318
52.2643955,42.5200126
52.6763133,41.8347657
52.7109883,42.0308965
52.545894,42.9239902
51.9453115,41.747763
52.0985388,41.6529395
52.7211851,41.451749
52.7425792,41.4506265
52.747456,41.4199978
52.7497765,41.4171965
52.8368773,41.4756769
52.7194442,41.4235619
52.7438413,41.4508561
52.6537831,41.8741497
52.7336032,41.2959531
52.730606,41.4540333
52.7282369,41.4615587
52.6614514,41.3397578
52.6599479,41.339907
52.6599701,41.3359137
52.6616296,41.3424411
52.6167565,41.4437825
52.6993468,41.4336218
52.7197737,41.4575569
52.768245,41.4159596
52.7607064,41.4018273
52.7281849,41.4624138
52.7213938,41.4159026
52.721903,41.4564873
52.7289532,41.4500532
52.7330345,41.2959725
52.736396,41.2948353
52.7017712,41.4644804
52.7366615,41.4425059
52.7337425,41.2946819
52.6743599,41.8294266
52.7335074,41.2956354
52.7382354,41.2456247
52.6592146,41.3337128
52.5605503,41.3550194
52.6674139,41.4106659
52.7440994,41.4673117
52.7325897,41.4489957
52.7660931,41.4134207
52.7674576,41.4165678
52.7258817,41.4508005
52.7215022,41.4526148
52.7611448,41.4026288
52.7602966,41.4026739
52.7640428,41.4079568
52.7652354,41.4104415
52.7252391,41.4360974
52.7425255,41.2065725
52.722036,41.4844796
52.775047,41.3397837
52.6681598,41.4120631
52.7677518,41.4159638
52.7609098,41.4015021
52.7439106,41.4505757
52.7073282,41.4492716
52.7305156,41.4540558
52.6740616,41.4660453
52.7674632,41.4164788
52.7754525,41.4069224
52.5768944,41.4575371
52.5766747,41.4571389
52.7076053,41.6000035
52.7650101,41.3968504
52.6740962,41.4668221
52.6358735,41.4399345
52.7574152,41.4472929
52.6016047,41.5070691
52.6675387,41.4116741
52.7068059,41.5621902
52.7069766,41.5703817
52.721081,41.452853
52.7275912,41.4548087
52.7297649,41.4541741
52.7781561,41.4033336
52.7793891,41.4025366
52.7567564,41.4324176
52.7771976,41.4365244
52.7947675,41.3584289
52.7939599,41.3595476
52.7076212,41.6012163
52.7817459,41.4342461
52.775934,41.4365268
52.7685844,41.3919259
52.7876093,41.4294717
52.7713328,41.3883087
52.7322784,41.3039998
52.7495418,41.2954669
52.743243,41.2933255
52.7086238,41.712662
52.7089978,41.7127908
52.7016357,41.4643549
53.1446548,41.5559063
53.4354286,41.8403293
52.7336553,41.245892
52.8553152,41.1829954
52.7902128,41.0148529
52.9355285,40.6061896
52.9344261,40.6070003
52.9074146,40.6244955
52.9490903,40.5859282
52.9130727,40.6295285
52.9095664,40.6346063
52.846527,40.8165618
52.7592,41.1390683
52.7603959,41.1329066
53.3140913,40.6901378
52.9892131,40.5579578
53.3139892,40.6895922
52.8930259,40.4981974
52.5708593,40.1169765
52.9047607,40.4698113
52.8948441,40.4977565
52.9050721,40.467986
52.8824396,40.5209428
52.8822549,40.5180519
52.5704352,40.1169617
52.5700386,40.1169484
52.5712022,40.1169801
52.9548814,40.5691564
52.5548797,40.0846965
52.9552161,40.5694276
52.9511048,40.5828966
52.9547599,40.574466
53.2466468,40.2576872
53.0274453,40.5129716
52.9891795,40.5547308
53.0278806,40.5122072
53.2454374,40.2551052
53.245896,40.2540573
55.8421996,32.9409733
56.3054381,32.1820246
56.3782347,32.3017725
56.2203486,32.7720204
56.2770818,32.6772002
56.2775042,32.6758054
56.277512,32.6761018
56.276231,32.6766012
56.2705067,32.7811597
56.2705871,32.7806119
56.6564244,32.2873851
56.7712929,32.4423193
57.1039583,32.9412486
57.3846407,32.9420452
57.8583829,33.73944
57.858561,33.7383033
58.1189336,33.6347766
57.1421852,33.1131859
57.1274957,33.1988734
57.1398738,33.1237246
57.1401397,33.1238927
57.1401906,33.123657
57.0692888,33.2912563
57.1421904,33.1137747
56.2452786,33.5153844
56.2682803,33.1801306
56.2683686,33.1793501
56.2465061,33.5165785
56.2463437,33.5154751
56.2683098,33.1794705
56.2467831,33.5179622
57.883852,34.0431061
57.8680594,34.0549383
57.8711081,34.0616257
57.7510995,33.9855957
57.8114683,34.0027719
57.7014174,34.1984529
57.7075944,34.1972118
57.8321467,34.0225114
57.750925,33.985345
57.8206994,34.0233316
57.8270398,34.0255165
57.7626961,33.9492529
57.8325649,34.0245409
57.8334874,34.0239809
57.8223741,34.0222053
57.721698,34.0961624
57.7017031,34.1977983
57.557747,34.2666381
57.0261689,34.1919022
57.0265491,34.1861027
56.6570938,34.3576575
56.6296373,34.4812829
56.2477803,34.3271011
56.2523835,34.3276816
56.2466944,34.3270595
56.2173162,34.2682241
56.2174509,34.2622744
57.854703,35.0191287
57.8614615,35.0046364
57.8623292,35.004365
57.8638861,35.0046166
57.8653737,35.0049062
57.8634646,35.0045498
57.3665538,34.8357537
57.3582001,34.8505622
57.2673555,35.3208033
57.3580377,34.8496928
57.3755253,34.8327482
57.4685546,34.7029465
57.358202,34.8494823
57.3581625,34.8498764
57.5240592,34.6233876
57.0392765,34.9563203
57.0352904,34.9542085
57.0362332,34.9532279
57.0360678,34.9542276
57.0361522,34.9700662
57.0558701,35.0172104
57.0017857,35.1437849
57.0387288,34.9555293
57.0392307,34.9551637
57.0230682,35.0357754
57.0897661,34.9987706
57.2216701,34.9267992
57.2236097,34.9276015
57.2246488,34.9195304
57.2289506,34.9104318
57.0389608,34.9545781
57.0392503,34.956124
57.1608899,34.959917
57.135179,34.9746222
57.16905,34.9556657
57.0242473,35.0344651
57.1727401,34.9538019
57.0905189,34.9985792
57.0812952,35.0028276
57.0232105,35.0351097
56.9969954,35.16805
56.9973399,35.1682526
57.2341087,34.9075436
57.2264097,34.9239869
57.0233112,35.0346388
57.0565584,35.0165635
57.0361444,34.9692203
57.1241771,34.9803005
57.0687164,35.0101432
56.166952,34.5763088
56.2753765,35.0718447
56.1658465,34.5759026
56.1739592,34.5745172
56.1667041,34.5763402
56.1501411,34.7937872
56.1816878,34.5643065
56.151427,34.7679434
57.7805492,35.8393477
57.7801136,35.6734135
57.429934,35.6891198
57.3453842,36.0436231
56.8755782,35.8400056
56.8724016,35.8603626
56.8480417,35.9069545
56.8631547,35.9629581
56.8734431,35.8536634
56.8774651,35.8484308
56.8773831,35.8482155
56.8452317,35.9395245
56.8613714,35.8984934
56.8418123,35.9535039
56.8481935,35.9445723
56.8652512,35.9531472
56.8461789,35.9054562
56.8519109,35.8513819
56.8803753,35.8447637
56.8674185,35.9243105
56.8745856,35.9286003
56.8330747,35.9042323
56.832737,35.9038001
56.9263975,35.9912329
56.8549457,35.9274673
56.861393,35.895616
56.8485159,35.8249124
56.844449,35.9182919
56.9556468,35.4281093
56.9438687,36.0102426
56.9539861,35.4248113
57.1219252,35.4770594
56.9527606,35.4273775
56.8418655,35.9523938
56.8476524,35.9059688
56.8480846,35.9061895
56.9429933,35.5048548
56.958991,35.3622082
56.852315,35.8512886
56.8483646,35.9032628
56.875278,35.8415953
56.8832026,35.8418546
56.8461942,35.9048908
56.8548513,35.9267053
56.8327537,35.9460981
56.8661499,35.9041233
56.8494967,35.9414767
56.8497082,35.9416891
56.948939,35.4117364
56.9549733,35.4279464
56.8442828,35.7916484
56.8558284,35.8764166
56.8556982,35.8758454
56.9485227,35.4913497
56.9515155,35.3993611
56.9709362,35.300705
56.9708455,35.3011616
56.8352635,35.8015422
56.8835744,35.7795189
56.8445646,35.7924178
56.9819685,35.4254765
56.8442375,35.7924814
56.8419228,35.9506403
56.8418223,35.9506287
56.8522923,35.8762179
56.9480337,35.4987521
56.9807808,35.4252855
56.983386,35.4384329
56.9478966,35.5048005
56.9600883,35.4821462
56.9486004,35.4134393
56.951026,35.4276424
56.8556365,35.8764216
56.8521035,35.8512148
56.9587844,35.3612985
56.859994,35.9091368
56.8464179,35.9050362
56.9292907,35.9991824
56.8449933,35.7915169
56.8745437,35.8514052
56.8985509,35.9315446
56.9592719,35.4891139
56.983315,35.4390377
56.8479716,35.9068447
56.8603997,35.8982099
56.8428076,35.7919626
56.8892404,35.753122
56.9360325,36.005264
56.9306959,35.9945191
56.8495096,35.9239349
56.84844,35.9438548
56.8548478,35.9267997
56.8492001,35.942242
56.8569675,35.9275854
56.8553519,35.9267292
56.8549783,35.9268768
56.8496317,35.9231674
56.8579151,35.9226833
56.8587163,35.9172302
56.8421217,35.9529351
56.869697,35.8794332
56.8665215,35.9122338
56.8649464,35.9113099
56.8368789,35.8932727
56.836767,35.893411
56.8367273,35.8936794
56.8375371,35.8941127
56.8671642,35.9374936
56.8670837,35.9373115
56.8672046,35.9334239
56.8645063,35.9570995
56.8652755,35.9530336
56.8669634,35.9409611
56.8653341,35.9532052
56.8388393,35.9314059
56.8470896,35.9108828
56.8394656,35.9320439
56.8391367,35.9316222
56.8481988,35.9059886
56.8755292,35.8399809
56.8746378,35.845653
56.87316,35.8550876
56.8704898,35.8724089
56.8665803,35.9002303
56.8675586,35.892509
56.8845803,35.9014776
56.8825647,35.9003184
56.8812368,35.8996747
56.8764787,35.8971626
56.8711598,35.8940801
56.8880392,35.9031747
56.8786115,35.8986292
56.8785342,35.8985865
56.8710883,35.8940427
56.8519261,35.8512007
56.8325516,35.9232978
56.8610054,35.9010702
56.8614354,35.8979118
56.8557244,35.8762278
56.8618016,35.8986092
56.8603462,35.9061769
56.8612951,35.8985249
56.8497119,35.9068439
56.8361818,35.7968765
56.8890797,35.7533371
56.8546146,35.862431
56.8464652,35.9469551
56.849593,35.831811
56.8674318,35.9251925
56.9585132,35.483281
56.9589297,35.4878719
56.9339686,35.9980775
56.8877201,35.7620433
56.8302695,35.8909161
56.7972035,35.8671987
56.8269898,35.8833504
56.8232094,35.913851
56.7986674,35.8605022
56.8233459,35.8912683
56.8342509,35.8009589
56.809659,35.8730235
56.7959504,35.8600237
56.7967726,35.8601701
56.7999735,35.8631496
56.7985669,35.8603921
56.7976206,35.8643878
56.8287565,35.8983115
56.8181363,35.884094
56.7860184,35.8618703
56.8129112,35.8772836
56.8307965,35.7993248
56.7828865,36.0086854
56.7875316,35.9189236
56.782242,35.9555427
56.7886019,35.9138293
56.788487,35.9137586
56.8241562,35.8917092
56.8299317,35.7993965
56.7823918,35.959639
56.7934625,35.8597159
56.8038386,35.8480807
56.8273733,35.896055
56.7824789,35.9628837
56.825968,35.8130522
56.8258123,35.8126417
56.8249348,35.8142322
56.8299595,35.8061068
56.7195832,35.8275835
56.8139134,35.8784137
57.7811215,36.6912179
57.5720276,37.2624441
57.7807931,36.6926649
57.3156354,36.0884982
57.3163967,36.068018
57.3618217,36.5914943
57.3161873,36.0886288
57.1484591,36.728499
57.1251578,36.1121401
56.8984955,36.0489235
56.8280014,36.1838013
56.829818,36.181855
56.8305335,36.1968559
56.8308635,36.197453
56.7873305,36.0833767
56.7847421,36.0889003
56.7838087,36.0893666
56.7319537,36.2710142
56.7031044,36.3337269
56.5558259,36.5111375
56.7330823,36.2399211
56.5737857,36.4997652
56.7831583,36.0087069
56.5563742,36.5107776
56.7028702,36.3333294
56.5730614,36.4996042
58.6580942,37.259726
58.05378,37.1179353
58.2372455,37.0480225
57.8292052,37.2517623
57.5809932,37.2876009
57.324909,37.5017215
57.5769403,37.306273
56.8769481,37.3446504
56.8697246,37.3716083
56.8752087,37.3575922
56.8713689,37.370854
56.6898508,36.7636905
57.1977351,37.8823053
57.2194214,37.8648653
57.2983761,37.6094909
57.3559338,37.596104
57.3563973,37.608589
57.1982519,37.8818792
57.2188523,37.865312
57.0276869,37.9862544
56.3066167,32.1508493
56.3043441,32.1478177
56.3247142,31.6851953
56.3230159,31.6858844
56.323488,31.6896431
56.3063127,32.1492732
56.3068181,32.1487747
56.3227025,31.963246
56.3225239,31.9641917
56.3233422,31.6855881
56.3055881,32.1751953
56.5072388,31.6330172
56.5038817,31.6066418
56.4989864,31.6396214
56.4731276,31.639101
56.5538142,84.0937262
56.5408419,84.0851605
56.5362146,84.0748868
56.5408387,84.0890234
56.6241666,83.9575562
56.5427138,84.085841
56.4846442,84.9487907
56.4792325,85.0394022
56.4589083,84.9386604
56.4883824,84.9483261
56.570114,84.9122379
56.5040691,84.9512508
56.5005946,84.9796543
56.4821959,84.9998779
56.5041186,84.9486635
56.4592933,84.9833903
56.4734712,85.0494619
56.4620136,84.9885835
56.4551385,84.9761308
56.5840513,84.9292933
56.5181909,85.0640524
56.4513752,84.9238167
56.5866574,84.9182251
56.4490944,84.9244647
56.4728111,85.0568835
56.4781101,85.0405948
56.5126476,84.9733505
56.4479384,84.9228728
56.4877648,84.9486829
56.4532243,84.9778077
56.5085711,84.9826189
56.4747016,84.9434128
56.5271399,84.98087
56.488378,84.9492383
56.5128468,84.7978624
56.5040315,84.952994
56.4446302,84.9826672
56.4761904,84.9515808
56.5532217,84.9786966
56.5037412,84.951236
56.5116715,85.0397502
56.5111336,85.0391021
56.5030656,84.9599047
56.5134527,84.9747997
56.6000476,84.8596196
56.5444004,84.6551454
56.4844802,84.9518946
56.5536986,84.5387273
56.5264338,84.9366532
56.5211108,85.0474098
56.5176218,85.0639728
56.5166429,85.0583291
56.6023008,84.8594076
56.4780809,85.0404423
56.5267875,84.9516775
56.476168,85.0165555
56.4549524,84.9752824
56.4812353,84.9639294
56.5240381,84.9788887
56.5737316,85.0126767
56.5735796,85.0130896
56.596841,84.9987394
56.4665211,84.9693556
56.4660376,84.981318
56.4962139,84.9568953
56.4889485,85.0514138
56.4892273,85.0510585
56.5044937,85.0322917
56.5170878,85.0599995
56.5177153,85.0623865
56.4872488,84.9808031
56.4882779,84.9486106
56.6105476,84.8895904
56.5040015,84.9830425
56.5130727,84.7948171
56.518238,84.9792394
56.5185884,84.9794597
56.4554117,84.97481
56.4637939,84.9814807
56.4732679,84.9501904
56.463855,84.9848573
56.4639974,84.9851389
56.4554694,84.9511094
56.4526687,84.978563
56.4557518,84.9391584
56.5832781,85.0076619
56.5204616,85.0483373
56.5694963,84.9644594
56.5867659,84.9183807
56.5973121,84.9985691
56.5959619,84.9436418
56.4824062,85.0377489
56.4797024,85.0201122
56.4862649,85.0393849
56.4791456,85.0165833
56.4845843,84.9517233
56.4874339,84.9512257
56.4809929,84.9660597
56.4665352,84.9703183
56.5495858,84.9720549
56.5554685,84.9711618
56.5474815,84.9708314
56.4665741,84.9653075
56.527748,84.9820244
56.5279916,84.980331
56.5083902,84.9828327
56.5536689,84.5421288
56.5540201,84.5420584
56.5004238,84.9813668
56.5222195,84.9790857
56.5857065,84.9326652
56.5822361,84.9288985
56.6026511,84.8812591
56.6025922,84.8807732
56.5011419,84.9848813
56.501908,84.9849768
56.4665643,84.9818661
56.4761448,84.9657568
56.5687939,84.9650758
56.4834073,85.0356791
56.4727857,85.0547882
56.4777456,85.0566224
56.4800634,85.0570737
56.4744805,84.9428892
56.4726985,85.0526425
56.5033985,84.9563435
56.5742254,85.0128086
56.4928582,85.0359871
56.4971419,84.9806114
56.5079961,85.0293857
56.5003364,84.9854019
56.4668574,84.9815406
56.4967084,85.0319662
56.4959029,85.0319461
56.4551771,84.9737526
56.5686766,84.965499
56.5689263,84.9654936
56.502184,85.0058008
56.4897034,85.0523983
56.5208553,85.048344
56.4318179,85.0066562
56.4511393,84.9810654
56.5255614,84.959115
56.4405774,84.9876687
56.4407523,84.9905118
56.4412374,84.9912283
56.451463,84.9810726
56.6529003,84.9866241
56.45161,84.9782142
56.4517858,84.9808248
56.5688448,84.9651605
56.5688817,84.9654127
56.5687674,84.9652343
56.5688035,84.9654298
56.503354,84.9579686
56.5426497,85.1351805
56.5238894,85.0854136
56.5177466,85.0872121
56.5783781,85.1094565
56.542759,85.1357128
56.5179135,85.0889242
56.6567652,85.7368221
56.5239161,85.085298
56.5246527,85.0871294
56.5181828,85.0886416
56.5785524,85.1143103
56.3931101,85.0836911
56.387737,85.2060204
56.3882088,85.2074763
57.1192038,86.2160558
56.8254906,86.5818913
57.1182112,86.2193866
57.1193137,86.2154617
57.1190155,86.2162986
57.8392109,83.218146
58.0933118,82.7349018
58.0938506,82.7334042
58.0937317,82.7343268
58.3062023,82.9065347
58.3042768,82.9059155
58.2991932,82.908139
57.788791,82.6400899
57.7924043,82.6452019
57.5605222,79.5652014
60.7660517,77.4476422
60.7168264,77.6486523
60.662229,77.4700108
60.8462552,77.0825102
53.0935864,38.1574703
53.1379492,38.118595
53.1374789,38.1174613
53.1557718,38.1108486
53.1603145,38.0146116
53.2936744,38.1782803
53.311734,38.1790249
53.1661919,38.2474371
53.1632277,38.2431703
53.1601429,38.2496464
53.1626447,38.2488769
53.1642509,38.2483901
53.1641922,38.2481125
53.0872231,38.1641501
53.1377328,38.1190417
53.038305,38.2084097
53.3130338,38.1793296
53.3127699,38.1843857
53.2143405,38.1433414
53.4801612,38.1205002
53.4061981,38.1835594
53.5584732,38.114238
53.5605098,38.1121724
53.6573226,38.2886299
53.6109864,38.1029419
53.45468,38.1513555
53.6579405,38.2856722
53.4919418,38.1147342
53.5104106,38.1143984
53.4153498,38.1817225
53.6105019,37.660094
53.5575353,38.1068981
53.6099902,38.0965214
54.0232495,38.0121213
53.9931037,38.1418027
53.9941849,38.2159178
54.0227851,38.0113382
53.9860706,37.7880714
54.0111764,38.2872488
53.9649212,38.2897813
54.0811333,38.0432991
54.0201263,38.0101545
53.9524737,37.7011821
53.9950454,38.1441204
53.9291475,37.9280827
53.9942715,38.1418614
54.0124374,38.2646298
54.0185429,38.2964131
53.9816256,38.308947
54.023399,38.0109236
54.0263645,38.0128298
53.9701909,38.166431
53.8878931,38.0531542
53.9332267,37.945703
53.8932993,38.0543683
53.7680207,38.1342081
53.7640579,38.0265612
53.9939223,38.2126691
54.0042289,38.16723
53.9850443,38.1926119
54.0146955,38.2695721
54.0137861,38.2700982
53.7691275,38.1321175
53.7679141,38.1336913
53.7850166,38.1298442
53.7844973,38.1297812
53.791197,38.0974269
53.968255,38.3319655
53.9692656,38.3375514
53.7609263,38.0358341
53.7608926,38.0350783
53.7607313,38.0350125
54.0476621,38.1962219
54.0239873,38.231952
54.0178718,38.2715228
54.0183788,38.2745809
54.0802857,38.0429741
54.0187368,38.2649924
54.0583463,38.2565464
54.0182651,38.2966817
54.0184788,38.2653022
54.0720988,38.1503114
53.9827473,38.1786045
53.8446402,38.0944688
54.0468413,38.1964369
54.0726238,38.1504545
54.0787691,38.0488671
54.0787263,38.0367552
54.0733138,38.1533902
54.0732206,38.1519883
54.0730921,38.1521347
54.004659,38.2967148
54.0111789,38.2774647
54.0138425,38.2699931
54.018466,38.2898084
54.010905,38.273548
54.0152754,38.2688784
54.0223279,38.2360852
54.0184097,38.2725976
54.0790718,38.0876667
54.0767466,38.1283424
54.0523168,38.0307063
54.0787162,38.0477867
54.1159951,37.7193275
54.3375686,38.2526431
54.3360555,38.154392
54.3323729,38.1546337
54.3371721,38.1544062
54.1870563,38.0857344
54.3393077,38.1546278
54.4440256,38.1809922
54.1139963,37.7444154
54.1151189,37.7286118
54.4452984,38.1798158
54.4280656,38.185171
54.5779019,38.0070774
54.5668716,38.1667335
54.5639005,38.1629906
54.5667607,38.1637212
54.5662625,38.1628245
54.6449199,38.1583328
54.5694858,38.1641597
54.6318508,38.160576
54.1460768,38.6479986
53.969966,38.3567484
53.6047559,38.6674068
53.6056148,38.6672405
53.6054594,38.6667804
53.6024851,37.6145221
53.527425,37.5050632
53.6065945,37.1749065
53.61005,37.6600667
53.602478,37.61389
53.6228591,37.5900917
53.9966163,37.4737183
54.0186417,37.5196665
54.0349299,37.4975017
53.9510477,37.4900129
54.0345368,37.4901036
53.9486722,37.4890901
54.0190587,37.5190755
53.8203432,37.4001777
54.0345067,37.4894803
54.0344404,37.4889429
53.8206656,37.4005179
53.9961805,37.4729706
53.9441059,37.6411559
54.0185973,37.5189334
53.9969101,37.47425
53.952056,37.4865847
53.9970524,37.4738437
54.2500473,37.3174569
54.1633663,37.4686516
54.177964,37.7051566
54.1898499,37.6226334
54.2015489,37.644332
54.1984328,37.5852292
54.2102134,37.6209606
54.1990193,37.6355749
54.1901941,37.6251272
54.1961446,37.6118179
54.1134572,37.5564956
54.1680558,37.6329218
54.1639261,37.4650158
54.1733662,37.4939946
54.19657,37.6067663
54.1855913,37.7044212
54.2017751,37.5863377
54.1570587,37.580097
54.1571637,37.5013132
54.1739183,37.4944067
54.1581449,37.5854143
54.2023341,37.6423471
54.410095,37.4982274
54.4055215,37.5020474
54.2058755,37.618874
54.2503086,37.3181866
54.164157,37.4661524
54.1647915,37.4657989
54.157427,37.4967027
54.2354434,37.6565135
54.3243742,37.5572298
54.1735704,37.6345681
54.2033394,37.5876561
54.1568367,37.4954504
54.1856157,37.6091739
54.2360427,37.6566743
54.2001247,37.6489517
54.4660125,37.4735573
54.4692594,37.5091623
54.4725271,37.510562
54.4737781,37.5119471
54.1561063,37.5848874
54.2255287,37.6283154
54.1588142,37.6037153
54.1858612,37.5725875
54.184919,37.5723316
54.1732374,37.6350212
54.1728728,37.6396602
54.2334133,37.6241849
54.2249978,37.6280538
54.2005194,37.6364244
54.2371114,37.5053117
54.238468,37.5066248
54.2382769,37.5057551
54.2374622,37.5087294
54.1571774,37.4967367
54.4071183,37.4966541
54.1483003,37.4363874
54.1351424,37.5795148
54.1958285,37.6621698
54.2030927,37.6388459
54.1641158,37.5869573
54.1741371,37.6403942
54.1543546,37.5844358
54.1560787,37.5933168
54.4671654,37.510868
54.4699812,37.513419
54.4721528,37.5117782
54.1506616,37.5834546
54.1740153,37.4938461
54.2060612,37.6540281
54.2363109,37.6559619
54.1402154,37.6703968
54.1972972,37.6116316
54.1143242,37.5574901
54.1649628,37.5871814
54.2153567,37.4860431
54.3395581,37.5462246
54.3318081,37.5517233
54.4682628,37.5113262
54.2229478,37.5882955
54.1862158,37.5719616
54.3177206,37.4072213
54.3204063,37.4093344
54.3204382,37.4038475
54.3206914,37.4083577
54.2476102,37.3235893
54.2275638,37.6285178
54.1470048,37.6460247
54.17401,37.6340704
54.1903197,37.6250759
54.1921822,37.6165028
54.1937167,37.6125937
54.171425,37.5938349
54.1836032,37.6071523
54.1693382,37.5915623
54.2082859,37.62028
54.217757,37.6247822
54.2334549,37.6243353
54.217914,37.624856
54.2049234,37.6186902
54.1969737,37.6010587
54.1739734,37.6339941
54.1474013,37.5827505
54.156222,37.58504
54.1668037,37.5887397
54.1638185,37.5869977
54.140307,37.6707751
54.2161869,37.485249
54.5932308,37.5010581
54.8309488,37.4578976
54.5933539,37.5024344
54.5038703,37.1069336
54.5089878,37.1182628
54.5141883,37.1147369
54.5183113,37.0840038
54.8312233,37.4580917
53.454903,36.9148592
53.9899859,36.7181645
53.9378992,36.7356842
53.9342092,36.6827499
53.936391,36.6712935
53.9395392,36.7443589
54.1200077,36.502806
54.1229528,36.5006259
54.1271918,36.4990219
54.1271739,36.4988285
54.1191109,36.5051586
54.1202311,36.5023994
54.5091355,37.0128111
54.4914261,37.0043678
54.5157756,37.0721331
54.5131721,37.0719943
54.5176924,37.0840789
54.5133223,37.0706731
54.512633,37.0704643
54.5177393,37.084084
53.7882996,36.1561665
53.7877668,36.1561778
54.131795,36.4712486
56.281834,70.4050371
56.1400419,69.5291786
56.1234934,69.5033676
56.1121231,69.5318158
56.1088576,69.5329451
56.1151868,69.5229761
56.1610468,69.5626377
56.1619318,69.5676061
56.1611285,69.5632547
56.8249196,70.5901687
55.6309542,69.2341099
55.6315535,69.2341261
56.1525134,69.470299
56.1341685,69.3967155
56.0871945,69.4134129
56.1078341,69.4466553
56.1040677,69.4394677
56.1032272,69.439672
56.1080072,69.449564
56.1057939,69.4500944
56.1012482,69.3455493
56.1086803,69.461041
56.1160695,69.483853
56.152353,69.4790291
56.1527309,69.4688397
56.1111759,69.3737981
56.110256,69.3720707
59.1406017,68.8973436
59.5962145,69.412968
55.8011124,68.3493822
55.8015268,68.3484084
55.8010157,68.3476572
55.8009614,68.3473367
55.8010027,68.3488118
56.438126,68.4134884
56.4377906,68.412127
56.4064645,68.3861223
56.3928222,68.382277
56.4383896,68.4106321
56.4375417,68.4129804
58.2279564,68.2768028
58.187756,68.2640779
58.1685001,68.2769752
58.1832688,68.2694575
58.1971995,68.2553091
58.212236,68.2739637
58.2176256,68.2744265
58.2278325,68.2773941
58.2199852,68.2751821
58.2278546,68.2812865
58.2178715,68.273878
58.2278304,68.2768055
58.2301902,68.4345396
58.2267749,68.3434897
58.2281716,68.3441762
58.2282851,68.3441696
58.231021,68.2644536
58.2278498,68.2656617
58.2263581,68.2774317
58.2291201,68.2767766
58.216917,68.2736322
58.2199768,68.2757372
58.2193455,68.2748105
58.229757,68.276774
58.224537,68.2768659
58.2279426,68.2951102
58.2307401,68.2644595
58.2279869,68.2833821
58.2329645,68.2772875
58.2229393,68.3433132
58.232462,68.3434387
58.219622,68.295604
58.2207237,68.2960023
58.221278,68.2952391
58.2279429,68.2679591
58.2281083,68.3293659
58.2280627,68.2970639
58.2275921,68.2768108
58.1832157,68.2702433
58.228202,68.3256536
58.1933581,68.365294
58.2275962,68.2774014
58.222469,68.2777712
58.2192412,68.2712601
58.2282357,68.2862842
58.1123916,68.2588689
58.2211523,68.3424789
58.2278884,68.2867644
58.2889932,68.2884287
58.2887464,68.2877218
58.288242,68.289225
58.2894761,68.2892247
58.2342327,68.2766756
58.266874,68.2551735
58.2371692,68.3432395
58.2341573,68.2638895
58.2671575,68.2558367
56.4968324,67.609023
56.818824,67.3930651
56.4966192,67.6729546
56.4783313,67.6659251
57.7461859,67.604163
57.5264741,67.1636828
57.5683705,67.2133127
57.5682027,67.2139744
56.3420125,66.5782745
56.5143816,66.6604017
56.4944037,66.5549156
57.1719644,66.5624539
57.172156,66.5618095
57.2246252,66.6934639
57.3020457,66.9321181
57.3538989,66.983922
57.3532382,66.9830585
57.2650371,66.843031
57.1475774,66.3979743
57.3834546,67.0321864
57.4339319,67.0754414
57.4915548,67.0949024
57.4915587,67.0956438
56.6206421,66.2804053
56.6566662,66.2656345
56.6566626,66.2640262
56.6575814,66.2665976
56.657292,66.2679363
56.6198241,66.282928
56.6374391,66.2369162
56.618585,66.2848055
56.6573994,66.2670346
56.8218399,65.9369211
56.7879305,65.975035
56.788103,65.9756337
56.6501869,66.209097
56.6198029,66.2814163
56.6393552,66.2339833
56.6391051,66.2336128
56.7024206,66.0903328
57.0251949,65.7466435
57.1215453,65.624734
57.0718279,65.6489631
57.0183566,65.7327849
57.1210022,65.6155042
57.1214426,65.6575171
57.1057861,65.6523709
57.2360202,65.5870365
57.2192595,65.6314257
57.219768,65.6342252
57.0912797,65.6878821
57.0209464,65.7292175
57.0198635,65.7332301
57.1214681,65.6169346
57.1179989,65.6179315
57.2185943,65.635149
57.1230158,65.6599008
56.8936701,65.8732444
57.172777,65.6626239
57.1735376,65.6621559
57.1214518,65.6158938
57.1699001,66.0793828
57.1695902,66.0805364
57.1220765,65.6224403
57.1724513,65.665931
57.1712624,65.6808583
57.0794226,65.7051752
57.1707402,65.6872421
57.0428269,65.669749
57.1052805,65.6592274
57.1574311,65.6884815
57.1532759,65.6904191
57.1677464,65.6859227
57.1628967,65.7750778
57.1630819,65.7773704
57.0970662,65.6185012
57.0999439,65.6110101
57.1232827,65.6935766
57.1207787,65.6892727
57.1210366,65.6827445
57.1210778,65.6157262
57.105384,65.6533033
57.0945788,65.6814749
57.1003547,65.6801589
57.1003927,65.6804111
57.0891588,65.6797108
57.1022585,65.6822083
57.1846503,65.9521475
57.184662,65.9543824
57.1036976,65.6778851
57.1043019,65.6712586
57.1038125,65.6779489
57.1692284,66.0802665
57.0183447,65.7539088
57.186211,66.030061
57.0916179,65.6876555
57.0941133,65.6813317
57.0960478,65.6757512
57.1179461,65.6843759
57.2197976,65.6333509
57.2175968,65.6462823
57.0170806,65.7558292
57.1602134,66.2381511
57.1433244,66.341814
57.0846779,65.6179905
57.0299963,65.7425362
56.9717327,65.7925377
57.0144097,65.7588463
56.9437901,65.8283804
56.9162689,65.8320287
56.9130902,65.838479
57.6554158,65.8505786
57.6555539,65.8501145
57.668422,66.1259555
56.4893977,65.3539584
56.4891924,65.3527665
56.4897762,65.3549613
56.4901213,65.3534585
57.1810698,65.5735274
57.1210707,65.6114935
57.1858208,65.3584827
57.1127456,65.5387639
57.1283443,65.4870585
57.1256108,65.5886448
57.186107,65.5613743
57.1576668,65.4395718
57.114187,65.573125
57.1277193,65.5927334
57.1207042,65.5469188
57.127659,65.5888515
57.1545528,65.5374734
57.1981168,65.5957456
57.1381575,65.5692927
57.1637623,65.5195535
57.1267988,65.5914342
57.1339685,65.6033439
57.121499,65.6156757
57.1452956,65.5825958
57.1209282,65.6154099
57.1554509,65.5619315
57.1502943,65.5523539
57.1518214,65.5555363
57.1485234,65.5492961
56.9395891,65.4320656
57.1365921,65.5270657
57.145937,65.5445282
57.1564341,65.5299663
57.1588994,65.4879636
57.1581584,65.43974
57.1620983,65.4397137
57.1181519,65.5253818
57.1200762,65.5188876
57.1228076,65.509843
57.1216663,65.5198605
57.1338781,65.6035212
57.188311,65.5602181
57.2167821,65.48158
57.1882438,65.5936085
57.1802011,65.5779879
57.213233,65.525949
57.1794403,65.5498638
57.1987045,65.5961141
57.199176,65.5960341
57.1208219,65.614926
57.1196764,65.6133622
57.1741441,65.5393511
57.1671958,65.515277
57.1582878,65.4872753
57.1622608,65.4323725
57.1621151,65.4441621
57.098176,65.5248393
57.1865851,65.3574279
57.1994166,65.5971358
57.1278278,65.4760725
57.1600189,65.5420622
57.1367863,65.5262845
57.1990277,65.5964974
57.1451812,65.5813725
57.2163909,65.4957094
57.2122606,65.5362769
57.14724,65.5784206
57.1512574,65.5708919
57.1416614,65.5892123
57.143956,65.5848156
57.1374439,65.5972403
57.1381181,65.5143513
57.1381284,65.5151073
57.1579021,65.5660739
57.1572745,65.5579061
57.1609619,65.5417648
57.1545841,65.5963914
57.1311609,65.6085361
57.1115174,65.570193
57.1116745,65.5703905
57.1502223,65.5524897
57.218352,65.5366656
57.1332549,65.491744
57.1284329,65.4871365
57.1296714,65.4813123
57.1300058,65.4822432
57.1985486,65.5954179
57.2279284,65.5437598
57.1099755,65.5479304
57.0940525,65.591666
57.0931393,65.1365955
57.0922718,65.104193
57.1058977,65.5950912
57.1060947,65.5949187
57.1198024,65.5511077
57.1473146,65.5854365
57.199214,65.5967716
57.0949836,65.1912063
57.0962245,65.2228604
57.1018038,65.3180813
57.1167049,65.5297797
57.1019897,65.6053011
57.1022974,65.6050293
57.1046236,65.5985076
57.1013343,65.5715231
57.1056233,65.5614068
57.1608498,65.5407615
57.181573,65.5712053
57.1428625,65.5779455
57.1430019,65.5781929
57.0939541,65.5915487
57.2135722,65.5136487
57.1036793,65.5920476
57.1018843,65.5895738
57.1052402,65.5630097
57.1155584,65.421767
57.0971768,65.5844379
57.0969602,65.5815644
57.1331675,65.4918397
57.115424,65.5689337
57.1728765,65.6030142
57.1186043,65.6165189
57.1159268,65.5225656
57.1157087,65.5228371
57.1668186,65.601001
57.1780287,65.6019907
57.1779682,65.6040124
57.0922238,65.1026287
57.1541992,65.5991765
57.1659756,65.569394
57.1777939,65.6038245
57.0817735,65.0078222
57.0815296,65.006919
57.1122037,65.5426633
57.1576791,65.5414184
57.1545024,65.597398
57.1788098,65.5908366
57.1731424,65.5713683
57.1715951,65.584304
57.185385,65.6058743
56.016395,53.6994754
56.4575609,53.7388445
56.4090006,53.7618265
56.4391122,53.7379845
56.4563458,53.7408875
56.393439,53.7607896
56.4820502,53.7564823
56.3616192,53.7170536
56.392508,53.760737
56.4553138,53.7409401
56.4477367,53.7665564
56.6186032,53.3521011
56.7870708,53.4107563
56.7411159,53.1614601
56.8448951,53.204593
56.776618,53.7312722
56.824298,53.3567953
56.8427849,53.3008157
56.8332808,53.4385587
56.8469745,53.2301776
56.8376252,53.2161304
56.8568563,53.2915271
56.8468029,53.2887187
56.8430074,53.3019006
56.7372003,53.2795898
56.7346857,53.2823962
56.8328866,53.2788832
56.8335972,53.2005736
56.8335174,53.2272735
56.8744445,53.2829671
56.8750875,53.2842195
56.8720573,53.2492448
56.917652,53.4614865
56.8434589,53.2002292
56.8129063,53.2043055
56.8855275,53.2286805
56.872078,53.2225506
56.876345,53.1833012
56.8384467,53.230233
56.8612508,53.1835372
56.8610796,53.1835833
56.8392757,53.2984425
56.899322,53.3099103
56.777335,53.7314756
56.7770711,53.7318344
56.8778547,53.2577746
56.8777252,53.2584164
56.8425855,53.2850026
56.8718591,53.2225605
56.7418659,53.1604619
56.7399092,53.1597884
56.8137569,53.2033738
56.8340227,53.1997868
56.8313994,53.1727316
56.7739138,53.1614885
56.8353003,53.158866
56.9172701,53.458321
56.8379802,53.2898032
56.8461134,53.2340471
56.8111716,53.194653
56.8197407,53.2083911
56.7744143,53.1626051
56.8811847,53.1932403
56.7961221,53.2267664
56.848734,53.2800141
56.853281,53.305738
56.8486948,53.2598266
56.7113954,53.1372562
56.8551389,53.2793703
56.9487633,53.2223978
56.8720232,53.2305708
56.8372705,53.2054527
56.8996151,53.3116588
56.8457638,53.3033469
56.9811466,53.1389663
56.8608431,53.2065997
56.8442483,53.1967821
56.9496051,53.2206846
56.9475902,53.2239295
56.8339871,53.2014458
56.8442568,53.2144156
56.9801288,53.1386822
56.8381005,53.2289649
56.8380648,53.2161244
56.8720542,53.2482436
56.8442877,53.1945177
56.7035748,53.1340855
56.8616527,53.2211819
56.8720255,53.2183816
56.8330345,53.2792945
56.861476,53.17708
56.830746,53.1479963
56.8679006,53.275619
56.8754569,53.2836407
56.8690293,53.2743208
56.7645814,53.0728539
56.7112387,53.1374297
56.8718949,53.2079336
56.8375895,53.2168485
56.8716286,53.2084246
56.8331534,53.4367952
56.8441432,53.1890885
56.8492307,53.2796745
56.8435475,53.204845
56.7351033,53.2828835
56.8295608,53.1278751
56.8689305,53.2755733
56.8715282,53.2556469
56.8927977,53.2701046
56.8881045,53.258533
56.8717174,53.2565712
56.8543851,53.2231169
56.8558573,53.2226926
56.8514965,53.2242984
56.8466745,53.2261036
56.8453082,53.2267543
56.8472128,53.2879765
56.7867956,53.4105896
56.8392862,53.2987461
56.8904765,53.2572595
56.8576305,53.305185
56.882882,53.2260744
56.8608387,53.2210466
56.8377539,53.2143459
56.861106,53.184159
56.7106606,53.1394384
56.8064399,53.1885914
56.8485336,53.259857
56.8373681,53.2054374
56.8378369,53.2145172
56.8316121,53.1563024
56.832075,53.1624969
56.8372971,53.216669
56.8610196,53.1771097
56.8696892,53.2754006
56.8396247,53.3092292
56.8419775,53.2806697
56.8537369,53.2792325
56.8472156,53.248655
56.8695505,53.2753595
56.8720225,53.2310466
56.8710964,53.2573026
56.8397738,53.309213
56.8483018,53.2800496
56.8486363,53.2806044
56.8488915,53.2789942
56.8871974,53.2374764
56.8621805,53.2215516
56.8844757,53.2583794
56.7867289,53.4105382
56.8473771,53.289159
56.8471271,53.2874714
56.777203,53.7321459
56.8323171,53.1624727
56.8797173,53.223822
56.8115111,53.1902056
57.191529,53.1545905
57.2656186,53.8041447
57.6383944,53.8226536
57.631718,53.7677992
57.8880754,53.3838845
57.9020752,53.7192482
57.0100626,53.9601263
57.0803162,54.0224314
57.0431307,54.0166484
57.0412736,54.0060237
57.0433767,53.964633
57.0428943,53.9642526
57.0588417,53.9874008
57.0666748,54.0377396
57.0457956,53.9581901
57.1078243,53.9880536
57.0617629,53.9870165
57.0538718,53.9869306
57.0527186,54.0018483
57.0519681,53.971914
57.0620615,53.9925495
57.0648394,53.9974236
57.0546411,53.9869396
57.0519325,53.9847123
57.0428079,54.033138
57.0429877,54.0332869
57.0519705,53.9729187
57.0431405,54.0326301
57.0516532,53.9723531
56.9059307,53.984104
56.9056938,53.9851136
56.263243,54.194446
56.4986441,53.7941253
56.4615254,53.8079395
56.4428008,53.7982342
56.258587,54.1936071
56.257695,54.0421185
56.4769309,53.8207914
56.2583398,54.191626
56.2496305,54.1894354
56.4606319,53.8032102
56.4606982,53.803824
56.460432,53.8036905
56.2271432,54.1956328
56.2441574,54.1249914
56.2442211,54.1255685
56.2439572,54.1249575
56.1911818,52.4637271
56.5613454,53.0123613
56.5605622,53.0124002
56.5609827,53.0125557
56.5608795,53.0134257
56.9627654,53.1335133
56.7680571,53.0646783
56.9806356,53.1359527
56.764012,53.0712246
56.8416508,53.1190899
56.981896,53.1389871
56.7614706,53.0684166
57.4446459,52.5820461
57.5938504,53.0601386
57.7027744,52.5023292
57.5385164,53.0810804
57.7169209,52.5082688
57.7172502,52.507982
57.529139,53.0937919
58.110857,52.706554
58.1119844,52.7059872
58.1402896,52.6725249
58.1412127,52.6738159
58.1463258,52.6227892
58.1334893,52.6824425
58.1302632,52.6609787
58.1391667,52.6000242
58.1297721,52.6591784
58.130753,52.6593181
58.142601,52.639811
58.1110283,52.7047325
58.13035,52.659136
58.1302386,52.659933
58.1355286,52.6633934
58.1356318,52.664031
58.1342946,52.6799859
58.1110509,52.7047109
58.1188113,52.6516773
58.2293658,53.1834115
56.1347206,51.7275682
56.5231669,52.2008297
56.4387143,52.2391654
56.4380597,52.2116695
56.7651996,52.3757197
56.7535593,52.3614145
56.766538,51.9309938
56.9966019,52.1430584
57.6813752,52.4128368
57.5416914,52.1059433
58.2256505,52.1320131
58.2575805,52.0871016
56.1589988,51.7011706
56.1354098,51.7254294
57.1292416,51.6121842
52.7150305,47.0654699
53.1191358,47.1994072
53.1397188,47.0571504
53.1191039,47.1983919
53.1398965,47.0555554
53.1403253,47.0564298
53.6535167,47.1165254
53.7389944,46.7758469
53.7384408,46.7767649
54.3792743,46.9903969
54.1944059,46.9735242
54.4455865,46.7734137
54.3790679,46.9901555
54.2909204,47.2466172
54.4471882,46.76846
54.4469013,46.7693848
54.3130318,47.6574881
54.3128019,47.6574174
53.7229864,47.716319
53.8093605,47.8559146
53.1517017,47.642928
53.1454396,47.7251373
53.1611579,47.7603213
53.1490804,47.5816161
53.1477279,47.5713955
53.1446915,47.5387689
53.1437322,47.5003775
53.1524649,47.6375142
52.7240225,47.6086558
54.5234695,47.9877285
54.2073134,48.2948029
54.3115818,48.413927
54.3078926,48.3970146
54.3069656,48.348291
54.2924723,48.2329106
54.2910375,48.2537598
54.212814,48.2913218
54.4148218,48.1692679
54.3370317,48.3818086
54.3063882,48.3488931
54.3079241,48.3954596
54.3221672,48.4020638
54.2851374,48.3021763
54.2681808,48.3091905
54.3335826,48.385405
54.2691543,48.3061912
54.2789638,48.3433111
54.3524434,48.3621026
54.3042956,48.3490662
54.2804943,48.2961505
54.3085624,48.4090002
54.3626527,48.3361944
54.3319603,48.2984927
54.3749796,48.5806457
54.2998256,48.3789037
54.3386922,48.5658635
54.3069229,48.3789253
54.3155123,48.356276
54.3054838,48.3499235
54.3821087,48.6203248
54.2803911,48.2964835
54.2293518,48.2533241
54.3715477,48.5732869
54.2637132,48.3259201
54.3821299,48.620671
54.3856039,48.5824276
54.3650546,48.581744
54.3616364,48.6889453
54.3740108,48.308875
54.375524,48.3094848
54.3750864,48.3087028
54.2755853,48.2906967
54.2979389,48.3294645
54.3378164,48.5581667
54.3459396,48.5659857
54.3497295,48.5979625
54.347517,48.5706289
54.3738866,48.6313983
54.3387522,48.572239
54.3217577,48.4015554
54.3509195,48.6079395
54.3750487,48.6298892
54.380011,48.6228337
54.3919045,48.5966186
54.3589522,48.6502235
54.3886303,48.6121538
54.3792301,48.5906862
54.3530575,48.6582619
54.3649293,48.5818942
54.3779581,48.5655316
54.3459586,48.5662792
54.3682233,48.5893879
54.3854805,48.5825855
54.3495711,48.5980055
54.2991978,48.3405749
54.3555706,48.3689145
54.2756907,48.290412
54.3785586,48.5760034
54.3075006,48.3889315
54.3196806,48.3567094
54.3569785,48.3723775
54.3625347,48.3813729
54.3575539,48.5644688
54.3625397,48.5760674
54.3202906,48.4756168
54.3042515,48.3494252
54.3422888,48.5671165
54.3378459,48.5417154
54.3218338,48.4021607
54.3483465,48.5816836
54.3488181,48.5852894
54.3481474,48.5762673
54.2573174,48.2487743
54.3719022,48.5736757
54.3479236,48.5729205
54.3665307,48.5855489
54.3176576,48.3965364
54.3577513,48.4954022
54.213119,48.2972398
54.3050851,48.388662
54.3691642,48.6370525
54.3709843,48.6351441
54.334079,48.5179569
54.2990276,48.340787
54.3194755,48.3567203
54.317196,48.3570141
54.3196814,48.356891
54.3536458,48.607428
54.1921849,48.2803125
54.2902008,48.2540949
54.3785979,48.5670012
54.3534326,48.5510704
54.3381112,48.5614339
54.3370857,48.5418078
54.3378148,48.5496621
54.3109127,48.4115717
54.3058244,48.3506839
54.3863315,48.6152411
54.4229795,48.162266
54.3335042,48.385078
54.2140892,48.2880348
54.3385712,48.5714203
54.3386025,48.5719044
54.2141933,48.2881455
54.366655,48.5853809
54.3526945,48.5261198
54.2910665,48.2538043
54.3683236,48.5896246
54.3750448,48.5807969
54.2920949,48.239513
54.2580156,48.2487278
54.3749282,48.3093917
54.3091019,48.2378122
54.3542092,48.2130772
54.1918947,48.2808304
54.357145,48.5004013
54.3574402,48.4984804
54.3144941,48.2337454
54.3088749,48.2387324
53.7227909,48.3502764
53.9998,48.2213888
53.9612225,48.7793004
53.9596304,48.7584055
53.4763802,48.3356073
52.8063721,48.2289344
54.3849555,48.8432672
54.354793,48.845113
54.354767,48.845655
54.3547588,48.845173
54.3746152,48.7813924
54.3549607,48.844292
53.9614839,48.7807968
53.9616305,48.7865829
54.1644888,49.726412
54.2246238,49.5632477
54.2129267,49.5405308
54.1633919,49.7306937
54.2210315,49.6248507
54.2302962,49.5845277
54.2092392,49.5989343
54.247149,50.0425489
54.2158927,49.5479375
54.2269063,49.5682539
54.2271074,49.5683725
54.2270702,49.568706
54.2306554,49.5974964
54.219979,49.5853303
54.2250848,49.5536643
54.1950155,49.6388498
54.2189696,49.6142008
54.2095346,49.5872771
54.2090942,49.5862162
54.2307532,49.5862596
54.2131719,49.6405856
54.2197735,49.6133814
54.230516,49.5986134
54.2127479,49.5411793
54.2158096,49.5873872
54.2220439,49.5699888
54.2308024,49.5865363
54.2196592,49.6212894
54.2268455,49.568254
53.8536698,46.362835
53.8536708,46.3649261
46.8079321,134.2878976
46.8099198,134.2907189
46.8870768,134.2774669
46.8480298,134.2597149
46.8884612,134.2769384
47.1619055,134.3549924
48.5198973,135.0520359
48.5381547,135.0134298
48.5126646,135.0690666
48.4955135,135.0651026
48.5468813,135.0413846
48.5392827,135.0329639
48.4906522,135.0864011
48.5485253,135.0642521
48.5467623,135.0400424
48.5099078,135.0717766
48.5371205,135.0314619
48.5367313,135.0494481
48.5469822,135.0429969
48.5034928,135.0885814
48.5201103,135.052419
48.4956776,135.07149
48.4937571,135.0789452
48.537175,135.0672291
48.2073678,135.0779707
48.3971629,135.1000141
48.4821523,135.0574661
48.4731098,135.0780491
48.4802704,135.0882558
48.4905366,135.0841552
48.4863369,135.0897667
48.4692227,135.0699532
48.4706131,135.0730718
48.4768144,135.0647618
48.3592313,135.0806767
48.345147,135.0782687
48.4874008,135.0624794
48.3459084,135.0746388
48.3463368,135.0748445
48.4685393,135.0704847
48.4884777,135.0832755
48.3435485,135.052325
48.2896506,135.0707198
48.2848217,135.0742626
48.4669844,135.0861911
48.4903126,135.087013
48.4903341,135.0865551
48.2840734,135.0692867
48.2860968,135.0714698
48.3437187,135.0737084
48.4731918,135.0780099
47.888517,134.9774881
47.5363868,134.7534993
48.4941447,135.0979168
48.5217007,135.1107151
48.5099248,135.1445588
48.5150478,135.1579848
48.5012423,135.0937492
48.4959057,135.0957323
48.4957111,135.0964892
48.4961965,135.0965233
48.4969821,135.0983493
48.5094408,135.1447204
48.5476836,135.0959257
48.4998454,135.1589787
48.5149947,135.1579051
48.5082271,135.158339
48.5127236,135.1601895
48.5070853,135.1620311
48.5592562,135.0896939
48.4563514,135.1015963
48.393674,135.1321823
48.4537491,135.1014792
48.4339677,135.1055702
48.3947692,135.1394915
48.4755198,135.11609
48.4832522,135.0930436
48.147366,135.5027791
48.481037,135.0967773
48.3806994,135.1123099
48.479183,135.1123292
48.3935434,135.1397033
48.39426,135.1390937
48.4741419,135.117118
48.4636468,135.1191157
48.461828,135.1196606
48.4572183,135.1211847
48.4772296,135.1144454
48.4541412,135.102329
48.454176,135.1018362
48.4565691,135.1080601
48.4175935,135.0985229
48.1607178,135.1368601
48.4775115,135.1162257
48.4043578,135.3134953
48.1618821,135.1393897
48.4258702,135.1013061
48.4925435,135.5154762
48.3951366,135.1394012
48.4265087,135.1006155
48.4938594,135.513105
48.4838251,135.1701968
48.4823859,135.1733629
48.4551902,135.1947261
48.378384,135.1641547
48.4108649,135.2207475
48.4063872,135.106945
47.9591396,135.5077969
50.6560584,136.9050839
50.7181286,136.6375371
50.6566518,136.9041863
50.2304644,136.9013949
49.5048845,136.9192924
49.5044813,136.9201758
50.5427463,137.0304897
50.5939804,137.0649599
50.5590785,137.0235573
50.5454747,136.9999162
50.5440986,136.9975427
50.5792111,137.0589226
50.5546867,137.0165445
50.544797,136.9654348
50.5398604,136.9904756
50.5743078,137.0662609
50.5648529,137.015296
50.5433785,137.0301214
50.5349025,137.0088733
50.5366155,137.0121629
50.5490006,136.9793651
50.5942222,137.1067868
50.540578,136.9917235
50.5542536,137.0160197
50.5722629,137.0621214
50.7153602,137.2051889
50.5884596,137.0589903
50.5600257,137.0288178
50.5403314,136.9913082
50.5440026,136.9976793
50.5871805,137.0589773
50.587182,137.0593379
50.5926756,137.0590154
50.5606746,137.0358799
50.5420115,137.0224783
50.5443503,137.0012452
50.5433405,136.9962212
50.5718376,137.0589847
50.5735803,137.05897
50.5512196,136.9906475
50.5601481,137.0282802
50.5414768,137.0053014
50.5416685,137.0052916
50.5444319,137.0013895
50.575283,137.0590878
50.5768511,137.0590644
50.5823641,137.0589368
50.577968,137.0589331
50.5492771,136.9801791
50.5766632,136.995348
50.5759448,136.996244
50.5430191,137.0303439
50.5437098,137.0304128
50.5420249,137.0231904
50.5385557,137.0094245
50.5373956,137.0113247
50.5393256,137.0083378
50.5440754,136.9838345
50.5418881,137.0217544
50.5511777,136.9916964
50.5767182,136.995487
50.5737246,136.9984853
50.5677708,137.0072007
50.5422683,137.0246718
50.5401242,137.0072107
50.5793585,137.0592623
50.5707998,137.0592285
50.471444,137.0063239
50.3720838,137.5373797
50.2898891,137.5171325
50.3729124,137.5374487
50.1033339,139.1157315
49.0915386,140.2666026
49.0852492,140.2639148
49.0900419,140.2630066
49.0909808,140.2575844
49.0902532,140.2613858
49.0906129,140.2593897
49.090781,140.2580591
49.0907569,140.2582119
49.0653748,140.2360123
49.0776819,140.2647703
53.1029656,140.7581757
51.1342527,132.8837979
61.2595979,75.2159003
61.2597828,75.2144196
61.2683292,75.182479
61.2683514,75.1818136
61.2826038,75.2296
61.2781793,75.1793034
61.2600699,75.2135692
61.2825805,75.2302544
61.7154446,75.5535549
61.740646,75.5800593
60.9541163,76.5777537
60.9425148,76.5807948
60.9698366,76.5318631
60.9681734,76.5317133
60.9403105,76.5299468
60.9418967,76.5832296
60.9489902,76.5294753
60.9481904,76.5272739
60.9446689,76.5300346
60.9452817,76.5585878
60.9391767,76.5487337
60.9377325,76.5590367
60.9325337,76.588013
60.9454534,76.5664976
60.9454486,76.5662766
60.9396608,76.5601192
60.9394687,76.5576294
60.9393715,76.5720701
60.9463159,76.5663506
60.9304892,76.5396905
60.9394357,76.5305557
60.9500419,76.5876843
60.9392474,76.5458625
60.938974,76.5366211
60.9381842,76.5761559
60.9847462,76.4796737
60.9877733,76.4481207
60.9810099,76.4956774
60.9516943,76.5839995
61.0401763,76.1027297
61.0319205,76.1027161
60.9311495,76.5688918
61.0485499,76.1126647
61.0476767,76.1145779
60.968198,76.5346363
61.042535,76.1057651
60.9445179,76.5297858
60.9311208,76.5697181
60.9491704,76.497218
60.9592766,76.5641339
60.9505178,76.5624246
60.9505253,76.5864394
60.958642,76.5661313
60.9417715,76.5668185
61.0120932,76.3990698
60.9386124,76.5306165
61.0637838,76.1861966
61.0427294,76.1059817
61.0423804,76.1062311
61.0509033,76.332047
60.9662434,76.656474
61.0469953,76.1145279
61.0364919,76.0960653
62.1233528,77.474493
62.0888761,77.554451
62.1402942,77.4909064
62.1400506,77.4919033
62.1000992,77.4783388
62.1002211,77.4775943
62.0998654,77.4769221
62.1000959,77.4760664
62.127275,77.4800075
62.1266596,77.4790379
60.9406897,76.6203997
60.9302653,76.6081553
60.9324613,76.5882973
60.9473211,76.6617827
60.9224458,76.6018208
60.9232101,76.5983145
60.9449891,76.6014628
60.9458008,76.6522271
60.9326461,76.5979669
60.9322172,76.6004699
60.9389453,76.5948642
61.2482739,76.9298948
61.2536688,76.9382252
60.9516509,76.6080671
60.92341,76.5996553
60.9464825,76.6564809
60.941553,76.6148043
60.9425849,76.6114628
60.9513324,76.6085297
60.9149724,76.6162464
60.9468449,76.5958929
60.9496874,76.5891548
60.9432628,76.5998607
60.9357399,76.5866817
60.9651359,76.8492183
60.9282632,76.5837284
61.2504907,76.9307558
60.9279622,76.6172582
60.9496796,76.6065236
60.929448,76.632163
60.9522614,76.6095056
60.9343485,76.5906396
60.9349819,76.5902713
60.9406391,76.6191442
60.9252919,76.6277035
61.6160097,73.7899822
62.2306613,74.5471558
62.2444027,74.5245273
62.2307017,74.5467275
62.2728237,74.5264516
62.2702736,74.4840921
62.2721324,74.4817316
62.2726967,74.5352006
62.2665386,74.4897217
62.2717889,74.4830637
62.3505673,74.3515685
62.2726721,74.5342001
62.2723877,74.5105641
62.2921674,74.4611687
62.3509644,74.3525962
62.3513841,74.3525683
62.258317,74.5018415
62.2579978,74.5026075
62.2543153,74.5268905
62.254773,74.5270587
62.3511636,74.3518386
62.2561052,74.4904921
62.2563433,74.5428466
62.2622057,74.4968525
62.2616551,74.4974486
62.272321,74.5105708
62.2494415,74.5277014
62.2450089,74.5252103
62.292344,74.4624214
62.2732046,74.5227994
62.2735877,74.5238517
62.2735228,74.5230366
62.2734214,74.5233213
62.2727017,74.5237131
62.2490907,74.5276504
61.2662712,73.4024746
61.2582142,73.4533916
61.255812,73.4317142
61.2575145,73.4176936
61.2425534,73.3988331
61.2491495,73.3505089
61.2763019,73.3532901
61.3309505,73.4124026
61.2415988,73.4798349
61.2805328,73.4115856
61.2539596,73.3953179
61.2781747,73.3526169
61.2778248,73.3484487
61.2677987,73.3503142
61.2377879,73.3825339
61.2745965,73.3510163
61.2608752,73.3887808
61.2542889,73.3941185
61.2657712,73.3610069
61.257923,73.1889213
61.2482873,73.3932814
61.2755304,73.3736848
61.2582109,73.3801581
61.2537837,73.3954437
61.2545,73.3959636
61.2678962,73.4241026
61.2594961,73.4635569
61.2318819,73.4628404
61.2486567,73.3782402
61.252847,73.400476
61.2698751,73.3712304
61.2751038,73.2187554
61.2778321,73.3533282
61.2727322,73.3720948
61.2746394,73.3507308
61.2762786,73.374001
61.2746201,73.3738188
61.2725328,73.3723607
61.2752054,73.3527047
61.2492406,73.3507868
61.3311206,73.4096736
61.2613348,73.3766171
61.2622305,73.3770499
61.256312,73.3830038
61.2603106,73.3778391
61.2561564,73.4168771
61.2483958,73.3813892
61.2334082,73.4120428
61.2655685,73.3606019
61.2389555,73.4458286
61.2491557,73.4397549
61.2759501,73.2304151
61.276078,73.2093478
61.2753094,73.3555396
61.2752003,73.3719966
61.2319091,73.4638783
61.2568968,73.4461366
61.2524467,73.4580907
61.2525712,73.4579855
61.260095,73.3935945
61.2309371,73.4138471
61.2790192,73.374907
61.2651584,73.3619159
61.247849,73.3815616
61.2556671,73.3829077
61.3088254,73.1497855
61.2531815,73.395218
61.2397569,73.1576736
61.275121,73.2177075
61.2588075,73.1854903
61.3072082,73.1415575
61.239502,73.4413811
61.2474502,73.4219065
61.243819,73.4484635
61.2564723,73.4265463
61.2684297,73.4245587
61.2681377,73.4221057
61.2763606,73.5188281
61.2582829,73.4093094
61.2423914,73.4586173
61.2355639,73.4153846
61.2525265,73.4577645
61.2332191,73.44912
61.3405594,73.5164799
61.238541,73.4454755
61.241586,73.4619416
61.2309703,73.4134951
61.2584144,73.188771
61.2755873,73.214913
61.2474886,73.5201702
61.2857129,73.3657566
61.2682081,73.424652
61.3090322,73.1518073
61.2595608,73.1879148
61.2481869,73.3821726
61.2490834,73.4393532
61.3078028,73.1375391
61.2599017,73.5178044
61.2290311,73.455106
61.2357203,73.4702153
61.2599945,73.4760382
61.2604179,73.475675
61.2605987,73.4759168
61.2473411,73.4220068
61.2488271,73.3769092
61.2598068,73.1888294
61.1975428,73.1318847
61.2904839,73.1780766
61.2519681,73.4186326
61.25247,73.4181215
61.270626,73.3505649
61.2824977,73.353826
61.2321649,73.4418869
61.2678632,73.4243208
61.3317962,73.0265924
61.258218,73.4536647
61.2675407,73.424053
61.2339645,73.4431304
61.2611562,73.5733768
61.4223302,73.7126028
61.4229068,73.7133729
61.4225506,73.7144788
61.4219782,73.7159851
61.34145,73.5332145
61.3397712,73.4098389
61.3506391,73.2868647
61.4091896,73.7851703
61.4056287,73.7855969
61.3932452,73.6821645
62.0982814,73.7355325
62.1498104,73.5916679
60.7524646,72.8281965
60.7471327,72.8254219
60.7398624,72.5882927
60.8725169,72.791309
60.7607512,72.8311068
60.7508142,72.8259246
60.747188,72.826287
60.7602854,72.8293723
61.154364,72.7479349
61.0705166,72.6295184
61.0707803,72.6295157
61.0702295,72.6237321
61.0861992,72.6226257
61.0776847,72.6210827
61.073584,72.6295366
60.9838481,72.606067
60.986274,72.6098737
60.9832278,72.6079859
61.1188835,72.6032057
61.1051068,72.5865112
61.0928154,72.6010851
61.096157,72.6159159
61.1016286,72.6135684
61.0852138,72.6330362
61.0875333,72.6346645
61.0877153,72.6329894
61.119349,72.6023812
60.9814822,72.6079191
61.0695222,72.6315834
61.0868549,72.6328532
61.0999337,72.5887441
61.1103635,72.592351
61.1189136,72.6018729
61.0956852,72.6048214
61.5448929,72.7530108
61.6317123,72.15799
61.6249966,72.1695038
61.6367211,72.2044781
61.6242839,72.1682333
61.6242698,72.1716293
61.6200941,72.1489906
61.6362351,72.2048626
61.6243574,72.1703392
61.6274719,72.2184095
61.6370013,72.2043907
60.8763155,71.3606778
60.9643049,69.7037257
60.9670011,69.0515098
61.0018008,69.0273024
61.0070668,69.0006862
60.9694752,69.0517416
61.0067226,69.0647629
61.016201,69.0409093
61.0098366,69.0490963
61.0059558,69.0312367
60.9936129,68.9910681
60.9960359,68.9911468
61.005929,68.9920694
60.999718,68.9920182
61.0088932,69.0112607
61.0105587,69.0176093
60.9868073,69.0343124
61.017476,69.0493877
61.0104663,69.0172231
61.0144215,69.0731806
61.0050735,69.0230738
61.0006866,68.9930825
61.0023005,69.018726
61.0028165,69.038989
61.0138022,69.0479374
61.0136712,69.0702712
61.0082315,68.9929131
61.0074596,68.9939245
61.0009185,69.0202239
61.0181113,69.0335252
61.0131506,69.0486728
61.024656,69.0977686
61.0228824,69.0954969
61.0222007,69.0962339
60.9846924,69.0404596
61.007243,68.9988256
61.0098398,69.0361027
61.0066673,69.0025405
61.0109705,69.0595853
60.9701961,69.0278525
61.0078778,69.0463562
60.9696683,69.032494
60.969379,69.0306213
60.9874526,68.9961882
61.0245812,69.0977919
60.9870912,69.0334411
60.9893432,69.0264546
61.0118414,69.0624594
60.9997115,68.9904715
60.9830506,69.0431669
61.0046219,69.0558132
61.001395,69.0257777
61.0047753,69.0573254
60.983294,69.0013016
61.0193595,69.0888936
60.9684333,69.0516397
61.0349609,69.1652447
61.0194206,69.0888151
61.0151965,69.0754146
61.0132752,69.0691445
61.0132055,69.0692588
61.0097658,69.0549321
61.0098251,69.0490078
61.0049994,69.0582005
61.0023539,69.0323494
61.0034725,69.0444272
61.0028789,69.0389537
61.0045912,69.0551513
61.0047447,69.0566653
60.9892845,69.0263629
61.0066067,69.0024727
60.9935149,69.0233996
60.9922762,69.0237702
61.0048376,69.009375
60.9878385,69.0308576
60.9811231,69.0476211
60.9818679,69.044965
60.9830064,69.0430475
60.9670038,69.0513731
61.0037146,69.0473221
60.988599,68.994623
60.9874177,68.9960669
60.9741082,69.0160008
60.985954,68.997862
60.9983686,69.0713161
61.0141707,69.055007
61.0138682,69.0667796
61.0130266,69.0474537
61.0098436,69.0359808
61.0056596,69.0271385
61.0060104,69.0312199
61.0062728,69.0353388
61.0071241,69.0415362
61.0135643,69.0704539
61.0055945,69.0063413
61.0104099,69.0172862
60.9855271,69.0382861
61.0014728,69.0195127
61.0095822,69.0660214
61.0000622,69.020857
60.9691882,69.0310648
61.0308392,69.1445504
61.0335571,69.1583267
61.0191752,69.0376753
61.0143132,69.0659326
60.9888158,69.0278101
63.6301332,67.2696641
63.7165558,66.6661072
63.709619,66.6994224
63.720177,66.6781722
61.5145603,66.1644083
61.5151341,66.1617957
61.5143144,66.1621758
62.5241512,65.5966933
62.1455699,65.4491089
62.1524332,65.4177181
62.1227454,65.4200931
62.1291917,65.4138763
62.1604132,65.4616056
62.1341622,65.4083535
62.1539697,65.4642957
62.1584747,65.4629865
62.1339321,65.4074729
62.1093841,65.4335249
62.2163655,65.4811811
62.1143873,65.4293033
62.1161455,65.3495843
62.1238601,65.4188365
62.1411098,65.439426
62.1393585,65.4407997
62.1095306,65.4345975
62.1100002,65.4350276
62.4592292,66.0254956
63.9151964,65.0159534
63.9360662,65.0416749
61.2044807,64.7993469
60.1476446,64.719814
60.1106605,64.7606332
60.1255285,64.7738617
60.1212366,64.7773927
60.1258205,64.7730578
60.1231265,64.8147152
60.1046552,64.6915851
60.1050295,64.6875317
60.1193831,64.8067886
60.1041407,64.6887456
60.1175805,64.8217241
60.1472022,64.7194015
60.1248675,64.7818998
60.1192104,64.8119863
60.1174575,64.822732
61.34847,63.5953913
61.3460573,63.5963188
61.3772587,63.5674144
61.3626607,63.5708504
61.3552626,63.5419475
61.3700368,63.5586069
61.3707092,63.566876
61.3709,63.5666063
61.3709926,63.5679981
61.3557124,63.5416628
61.3770256,63.5668628
61.3553928,63.5425327
61.3772934,63.5667522
61.309665,63.2925796
61.3381646,63.3167951
61.3385352,63.3174631
61.3389853,63.3177844
61.3097071,63.2922866
61.3091051,63.2916843
61.3258468,63.3820639
61.3262208,63.3589799
61.3264292,63.3596842
61.3538791,63.5207584
61.3549457,63.5199349
61.324229,63.379194
52.4275693,60.2923016
52.3881666,60.3369287
52.4259988,60.2958894
52.4250568,60.2980371
52.390173,60.3384648
52.4039384,60.3543249
52.3960681,60.3712748
52.3889019,60.3415593
52.3953588,60.3719022
52.9632913,59.9236973
53.1251691,59.8962441
53.5239649,59.7959152
53.5059071,59.8443953
53.5286793,59.9682096
53.678602,59.738355
53.516603,59.7726314
53.6332417,59.6535176
53.6335611,59.6517387
53.6341376,59.6512435
53.9353864,60.0574689
53.8867153,59.4809376
54.2735489,59.987119
54.9442376,60.0543246
54.9442811,60.0581485
55.0303631,60.1185081
55.0645467,60.1076098
55.0373269,60.117985
55.0326147,60.1240334
55.036512,60.1189768
55.0643388,60.1102301
54.9767488,60.0946064
55.0640812,60.1039111
55.0542612,60.1120023
54.9437792,60.0506396
54.9445114,60.0510944
54.9339218,60.1392984
55.1414054,60.1432831
55.099549,59.7189416
55.1136712,59.7128855
55.0705368,60.1120676
55.1272539,59.5942577
55.3533976,59.4605463
55.15219,59.6696863
55.1196994,59.7143532
55.1242303,59.5927114
55.0925166,59.6918718
55.1695247,59.6742743
55.1815908,59.6493737
55.1925477,59.6324214
55.2156161,59.7312081
55.1368554,59.6730172
55.1365717,59.673039
55.1531916,59.6705152
55.1733298,59.6713822
55.1169623,59.6967473
55.0992516,59.7194419
55.0999021,59.7211212
55.1557356,59.6335943
55.1261295,59.5931655
55.1329993,60.1427515
55.1801703,59.6467039
55.2276533,59.5010782
55.0564886,59.6967997
55.0914632,59.6901485
55.116427,59.7352615
55.0659344,60.1090296
55.1164877,59.6965952
55.0916386,59.6907331
55.1185468,59.6993411
55.1220227,59.5955544
55.0646492,60.1076158
55.1728342,59.6726274
55.1732553,59.6720883
55.0645482,60.1048547
55.1560497,59.6341512
55.1559118,59.6343443
55.0658959,60.109984
55.9196442,59.9860423
56.0569244,59.5880385
56.0176538,59.5795881
56.0542241,59.593367
56.0176406,59.5799227
56.0537864,59.595936
56.0460512,59.7547931
56.049842,60.2231063
56.0513618,60.2452785
56.0481577,60.2454421
55.9180347,60.6023173
55.9404048,60.7750577
56.0894,60.9182452
56.1818478,60.8761959
56.161973,60.8917385
56.0416588,60.9775959
56.0671196,60.7958677
56.1448542,60.899945
56.0658029,60.9522046
56.0495355,60.9732244
56.149337,60.8993806
56.1200914,60.9025865
55.9084881,60.7348652
55.519726,60.5894387
55.7073004,60.5381633
55.7063857,60.5565221
55.7048757,60.5185155
55.7079945,60.5386526
55.8838234,60.7144366
55.7437398,60.7239183
55.7744288,60.7527928
55.7690321,60.7372398
55.5256078,60.5825146
55.7739714,60.749974
55.6192921,60.458681
55.7326204,60.5701516
55.7424243,60.7016124
55.9086689,60.7346253
55.9091178,60.7344275
55.77358,60.7505992
55.7444282,60.7257778
55.7693844,60.7390589
55.7701602,60.7416931
55.6191518,60.4603016
55.7678868,60.7332621
55.7711307,60.7459979
55.7437304,60.7260933
55.7742992,60.7523453
55.3831366,60.2567512
55.4826646,60.8825015
55.3515556,60.765672
55.3106111,60.4035532
55.4822871,60.8832696
55.4822364,60.8817547
55.351886,60.7659264
54.9771713,60.9926586
55.0000787,60.4159976
54.9461368,60.3602829
54.9835961,60.3714079
54.9743748,60.3541401
54.9401779,60.7898103
54.9224078,60.7025331
54.9407654,60.7978246
54.9407256,60.7977012
54.9422048,60.8030414
54.9414514,60.7985644
54.9404964,60.7928009
54.9214037,60.6872305
54.9768801,60.992909
54.9855534,61.0305165
54.9105209,60.4335861
54.9100975,60.4334144
54.9148611,60.3198227
54.9141624,60.3183245
54.9109965,60.4108946
54.9153254,60.3301409
54.9164772,60.3121907
54.9121655,60.5224999
54.9191728,60.6280204
54.3967178,60.859358
54.4154361,61.06529
54.4062791,60.8011286
54.088407,60.4229173
54.4023737,60.8069089
54.4142908,61.1173017
54.4154715,61.0691862
54.4155471,61.0652972
54.4200895,61.1937524
54.4250485,60.9779087
54.4209934,61.2421508
54.4010769,60.7999735
54.4202731,61.2107892
54.4085656,60.9188436
54.3968714,60.8588001
54.0879823,60.4177346
54.0882085,60.411265
54.0230711,60.700471
54.0224426,60.7004916
54.0879279,60.4167422
54.0884487,60.4138304
54.0226804,60.6977343
53.0776913,60.6808886
53.0680608,60.687702
53.4015575,60.9357631
53.0209017,60.5647655
53.0755891,60.6730458
53.0755794,60.5978238
53.0587612,60.6390712
53.0554051,60.625317
53.0556717,60.6248349
53.0589179,60.6386317
53.0685184,60.6867984
56.1849604,61.8273103
55.9478137,61.080731
55.6372945,61.2826298
55.6848151,61.2491061
55.6892292,61.2455241
55.6884176,61.2477259
55.5325171,61.3236597
55.5897882,61.315739
55.5897791,61.3154965
55.6333053,61.2880742
55.5487458,61.3213734
55.4875031,61.3304031
55.5047622,61.3278784
55.5487358,61.3211425
55.8218732,61.1890237
55.8154496,61.1935768
55.8189427,61.1912808
55.6004818,61.3140139
55.6671356,61.2612056
55.7650648,61.2192745
55.7664617,61.2194704
55.8374713,61.1781318
55.884841,61.1389739
55.7528674,61.2237291
55.7538083,61.22338
55.1698232,61.2965848
55.1990848,61.1326283
55.1960228,61.1318615
55.3543279,61.2800417
55.3547733,61.2787675
55.3526345,61.27332
55.3554114,61.2710996
55.3547513,61.2715647
55.3078338,61.3354106
55.2048736,61.3850432
55.367889,61.310039
55.3601185,61.3046374
55.3537207,61.3004456
55.3520003,61.3033562
55.3533214,61.3095364
55.3535299,61.3390744
55.1946819,61.3861924
55.1938111,61.3862558
55.1853581,61.4160661
55.1853839,61.4139212
55.0914613,61.3284774
55.2039914,61.4760277
55.1740684,61.3863882
55.1357627,61.415642
55.0854141,61.3965922
55.1189812,61.4188665
55.1378863,61.4040019
55.1346619,61.420468
55.1360273,61.4142323
55.1341261,61.4105209
55.1442607,61.4154449
55.1376253,61.4064816
55.1734768,61.304806
55.1355008,61.4173583
55.1055052,61.5542519
55.1171247,61.6126614
55.1221258,61.637644
55.1233669,61.6383716
55.1235931,61.6375399
55.3613122,61.3915762
55.2604135,61.4975105
55.2579699,61.4988381
55.1783749,61.4590469
55.1604482,61.4039716
55.2354863,61.5288574
55.2352767,61.5245406
55.2332078,61.533768
55.1670808,61.4525173
55.1606665,61.4114273
55.1600092,61.386471
55.1235727,61.4992225
55.128279,61.479362
55.1150628,61.4694972
55.1482716,61.4457443
55.1546,61.4431213
55.151994,61.4424237
55.1655349,61.4110395
55.4299196,61.3667792
55.1599928,61.4004154
55.1551404,61.3939611
55.1675546,61.3930395
55.1550368,61.4068348
55.1831345,61.4174919
55.1585166,61.4123866
55.1557536,61.4136173
55.1630723,61.4112204
55.1656809,61.4160043
55.1429083,61.4147062
55.1623095,61.3810937
55.1520528,61.3846815
55.1709624,61.3580754
55.1724742,61.3879587
55.1844414,61.3989544
55.1877987,61.441736
55.1880255,61.3603592
55.1668175,61.3891908
55.1731952,61.38792
55.1585853,61.3985521
55.1639794,61.4161304
55.1085951,61.3524032
55.1266136,61.367389
55.1168929,61.6180224
55.1514641,61.4403103
55.1315593,61.4364837
55.1347902,61.4384498
55.138652,61.4019694
55.1189701,61.435058
55.1162118,61.431639
55.116538,61.4396301
55.1167881,61.4342162
55.1190007,61.4194639
55.1117274,61.4667109
55.1624149,61.4338987
55.1757299,61.4389848
55.1836931,61.4338533
55.1774212,61.4376529
55.1826253,61.4342755
55.1935822,61.4162176
55.1795834,61.399471
55.1785895,61.3526748
55.1890746,61.3327545
55.2037069,61.3244865
55.1901642,61.2934261
55.1887207,61.3203819
55.1828161,61.2920695
55.1825893,61.2923795
55.1887275,61.3221538
55.1985449,61.3345718
55.1985486,61.3462902
55.1919162,61.3632504
55.1921651,61.3863546
55.1946097,61.3844863
55.1793658,61.3944953
55.1733602,61.3996747
55.1839234,61.379884
55.1392604,61.4408831
55.144704,61.3864135
55.1519675,61.389664
55.1183503,61.3838828
55.139854,61.3972287
55.1495645,61.3895167
55.1462234,61.3987675
55.1433281,61.389492
55.1485446,61.3029052
55.1465785,61.3822699
55.1593858,61.3644693
55.1595902,61.3708902
55.1474028,61.3647625
55.1449244,61.3800622
55.2544332,61.3797062
55.2644402,61.4026231
55.2238038,61.377396
55.1944999,61.3873541
55.2229818,61.377636
55.2262335,61.373813
55.2384955,61.3802954
55.164844,61.3809322
55.0785692,61.390313
55.1753509,61.3877846
55.1750241,61.3578892
55.3191309,61.335565
55.2583493,61.3795122
55.2589809,61.4957619
55.10816,61.6105183
55.108951,61.6108756
55.1977106,61.1374945
55.1626222,61.4339527
55.1624567,61.4306607
55.1682998,61.4108176
55.1604643,61.4042535
55.1424832,61.4137649
55.1859937,61.4137543
55.1677873,61.4155869
55.1654225,61.4037861
55.1923775,61.1834549
55.136451,61.3751234
55.2040817,61.3852039
55.1608174,61.4413761
55.1603246,61.4491742
55.1574882,61.4446112
55.1743156,61.3948637
55.2545858,61.3911797
55.3378975,61.3078652
55.1221813,61.5059658
55.2324349,61.3756255
55.2359786,61.3780833
55.1944814,61.3258268
55.1944856,61.3358424
55.1776093,61.3583123
55.1693901,61.374857
55.1828214,61.3539687
55.1927439,61.1633118
55.1927328,61.1891559
55.1380529,61.4134564
55.472255,61.3810053
55.2196709,61.4156263
55.1926491,61.1675846
55.2308924,61.7319687
55.2318828,61.7332014
55.1476343,61.374729
55.1171977,61.6109762
55.1790067,61.3527248
55.1066153,61.610247
55.1115618,61.4674405
55.2187721,61.3787205
55.1942344,61.3893372
55.1612556,61.4164067
55.1785354,61.3291659
55.1335223,61.4686647
55.4505424,61.3582176
55.4252118,61.3690034
55.2412242,61.3606485
55.2848663,61.3425288
55.2854582,61.3420389
55.2406501,61.3189
55.1420765,61.4128638
55.2312522,61.37499
55.1650118,61.4521195
55.2316157,61.2838225
55.2651255,61.1226136
55.1378198,61.4115909
55.1592854,61.4650187
55.1402584,61.455076
55.2581135,61.3633799
55.2512291,61.4031467
55.2194617,61.4114894
55.2580672,61.4174691
55.257845,61.4028865
55.1249191,61.4938149
55.2019508,61.3271131
55.1179927,61.4706074
55.1759665,61.4569794
55.3537079,61.338358
55.1316176,61.4361871
55.1348517,61.4381716
55.125009,61.4938848
55.1413804,61.4424649
55.2341177,61.5292334
55.1531299,61.4430185
55.1592547,61.3645145
55.1598816,61.4552791
55.1868055,61.4369509
55.1985506,61.3526309
55.1985466,61.3564253
55.2523611,61.4030887
55.146685,61.4475367
55.1187852,61.4353193
55.1985023,61.3661598
55.1336181,61.4688071
55.1197662,61.5511388
55.2316135,61.7329595
55.2329353,61.7376642
55.1803681,61.2953558
55.1731619,61.3877441
55.1605737,61.3887404
55.1736976,61.3949293
55.1601233,61.3948974
55.1481223,61.3034674
55.254432,61.3795363
55.2526014,61.3545633
55.130009,61.4352398
55.2633037,61.3876286
55.2296278,61.2864283
55.2286338,61.2872222
55.1723206,61.4154069
55.1985491,61.3357044
55.1863231,61.2403368
55.1985597,61.3631329
55.1768815,61.358699
55.1786784,61.3362081
55.1787155,61.361155
55.1923637,61.332728
55.1288265,61.4347707
55.1877611,61.2878425
55.1050232,61.5539722
55.1853712,61.4182575
55.1906661,61.4647233
55.1445951,61.4499115
55.1613823,61.4287889
55.1543209,61.4440044
55.168347,61.4137078
55.1677574,61.3978965
55.1741486,61.3933141
55.1845691,61.4333237
55.1930011,61.4663826
55.2216512,61.3771698
55.178925,61.3536908
55.1342591,61.4228241
55.1876681,61.4411147
55.1931836,61.4199461
55.2196159,61.4088168
55.1607095,61.4432977
55.2194697,61.4181048
55.1481929,61.3765413
55.1264666,61.3679135
55.1944633,61.3141253
55.0334553,61.7122733
55.1594055,61.365149
55.1513965,61.4366436
55.1723032,61.4095234
55.1608832,61.4401926
55.1941967,61.4673726
55.1708245,61.3080344
55.1730993,61.3053333
55.1832835,61.2911736
55.1602767,61.4446089
55.1466504,61.4128389
55.2277158,61.733192
55.1724227,61.4097365
55.1810913,61.2883094
55.1755002,61.3339679
55.1677545,61.4110841
55.1750324,61.357253
55.1920128,61.4163018
55.1970766,61.3887859
55.168002,61.4182819
55.1470186,61.4168064
55.1624609,61.4307567
55.1821182,61.2912892
55.1201087,61.5342861
55.1216714,61.5126577
55.1787086,61.3582641
55.3536656,61.3384416
55.4725601,61.3820302
55.1410203,61.381749
55.1790535,61.2573054
55.1945789,61.3850915
55.1189774,61.4352958
55.1745138,61.3358964
55.168942,61.3062549
55.1743587,61.3348061
55.1888742,61.33275
55.1705043,61.2977383
55.1411207,61.3815361
55.1901115,61.2935025
55.194374,61.3213695
55.1923622,61.3612735
55.1921969,61.3904025
55.2057713,61.3212252
55.2018896,61.3269894
55.1923629,61.3325964
55.2002878,61.3295175
55.2049613,61.3224196
55.1710304,61.3583314
55.1740136,61.3036863
55.1821103,61.2927695
55.1844603,61.2896289
55.1870325,61.286137
55.1791481,61.2838579
55.1901232,61.2933345
55.1856849,61.2993074
55.1697807,61.2965252
55.218877,61.3797949
55.1921565,61.3861632
55.1838405,61.3868902
55.1984273,61.3661495
55.1945701,61.3859157
55.198086,61.3673396
55.195833,61.3801052
55.198497,61.3564298
55.1984939,61.3495016
55.1984889,61.3451385
55.1984845,61.34129
55.1984769,61.3345758
55.1976255,61.3326696
55.2623792,61.385749
55.1826751,61.4344858
55.1786732,61.3328202
55.4688094,61.3450166
55.2031481,61.131582
55.1745183,61.3353465
55.1565267,61.3078429
55.1679557,61.4002331
55.1698424,61.3079169
55.174498,61.3382124
55.1397613,61.252776
55.1943315,61.3888391
55.2253333,61.3765019
55.1441595,61.4041258
55.1610801,61.4310784
55.2078513,61.3182632
55.2593818,61.4968087
55.1599294,61.3836557
55.1841119,61.3943107
55.119344,61.4190736
55.1837207,61.3796109
55.1835982,61.3724592
55.3532309,61.3100855
55.1737316,61.4152577
55.1081326,61.6107848
55.119844,61.5422827
55.1771564,61.4147307
55.4009691,61.377639
55.1916199,61.4163114
55.1600776,61.4512984
55.1605533,61.4436365
55.1070988,61.6104184
55.194422,61.3467546
55.1944038,61.3331933
55.1943945,61.3253771
55.1943765,61.3134753
55.1943655,61.3081961
55.2463973,61.3768655
55.1919456,61.3809015
55.37076,61.333615
55.1603314,61.4043636
55.1070295,61.7656394
55.1081485,61.7649982
55.1945932,61.3844076
55.1611688,61.4336833
55.1605358,61.4114641
55.1601958,61.4007195
55.1599012,61.38883
55.1167572,61.6214146
55.1171452,61.61097
55.1178696,61.5934331
55.4257046,61.368952
55.167585,61.4425416
55.1362702,61.3748687
55.144862,61.3802011
55.151804,61.3896778
55.1503581,61.3876565
55.1379622,61.4020268
55.1432249,61.3894069
55.1464368,61.3823148
55.1475935,61.3794492
55.1473916,61.368287
55.1532675,61.3817235
55.159858,61.3810943
55.1702578,61.4531803
55.1721266,61.4541835
55.1615733,61.4516608
55.1658309,61.4588099
55.167075,61.4504239
55.1683087,61.4110531
55.1655422,61.4112105
55.1606733,61.411607
55.1557678,61.4137792
55.179309,61.3874449
55.1787041,61.3525954
55.1882463,61.3604452
55.1485941,61.3029096
55.1920155,61.423868
55.1922697,61.431316
55.2420431,61.3794148
55.2512359,61.403346
55.258651,61.4030122
55.1085393,61.3525264
55.1607196,61.4654674
55.2590085,61.4968913
55.2552554,61.3527313
55.167851,61.4003868
55.1639772,61.4159843
55.1606612,61.4162947
55.2100224,61.2839613
55.1654067,61.4035826
55.1455696,61.4001385
55.1385176,61.3779822
55.1714923,61.4417116
55.1119276,61.4675165
55.1970721,61.1321417
54.7706597,61.2857756
54.9024845,61.3236419
54.9682491,61.3900116
54.7707123,61.2856039
54.894308,61.3263149
54.9200532,61.3393232
54.768579,61.2945712
54.7676053,61.2835547
54.7699139,61.285046
54.772792,61.2869552
54.898349,61.3255849
54.8984353,61.3241473
54.8979794,61.3252058
54.8983659,61.332804
54.96787,61.3836778
55.0045038,61.1601809
55.0791272,61.3893415
55.0380693,61.4411694
55.0380493,61.4414135
55.0033679,61.4509619
54.9147594,61.3367371
54.8508833,61.5586138
54.7837255,61.2585346
54.8132484,61.308151
54.8223466,61.5718376
54.8802506,61.4169326
54.7947757,61.3035215
54.8954281,61.4083887
55.0621683,61.3189948
55.063363,61.3211439
55.0617098,61.4007399
54.7596544,61.3127757
55.0376793,61.4401667
55.0369095,61.4414537
54.9986091,61.4575322
55.0004623,61.4596872
54.9991584,61.4563807
55.0083237,61.4926729
54.9974632,61.4580855
54.7926875,61.3039197
55.0086335,61.2188406
55.0028134,61.1551726
55.0049268,61.1676764
55.0029305,61.1550914
54.8156112,61.3029176
55.0617901,61.393638
54.73566,61.2658951
55.0650988,61.3969076
55.0764989,61.3883953
55.0613392,61.3944721
54.7395916,61.2685262
55.0504786,61.4129245
54.8497757,61.315816
54.8637622,61.3187896
54.9428401,61.3577984
54.976547,61.4079044
55.0602257,61.3162406
54.9497554,61.7548048
54.9502845,61.7543046
54.9385164,61.353999
55.0066731,61.4951251
55.0181876,61.4521208
54.8128222,61.3078707
54.8146643,61.3110277
55.0263048,61.2961511
54.4361095,61.2841984
54.4150857,61.065381
54.4367981,61.2840564
54.0897165,61.489613
54.093299,61.4823729
54.0946876,61.5686961
54.0948003,61.5677518
54.0903372,61.5655914
54.0904076,61.5649819
54.0101473,61.6180953
55.2964553,61.8948479
55.2960779,61.8943849
55.2960167,61.8940323
52.7206586,58.8846772
52.7336751,58.8822981
53.0021982,58.9213421
53.2046465,59.025543
53.2024491,59.0233378
53.200237,59.0211369
53.2822451,59.1482163
53.2031091,59.0239958
53.2413158,59.0658168
53.2533226,58.9887433
53.3674472,59.2230403
53.3626733,59.2152347
53.4343757,58.9835623
53.3706797,58.9901167
53.3796959,58.9784468
53.3927802,59.0624388
53.3875371,58.9629627
53.4177491,58.9845291
53.4261207,58.9795591
53.4332311,58.9710484
53.366123,58.9997559
53.6025656,58.8267292
53.4086976,59.3328973
53.5869979,59.1078211
53.3660332,58.925488
53.3903058,58.9900491
53.3947601,58.9387228
53.3693215,59.1115869
53.3795447,58.9709442
53.3799723,58.9704033
53.4177257,58.9618252
53.3980739,58.9715359
53.411583,58.9530511
53.4411698,58.9996635
53.4348079,58.9911001
53.3977522,58.9614155
53.361006,58.9818405
53.3648243,58.9616458
53.37367,58.9619231
53.4260994,58.961257
53.3875201,58.9623845
53.4345157,58.9616756
53.3995051,59.0403022
53.3998591,59.0400273
53.3981099,59.0227843
53.3957084,59.0491354
53.3950917,59.0497851
53.3789585,58.9945568
53.392781,59.0622459
53.3798639,58.9696398
53.3650586,58.9818064
53.3647936,58.9509852
53.3903086,59.3180823
53.3693721,59.2308489
53.3609626,59.1376156
53.3903217,59.3169997
53.386984,58.9783347
53.2821369,59.1469943
53.366294,59.2182008
53.3568713,59.1419414
53.426203,58.9795558
53.4221782,58.9837819
53.4345814,58.979522
53.4345946,58.9793265
53.4177568,58.9793921
53.3838436,58.9664608
53.4261943,58.9719944
53.4115966,58.9717185
53.4333629,58.9714664
53.3902772,58.9780404
53.3650412,58.9781494
53.4177305,58.9955348
53.4180738,58.9961815
53.4178474,58.9842753
53.4178233,58.9722534
53.42186,59.0019468
53.4221754,59.001188
53.3647936,58.9513518
53.3569179,58.9511028
53.4293861,58.9612349
53.3979483,58.9715362
53.609602,58.8362925
53.5851695,58.8787827
53.5846201,59.1042585
53.4792304,59.0789954
53.411741,59.3351903
53.5520585,59.522915
53.4504107,59.0801404
53.4503982,59.0813633
53.4343241,58.9387609
53.3914982,59.0443816
53.6076619,58.8272215
53.3695754,59.1065918
53.5776537,59.1405351
53.5838176,58.8838431
53.6048489,58.8294306
53.434747,58.9391452
53.4096916,59.3337177
53.5488289,59.5203797
53.5542948,59.5271765
53.5539242,59.5264282
53.4342195,58.9601387
53.4504984,59.0573426
53.4758604,59.0635334
53.4614618,59.0640861
53.3591821,58.9785033
53.5861321,59.1072037
53.4510432,59.0164284
53.3703374,59.1102773
53.6025298,58.8268151
53.4262033,58.9793309
53.4260541,58.9965968
53.5529356,59.5254879
53.4350265,58.9910437
53.3936124,59.0515164
53.3696849,59.2305604
53.460971,59.0638605
53.3989541,58.9783243
53.3981175,58.9765011
53.3900151,59.3174225
53.3815161,59.2774692
53.3868742,59.2977512
53.3798882,58.9915909
53.3797143,58.9910853
53.363779,59.1925924
53.6045941,58.8301485
53.5532217,59.5200304
53.6042948,58.8289036
53.410864,58.9714529
53.4119514,58.9722795
53.3835499,59.1029091
53.379871,58.9771321
53.3981165,58.9855052
53.30399,59.1356857
53.3942409,59.0622597
53.4310775,58.9612042
53.4280356,58.996868
53.4288579,58.9970476
53.3683686,58.9619452
53.3656187,58.9902657
53.3662676,58.9894935
53.3919679,58.9227823
53.3979437,58.9798969
53.4115944,58.9843952
53.3608524,58.9902732
53.3870243,58.9901702
53.39196,59.0516143
53.4082165,59.0578383
53.3981332,58.9783185
53.4372374,58.9835376
53.437223,58.9790462
53.4373596,58.9792684
53.4260997,58.9959934
53.4263943,58.9964005
53.5071457,59.481769
53.4659374,59.418571
53.5354235,59.5053243
53.4080904,58.985655
53.3656206,58.9901461
53.3778205,58.9900871
53.3610244,58.9901974
53.366074,58.9901435
53.3579566,59.1416915
53.4343295,58.9614653
53.3650466,58.9411512
53.2821907,59.1468984
53.3874862,58.9618473
53.4756304,59.0641536
53.3649163,58.8995851
53.4137765,59.0554291
53.3979619,58.9865439
53.3979739,58.9844223
53.4145017,58.9722665
53.3835645,58.9618986
53.3898005,58.9614571
53.365,58.9616788
53.7469914,59.2115235
54.1482373,59.364135
55.0334566,59.1310671
55.0335318,59.1320447
54.9526252,58.8389741
55.0333374,59.132882
55.1811125,58.8074332
55.1635995,59.1622504
55.0323626,58.9707266
55.0347429,58.9664377
55.0333134,58.9677521
55.0327723,58.9693815
55.1642119,59.1629093
55.0371958,58.9708527
55.0497886,58.9823195
55.0339759,58.9842744
55.098238,59.1753851
55.1592045,59.41552
55.1163492,59.3596642
55.1595321,59.4153921
55.1158022,59.358837
54.8964159,58.1435681
54.8491786,58.4615115
54.8756342,58.4323148
54.7514114,58.1789298
54.8073879,58.4283767
54.8187661,58.4318958
54.8150153,58.4598903
54.8146827,58.4595967
54.8008951,58.4144885
54.8188337,58.4317772
54.8222892,58.4358942
54.8439335,58.4453297
54.872919,58.3728344
54.8866212,58.423188
54.8207719,58.4922279
54.7597082,58.2118735
54.8857929,58.4202194
54.7550941,58.1993964
54.9094246,58.1006491
54.8169609,58.4604432
54.8042178,58.4298255
54.8647083,58.4250813
54.8648666,58.4253097
54.8228982,58.4621251
54.8015003,58.4137172
54.8205896,58.4613975
54.9092069,58.0985302
54.8042558,58.4297365
54.8731518,58.3733872
54.8881544,57.3006744
55.0483313,57.7037635
55.005571,57.7068164
55.0057778,57.7074861
55.0058532,57.7062553
42.7284702,45.5727476
43.2342857,45.6454302
43.1487576,45.9291526
43.2485656,45.7549942
43.1446752,45.510883
43.1742578,45.9150379
43.1735843,45.9148154
43.234843,45.6474989
43.2347856,45.6484169
43.1536474,45.9039056
43.1451216,45.5102377
43.2084819,45.9098227
43.1534825,45.9041982
43.154076,45.9043068
43.2357507,45.659304
43.1488673,45.929559
43.1355115,45.9333882
43.1539561,45.9041904
43.2504334,45.7548856
43.2344342,45.6466691
43.3429553,45.7045875
43.3374079,45.6675388
43.2906117,45.6804849
43.3446063,45.6936213
43.3430419,45.7036779
43.2932731,45.9318274
43.2993071,45.7103359
43.2994866,45.7102191
43.3004934,45.7144203
43.3222164,45.6899416
43.3174624,45.692203
43.3425554,45.7042602
43.3163999,45.6910888
43.2963044,45.6309942
43.2976317,45.6309617
43.2970753,45.6304958
43.2936903,45.6784192
43.293829,45.678776
43.319039,45.7314638
43.3272219,45.6812161
43.3200043,45.6878861
43.2959996,45.7190589
43.2968648,45.7185579
43.3385693,45.6947638
43.2931036,45.7435833
43.3289982,45.6825946
43.3840593,45.5328818
43.2931196,45.7441348
43.2927072,45.7436013
43.3017982,45.7398337
43.2563118,45.8188651
43.2931159,45.866977
43.3395119,45.6945731
43.4257024,45.7862143
43.4258197,45.786765
43.4258929,45.7870514
43.3189451,45.7315924
43.3393246,45.7040644
43.3208802,45.6962481
43.3244069,45.6952165
43.3290737,45.6824598
43.2495803,45.8887946
43.2901475,45.9264631
43.2996542,45.8567464
43.2996216,45.8529349
43.2968699,45.8515121
43.2984913,45.8555962
43.2953392,45.8262225
43.5050526,45.8677013
43.300325,45.7140795
43.2714778,45.6575532
43.2702376,45.6586563
43.3236192,45.7396796
43.3002203,45.7097968
43.3193317,45.7141768
43.2996954,45.7105878
43.2966526,45.7186422
43.2733952,45.6585939
43.2996715,45.7103602
43.318109,45.714696
43.3197698,45.6947401
43.3288741,45.6822493
43.3246453,45.6789622
43.3271644,45.6813231
43.3163455,45.6911861
43.3245558,45.6951828
43.2927375,45.867055
43.2930989,45.8670631
43.2659109,45.9201082
43.2640173,45.9194803
43.2652709,45.9195419
43.2694262,45.9212137
43.3390833,45.7035381
43.2895119,45.6811376
43.272965,45.8763785
43.2728405,45.8762894
43.2756325,45.660727
43.2869107,45.822449
43.3205689,45.7399886
43.3177555,45.7149298
43.2909349,45.8178657
43.2918531,45.8089318
43.2494859,45.7553961
43.2623831,45.91324
43.250267,45.8882719
43.2969363,45.6307233
43.8355068,46.6597988
43.8303715,46.6500302
43.5050078,46.2664408
43.2447428,46.3960802
43.342683,46.0965067
43.3463542,46.0995265
43.2582136,46.091482
43.2591039,46.0835572
43.258325,46.091828
43.2586793,46.0867149
43.2587977,46.0867397
43.2445363,46.4009145
43.2506056,46.3309491
43.2506179,46.3244595
43.2503524,46.3292223
43.2524314,46.3185739
43.2178796,46.2806903
43.195332,46.112169
43.2040501,46.0970681
43.2040347,46.0981176
43.1940491,45.2804279
43.1941107,45.2802117
43.2442792,45.2899284
43.2437038,45.2895333
43.3076384,45.1622025
43.2723786,45.1922255
43.2698036,45.1905953
43.2699645,45.1906042
43.2783042,45.1125702
43.2742546,45.1481357
54.8477753,46.4999664
55.405495,46.4823451
55.4054273,46.4742509
55.9322586,47.0501117
55.6274601,46.8200774
55.7420679,46.7374513
55.583108,47.0645637
55.8315812,47.0457793
55.831736,47.0470138
56.0387186,46.7073917
56.0809508,47.1426443
56.1399905,47.1638689
56.1341522,47.1647332
56.1379614,47.1678801
56.0809395,47.1343006
56.148839,47.1780559
56.1178344,47.183506
56.139381,47.1724098
56.1398751,47.173996
56.148828,47.1817878
56.1165981,47.1814818
56.1164339,47.1812131
56.1190458,47.185466
56.1434105,47.1672843
56.1413155,47.1650975
56.0644324,46.9067309
56.1465499,47.1699764
56.0686681,46.912674
56.1349574,47.1641
56.1432604,47.1860267
56.1403165,47.1766581
56.1373209,47.1878897
56.0382768,46.7152278
56.0781233,47.1738269
56.1111989,47.0554898
56.0811133,47.1389129
56.140901,47.185454
56.0785158,47.174093
56.0429677,46.7561053
56.0386299,46.8011797
56.0403893,46.7571366
56.0438352,46.7562703
56.1072989,47.0588792
56.0806914,47.1374794
56.0850923,47.0005947
56.0405696,46.8374343
56.0410937,46.7566328
56.0418279,46.7579163
56.1454889,47.1860274
56.038389,46.7138136
56.0422924,46.7546931
56.0373951,46.7634635
56.1064857,47.0552575
56.0414575,46.7553908
56.0402441,46.7613335
56.0400866,46.761229
56.0344935,46.767914
56.0951438,47.0961982
56.1051485,47.0667859
56.1048577,47.0662793
56.1125157,47.1847324
56.1438692,47.1859191
56.1413354,47.1859504
56.1408246,47.1852357
56.1403495,47.1781382
56.139669,47.1735674
56.1369206,47.164793
56.1384941,47.1698136
56.1408084,47.1849963
56.1365709,47.1634437
56.1300766,47.1643042
56.13219,47.166704
56.134486,47.1645697
56.1399697,47.1639708
56.1440279,47.1680651
56.146532,47.1700786
56.1487861,47.1780571
56.1487601,47.1860265
56.1351883,47.1640644
56.1382621,47.1632381
56.1153108,47.1792536
56.1172806,47.1825992
56.1178731,47.1834357
56.1163636,47.1809685
56.020009,47.3045495
56.119495,47.1963397
56.1078788,47.4611415
56.1138573,47.4560416
56.0367206,47.3524542
56.0226684,47.3067673
56.0207417,47.3137034
56.1435545,47.251154
56.1178203,47.4924497
56.1441762,47.2465096
56.118178,47.2574085
56.1112501,47.2598564
56.1409742,47.198137
56.1417024,47.2253077
56.1375085,47.1900288
56.1110933,47.2607563
56.1365816,47.23609
56.1236996,47.2280268
56.0458174,47.2899059
56.0060352,47.6494707
56.0225391,47.5476107
56.128737,47.2098182
56.1258083,47.1964329
56.0842412,47.2922975
56.1190424,47.464527
56.1174773,47.4806649
56.1376668,47.1908492
56.1438928,47.2077914
56.1223714,47.2474506
56.1233708,47.2445577
56.1213356,47.2489527
56.1206803,47.2478008
56.130806,47.2895964
56.1215195,47.2793561
56.1166952,47.3010613
56.1280676,47.3106369
56.0992972,47.2627013
56.1256435,47.3628697
56.1134407,47.3589909
56.1257453,47.3607455
56.0975641,47.2847321
56.0976622,47.2835082
56.138284,47.2723364
56.1384368,47.243291
56.1201667,47.4934981
56.1249768,47.3074116
56.0978461,47.2845921
56.1120917,47.2472312
56.1268533,47.2662857
56.0949221,47.2658205
56.0948104,47.264922
56.0966984,47.2588929
56.1156277,47.44253
56.1433821,47.2061236
56.1405618,47.1986084
56.1487793,47.1960787
56.1403006,47.2185609
56.1165381,47.1914026
56.148788,47.1937016
56.1164533,47.3595177
56.1247061,47.2063094
56.1275113,47.2007612
56.128298,47.2028848
56.1005929,47.3002523
56.1007815,47.3010346
56.1191464,47.4932202
56.1166841,47.4913514
56.1376593,47.2026964
56.1384423,47.2010182
56.126443,47.3453493
56.1406153,47.244433
56.1301557,47.2474841
56.1285498,47.2488035
56.1304457,47.2707203
56.1482679,47.2012367
56.1119326,47.2723529
56.1100346,47.3261339
56.0925979,47.2865706
56.0958551,47.2847576
56.1385659,47.2733474
56.0314319,47.3010956
56.1141585,47.3374955
56.1143674,47.3331883
56.1137717,47.3454648
56.1185049,47.3598379
56.1363574,47.2369389
56.1360529,47.2365433
56.122464,47.4178168
56.1218144,47.4239457
56.121699,47.4234105
56.1170751,47.4207064
56.1222446,47.4232345
56.1144131,47.3280902
56.1253418,47.4570063
56.1198402,47.4528927
56.1400042,47.2440897
56.1261005,47.3603733
56.1461679,47.2202206
56.1254472,47.2608725
56.1241678,47.499122
56.030915,47.3009213
56.0314262,47.3007774
56.0313907,47.3006637
56.1121696,47.2515645
56.13842,47.2722949
56.1107816,47.2604285
56.1377549,47.2023408
56.0600911,47.2802653
56.1116692,47.2694999
56.126559,47.3449898
56.0962662,47.2750184
56.1145143,47.2724211
56.114671,47.720242
56.1209725,47.4934629
56.0998079,47.2969952
56.1004162,47.2988439
56.0978394,47.2841369
56.103557,47.2807321
56.1261124,47.2843585
56.0996882,47.2629012
56.1378242,47.1908893
56.0952932,47.2655507
56.0970179,47.2594707
56.1306035,47.2887234
56.1270218,47.33491
56.1148872,47.3289624
56.0855026,47.2913501
56.1216195,47.2460307
56.1221221,47.2483268
56.114252,47.260914
56.1327656,47.240824
56.1190203,47.4631081
56.0907013,47.5016233
56.0926191,47.4984548
56.0945301,47.494694
56.0947345,47.4938925
56.0971491,47.4942784
56.0977644,47.494447
56.1001881,47.4942374
56.1022299,47.4942191
56.108987,47.4939001
56.1093407,47.4936046
56.1136649,47.4869483
56.1143817,47.4869402
56.1204073,47.4447825
56.1206722,47.4448437
56.1199597,47.4529286
56.1417558,47.2613676
56.1120298,47.2516166
56.1168459,47.4459722
56.0307878,47.3012562
56.1101583,47.2945902
56.099516,47.2639496
55.940906,47.3837051
55.9681139,47.3689404
55.9806094,47.3521909
56.1073235,47.4943354
56.1143775,47.4870477
56.0910198,47.5015557
56.105562,47.2624861
56.1161503,47.4483359
56.1386341,47.2106645
56.1487647,47.1989537
56.128892,47.2992403
56.1125791,47.2704347
56.1129781,47.2593666
56.1365416,47.2478659
56.1260676,47.2632378
56.1288509,47.2043451
56.0952752,47.2850816
55.9800673,47.3531346
55.9270952,47.398833
56.1151488,47.7205428
56.0228856,47.5471233
56.1398785,47.1993781
55.9687807,47.3687014
56.1049729,47.4943628
56.0369355,47.3534977
56.1157463,47.4426711
56.1177225,47.301819
56.1172819,47.4444877
56.0055842,47.6494966
56.076375,47.2744096
56.0790956,47.2708766
56.0559002,47.2830494
56.1073224,47.494158
56.1200973,47.4496419
56.1247403,47.1946694
56.1133495,47.3541748
56.1397381,47.2153207
56.0996136,47.2954989
56.1395282,47.2694347
56.144054,47.2464927
56.1462486,47.2214865
56.12935,47.2087725
56.1096417,47.2082001
56.1136055,47.4398764
56.1186746,47.4447625
56.1160916,47.4482822
56.1138043,47.4559912
56.1117905,47.4831712
56.1217844,47.4930889
56.1178391,47.4923605
56.116717,47.4912629
56.1129873,47.4600128
56.1247446,47.206263
56.119524,47.1962769
56.1252805,47.2832673
56.1167237,47.3009703
56.1091697,47.2936603
56.1144122,47.2985578
56.1405313,47.1985249
56.1381755,47.2012631
56.1375957,47.2026516
56.1385743,47.2106934
56.1409388,47.2226806
56.1399206,47.2166876
56.1375973,47.2074672
56.1374021,47.2039124
56.1391412,47.2000771
56.1177324,47.3017044
56.1101919,47.2945015
56.1253743,47.2230285
56.1172897,47.2141926
56.1245283,47.2239141
56.1487359,47.193703
56.1482126,47.2011439
56.1457665,47.203806
56.138613,47.2105964
56.1347952,47.2415254
56.1259864,47.2509981
56.1339032,47.2468164
56.1365273,47.2479634
56.1296817,47.2478809
56.1285715,47.2488886
56.1211331,47.2482582
56.14232,47.2453012
56.1414886,47.2448103
56.1390638,47.2434831
56.1412724,47.2446871
56.1323199,47.2412733
56.1360655,47.2729294
56.1306433,47.2710392
56.1260191,47.2632803
56.1233723,47.253194
56.1253967,47.2609165
56.1268815,47.2665859
56.099255,47.2829037
56.1035388,47.2806226
56.112566,47.2701571
56.1112032,47.2743765
56.0855266,47.2914394
56.0912216,47.2874613
56.0951502,47.285263
56.0958705,47.2848603
56.1096235,47.2082722
56.1288178,47.2041507
56.1206188,47.1878886
56.1258452,47.1963598
56.1199925,47.186876
56.1266347,47.1983595
56.1214589,47.1892602
56.1457931,47.2038897
56.0920933,47.2868681
56.1403001,47.2496378
56.1113783,47.2738308
56.1281404,47.3096954
56.1276825,47.3102393
55.4786458,47.4826483
55.5657511,47.4042066
55.6009398,47.4237748
55.8094704,47.4409151
55.8582032,47.4634301
55.5110958,47.4592391
55.491065,47.4773279
55.508018,47.4904009
55.8617345,47.4620211
55.4910122,47.4767764
55.8582883,47.4637694
55.5122702,47.4805997
55.5108462,47.4875974
55.484584,47.4797985
55.5081265,47.4902892
55.4864962,47.4788793
55.4776522,47.4831143
55.4970214,47.4739969
55.5129353,47.4678318
55.8488073,47.5097077
55.8611813,47.4622186
55.7887219,47.7330716
55.7884963,47.7328318
55.5090327,47.5361393
55.5069962,47.4914527
55.8389955,47.5416635
55.511219,47.4598512
55.5100548,47.4883477
55.5077155,47.4907123
55.4729099,47.4853332
55.4922425,47.5089763
55.7888224,47.7326424
55.8383032,47.4562741
55.8790369,47.4534382
55.8125297,47.4437696
55.7203518,47.4458796
55.5097259,47.4886597
55.5777469,47.4128183
55.5601476,47.4045181
55.8384081,47.5434229
55.2132335,47.5655681
55.0603495,47.5757512
55.3266665,47.5603507
55.3265669,47.5598102
55.3295957,47.5620546
55.3267911,47.55554
55.3265621,47.562186
55.3299896,47.561848
55.3236426,47.5603692
54.7580026,47.8515344
55.7621772,48.1966115
55.7675308,48.1928381
55.7836397,48.1917684
55.7959481,47.8294969
55.8027565,47.8986499
55.8096275,47.9882156
55.8096177,48.0249009
55.7967347,48.0816683
55.7967583,48.0825812
55.803224,47.8995326
55.1630122,47.9872004
55.0196296,48.1141462
55.1633231,47.9869663
54.9024444,46.4852213
55.4941805,46.4136174
55.4104007,46.4765236
55.4868509,46.4366142
55.4666608,46.4529681
55.2023327,46.3058575
55.4045468,46.4760719
55.4050111,46.4681775
55.4104143,46.4762067
55.4017725,46.4767043
55.5162788,46.3663243
55.4990288,46.4123197
55.9175137,46.2286897
55.5027273,46.3647015
55.8372894,46.197169
55.9145906,46.3888931
55.9109794,46.3840575
55.502493,46.365212
55.9892026,46.1900446
55.9914677,46.1876247
56.0235068,46.2416172
56.0438101,46.5307401
56.0439677,46.3847138
56.0487958,46.4247635
56.0528414,46.482804
56.0438397,46.3829711
65.9145594,78.1886551
65.9143238,78.1885268
64.9585503,77.6446524
64.9120351,77.7489777
64.9194744,77.7820339
64.4408804,76.5353305
64.4329855,76.4103128
64.4833047,76.7425934
64.4326082,76.4083441
64.4325475,76.4078493
64.423712,76.4277976
64.4420327,76.528793
66.087162,76.6789595
66.0875733,76.6675667
66.0770188,76.533437
66.0844873,76.6264418
66.0868955,76.7170676
66.0773263,76.5322309
66.0850286,76.6942148
66.0873499,76.6690272
66.080726,76.6259047
66.0860803,76.6605212
66.1012577,76.6740323
66.0651628,76.8635233
66.0772027,76.5315223
66.074947,76.6202302
66.0768553,76.5316275
66.0774471,76.5321256
66.0880357,76.6258527
66.0849048,76.6316238
66.0822984,76.6273803
66.0854244,76.6264602
66.0883582,76.623941
66.0854865,76.6375609
66.100005,76.6753618
66.0748329,76.5300752
66.0816458,76.6269707
66.4716914,76.6402327
63.1898754,75.4600363
63.1865893,75.4426619
63.1927049,75.4324945
63.1895762,75.4625175
63.1970561,75.4423304
63.1891226,75.4595925
63.2086164,75.4735081
63.1870013,75.4435147
63.1878611,75.4596198
63.1870352,75.4615678
63.2172298,75.4938892
63.1885869,75.4635136
63.1312002,75.3504169
63.1309768,75.3532708
63.1872079,75.4667956
63.1843171,75.4750649
63.1873675,75.441396
63.1887891,75.4639343
63.2029651,75.449476
63.2018465,75.4509368
63.2017054,75.4520999
63.1842417,75.4759953
63.1310831,75.3519122
63.051372,74.490422
63.8064162,74.6471944
63.804169,74.5070231
63.7867934,74.5306974
63.7870703,74.5308091
63.7864239,74.5302321
63.8000829,74.4897591
65.531369,72.533206
66.6390436,66.5172095
66.5793812,66.578698
66.5896301,66.5829772
66.542717,66.6826522
66.5492473,66.6089749
66.549334,66.6079442
66.5824357,66.5745866
66.5646737,66.5637907
66.5639983,66.5657157
66.5440141,66.637402
66.5445881,66.6385232
66.5456929,66.6354775
66.5430025,66.6838467
66.6245217,66.5541784
66.5553351,66.6165266
66.5546532,66.6185787
66.5647607,66.564984
66.5646961,66.5638071
66.6249179,66.5540054
66.6549125,66.4078433
66.6388123,66.5221642
56.7029264,38.7878724
56.7526545,38.8632265
56.5460538,38.594294
56.7575201,38.8669308
56.5624815,38.5826117
57.4790253,38.372115
57.5339272,38.3345257
57.5277825,38.3410727
57.5194909,38.3259092
57.5017186,38.787629
57.7033869,38.7783912
57.7764007,38.459217
57.7709973,38.4864067
58.0454497,38.8204679
58.0459232,38.8531932
58.057259,38.7849591
58.0449401,38.8595963
58.0491817,38.7862434
58.0456915,38.8233181
57.7685276,38.4419396
58.0111562,38.8566059
58.0456392,38.821768
58.0462486,38.8523589
58.0345549,38.8550532
57.7706441,38.3015302
58.0563127,38.7532442
58.0546057,38.7531162
58.0107837,38.8578285
58.0418837,38.7945716
58.0462876,38.8587706
58.0497238,38.7679087
58.0459795,38.8524098
58.0558841,38.7496342
58.0556729,38.7504884
58.0558808,38.7497778
58.0415394,38.8399285
58.0410025,38.8389224
58.0473797,38.8594946
58.0477612,38.859853
58.0554362,38.7693574
58.0556375,38.7681049
58.0554847,38.7686108
58.0491628,38.7682105
58.0490797,38.7675311
58.0495558,38.7679071
58.0430461,38.8053724
58.5088992,39.1316867
58.510553,39.1147
58.0527003,38.87091
57.859114,39.5318765
58.0545055,38.8718035
58.0220288,38.9742177
57.9516774,39.2416189
57.9513131,39.2425479
57.5780597,39.483654
57.3802043,39.6040206
57.3727179,39.6020827
57.2690309,39.1585752
57.1867015,39.3799983
57.1878304,39.3826608
57.1997242,39.4446544
57.2183548,39.4578553
57.1692881,39.3587258
57.2001615,39.4436694
57.2041929,39.4301666
57.3012767,39.5362478
57.1886478,39.384984
57.2194952,39.4591334
57.2367656,39.4722345
56.7377798,38.9018817
56.7470231,38.9398324
56.7472584,38.940879
56.723316,38.9347298
56.7233161,38.9384355
56.7246026,38.9397125
56.7234372,38.9370196
56.7535276,38.8848141
56.7507519,38.8722998
56.7469721,38.9411461
56.7533739,38.8849223
56.7827378,38.8826987
56.74734,38.9394608
56.7815837,38.8819832
58.2077477,40.1386385
58.2382963,40.1818725
58.1972867,40.1717528
58.1966498,40.1709345
58.237528,40.1815086
58.2371869,40.1823162
58.1480727,40.1483393
58.1866127,40.1325006
58.2075531,40.1383368
58.2072175,40.1378397
58.2083017,40.1382221
58.1500414,40.1493264
58.2834686,39.8676951
57.7401017,39.891487
57.5755858,39.8443701
57.5396601,40.0655136
57.5900308,39.8599329
57.6681342,39.7671679
57.6855923,39.7848889
57.6714711,39.7702919
57.6393314,39.7871346
57.6284427,39.8073417
57.6265874,39.8577442
57.6269232,39.8486938
57.6215848,39.8708141
57.6369218,39.8794476
57.6252961,39.8834941
57.6361041,39.8651068
57.6437928,39.8821728
57.6773294,39.7991335
57.6431848,39.9030007
57.6438917,39.9178954
57.6447997,39.9064258
57.6593581,39.9586506
57.6396038,39.9247347
57.6080822,39.9449268
57.6387095,39.8837362
57.6223106,39.8867779
57.6082217,39.8833768
57.6467456,39.9100204
57.6878286,39.8978789
57.643096,39.9035756
57.6440713,39.8240331
57.5294836,39.7794644
57.6207079,39.8484283
57.6367262,40.3899621
57.5410866,40.129126
57.4363931,40.3115697
57.6404006,39.8753353
57.6338869,39.8597177
57.6454282,39.9081089
57.6347025,39.8720891
57.6435087,39.8519144
57.6426652,39.8588915
57.6195664,39.8582649
57.685691,39.7847166
57.6371476,39.868192
57.5651693,39.8302919
57.5900762,39.8596862
57.5763979,39.8454127
57.6088543,39.8360324
57.617478,39.8455179
57.5289282,39.778053
57.5292983,39.7811893
57.5293213,39.7821104
57.4082453,39.6601537
57.625661,39.8750824
57.6446486,39.879626
57.6446564,39.881634
57.5378581,40.0105964
57.6435024,39.902862
57.5466772,39.7764992
57.6439391,39.9187716
57.6464059,39.9098381
57.6849226,39.9077941
57.6353744,39.8686722
57.7166968,39.8289383
57.5558773,39.816816
57.6674511,39.8226486
57.6694731,39.842635
57.6634548,39.8456474
57.6351941,39.7458716
57.7406978,39.8972837
57.541244,39.9722028
57.5307248,39.7848519
57.6334061,39.7483117
57.6654161,39.8437588
57.6264018,39.8372264
57.7299531,39.7411688
57.6743093,39.8043372
57.6679573,39.8237385
57.6187222,39.8483424
57.6714883,39.8329055
57.6662309,39.8418786
57.6720299,39.8363539
57.608643,39.8807606
57.608629,39.8608011
57.6085494,39.8599316
57.6096316,39.874111
57.6095956,39.8745204
57.4053486,39.6561126
57.4052091,39.6569546
57.617198,39.859349
57.6172302,39.8604395
57.6183946,39.8501087
57.6180709,39.8572339
57.5408749,39.9792921
57.6421929,39.8565394
57.6323041,39.8045241
57.6027449,39.87744
57.7306804,39.7399915
57.6453198,39.881027
57.6434984,39.8234765
57.6437575,39.824113
57.6420149,39.7797069
57.6435254,39.7743791
57.6601285,39.8235699
57.5923292,39.8779715
57.5990609,39.8781882
57.6817295,39.8934395
57.6288385,39.8480992
57.628932,39.8477322
57.6289875,39.8482227
57.6290728,39.8480798
57.6288025,39.8485626
57.5288447,39.778108
57.609656,39.873881
57.6291246,39.8482057
57.6385205,39.8828213
57.6260074,39.8838854
57.6319145,39.8869521
57.6317229,39.8871175
57.6221903,39.8859921
57.6224369,39.8861053
57.6380464,39.82315
57.6735897,39.8360698
57.6598107,39.958202
57.6599506,39.9590259
57.5989682,39.8732997
57.601244,39.8765566
57.60198,39.8770232
57.5767054,39.8454994
57.6387416,39.883631
57.5828775,39.8537477
57.6882663,39.8979181
57.592445,39.8777624
57.6197224,39.8795572
57.6072662,39.8439248
57.6256455,39.8758484
57.5416681,39.9705812
57.5798434,39.8336879
57.6685417,39.8221048
57.6754487,39.8024093
57.6761569,39.8016405
57.6776645,39.7990302
57.6824416,39.9159827
57.6874035,39.8991495
57.6348978,39.8727403
57.7357492,39.8963664
57.6982167,39.8988367
57.6917634,39.8983526
57.6568371,39.8239192
57.6842424,39.9009789
57.6863025,39.9029328
57.6734121,39.8058627
57.6744253,39.8046058
57.6722804,39.8323107
57.5558441,39.8162415
57.6444869,39.7662628
57.6358273,39.8650208
57.6358828,39.8662651
57.6476048,39.7481883
57.641722,39.8554699
57.6222768,39.8871889
57.5379182,39.792092
57.6684603,39.8177712
57.6174646,39.8853379
57.643431,39.8824298
57.5571724,39.8196325
57.6735641,39.8359913
57.6096271,39.8740793
57.6087126,39.8357527
57.6360327,39.865495
57.6097371,39.8742494
57.6086011,39.8605088
57.6295737,39.806189
57.6722211,39.8335086
57.6191178,39.7760151
57.6319942,39.8874287
57.5410648,40.1283556
57.5404861,39.9869096
57.5417651,39.971431
57.4060298,39.656719
57.6479445,39.7476241
57.6479097,39.7458617
57.5901264,39.8588605
57.5924194,39.8777591
57.6327802,39.8596233
57.5364405,40.0200118
57.5364175,40.0207073
57.5373743,40.0489412
57.5406819,40.0694922
57.5451252,40.1052877
57.5448907,40.0956183
57.5417338,39.9713877
57.6684315,39.8326703
57.5371083,40.0490002
57.5388144,40.0049032
57.6262289,39.9408177
57.5593387,39.8550566
57.5363577,40.0205901
57.5441509,40.1121894
57.6264511,39.861785
57.6255236,39.877111
57.3272817,39.8212185
57.3076103,39.885886
57.9016913,38.0632374
58.3025384,37.8287358
58.2476667,37.8175171
58.2996752,37.8298728
58.2866303,37.8673348
