y,x
59.895094,30.3314215
59.8993013,30.3374752
59.9017314,30.3395524
59.9120443,30.3483705
59.9149316,30.3502097
59.9463873,30.2897198
59.9381263,30.2945979
59.9365623,30.2888692
59.9141862,30.3549587
59.9136143,30.36233
59.9144177,30.3747367
59.9291284,30.3475315
59.9435541,30.412234
59.946571,30.3488478
59.9372518,30.2121605
59.9401126,30.2155332
59.9404907,30.2172321
59.9379996,30.3425297
59.9324534,30.2740882
59.9358485,30.2837511
59.8519932,30.3028921
59.8520112,30.3066147
59.7806999,30.3250134
59.7193781,30.2832552
59.8519151,30.2803513
59.8519276,30.2829177
59.8520168,30.238552
59.8543029,30.2675078
59.8574522,30.1763968
59.861282,30.1796549
59.8537011,30.3606666
59.8546205,30.3686048
59.8656379,30.4143779
59.8788329,30.4551119
59.8818613,30.4696778
59.9261743,30.4006676
59.9218671,30.407107
59.9271545,30.3998337
59.9262894,30.4010407
59.944012,30.4050821
59.9486084,30.4071712
59.9238546,30.3898122
59.9239719,30.3907003
59.9241414,30.3910316
59.9374672,30.3955815
59.9216651,30.3929454
59.9202313,30.3955089
59.9446764,30.3038409
59.9422004,30.3389252
59.9321118,30.3121902
59.850985,30.3246176
59.8510582,30.3297864
59.8520466,30.3299884
59.8442907,30.3301715
59.7283231,30.3552976
59.8637032,30.4169765
59.9010047,30.4584342
59.9068153,30.4827338
59.9197365,30.4707229
59.9216392,30.4787994
59.9286287,30.4858658
59.8923354,30.490913
59.9483231,30.4363442
59.9479323,30.4362886
59.940334,30.4349395
59.9373227,30.4352563
59.9313379,30.3360213
59.9334929,30.2393463
59.9339175,30.2391246
59.9339874,30.2351025
59.9333715,30.2354223
59.933405,30.2359464
59.9295112,30.2501905
59.9286813,30.2684442
59.9119737,30.3487835
59.9211918,30.3546045
59.9193621,30.3534286
59.9137441,30.3596966
59.9230443,30.3417013
59.9280703,30.3475074
59.9380554,30.3416776
59.9428699,30.3486385
59.9430014,30.411774
59.9432318,30.3779642
59.942356,30.3636716
59.9424855,30.355429
59.943733,30.3780061
59.936279,30.2865398
59.9358362,30.2701618
59.8758023,30.3134176
59.8760712,30.336399
59.8779838,30.3488829
59.8781885,30.3491571
59.8785936,30.3487806
59.8657772,30.3569279
59.8525946,30.3641673
59.8756757,30.3058406
59.9050415,30.3381173
59.9058165,30.3787355
59.9440659,30.3487074
59.8456803,30.3167718
59.8514303,30.3066386
59.9115595,30.3072565
59.9133188,30.2775103
59.9129446,30.2669783
59.9094833,30.2644135
59.9131626,30.2732872
59.8865421,30.3733719
59.8893534,30.3803357
59.8915469,30.3849912
59.90348,30.3753019
59.9052532,30.3738914
59.9065095,30.3726808
59.9053967,30.3820887
59.9019898,30.4013052
59.902122,30.4009582
59.9011059,30.400752
59.8990323,30.419037
59.8963685,30.4235475
59.9442925,30.3256725
59.9382472,30.3483348
59.9260722,30.3304837
59.9266904,30.3320969
59.9204997,30.3590807
59.9248988,30.3775989
59.9307757,30.3830501
59.8442349,30.3675051
59.8359617,30.3717246
59.9468504,30.4066671
59.9263562,30.3900706
59.8533881,30.3244787
59.8534632,30.3296454
59.8524694,30.3299599
59.8778198,30.4561943
59.9357098,30.2838137
59.9249028,30.4163833
59.790611,30.3184788
59.7908654,30.3167973
59.9148731,30.3555501
59.8089631,30.385136
59.8054753,30.3919851
59.813924,30.3757091
59.8142302,30.3756387
59.8167068,30.3709389
59.8952627,30.3311238
59.911785,30.3976527
59.9110854,30.393324
59.9164849,30.3450409
59.9161085,30.3401333
59.9282863,30.3362655
59.851493,30.3997768
59.9080261,30.2381013
59.8996237,30.2746408
59.8803287,30.261439
59.8766328,30.2566007
59.8769312,30.2576817
59.8604086,30.2338561
59.9018533,30.2733948
59.9022538,30.2840385
59.8522117,30.2342122
59.8427999,30.2079406
59.8603404,30.2565822
59.875878,30.2575101
59.9091698,30.3393163
59.9143229,30.3601184
59.9463912,30.3378663
59.8488873,30.2677861
59.848865,30.2688878
59.8644534,30.2951411
59.8716053,30.2974378
59.9093036,30.2942275
59.8644267,30.3370535
59.8450028,30.3739768
59.7956014,30.151881
59.851749,30.2340213
59.8444624,30.2504556
59.8464206,30.2706748
59.8434928,30.26513
59.8599911,30.2063399
59.8601916,30.2062353
59.8597175,30.2331165
59.8560208,30.2028047
59.8561016,30.2024496
59.8029729,30.1605612
59.851845,30.302902
59.8518657,30.306618
59.8164893,30.3835932
59.8250238,30.4323796
59.835247,30.4484255
59.8525556,30.4752046
59.8537799,30.4839288
59.870513,30.4773392
59.9015718,30.3398972
59.9005462,30.3390697
59.8163296,30.3837415
59.7299171,30.3947686
59.7267756,30.401281
59.7229583,30.4128692
59.7218815,30.4161491
59.7178016,30.4012673
59.7196771,30.4243402
59.7205185,30.4254378
59.7213299,30.4297251
59.7266461,30.4175334
59.721738,30.4318979
59.9464562,30.3591641
59.9264889,30.4212612
59.9272658,30.4002684
59.8763301,30.447142
59.8597329,30.4790216
59.8152076,30.3702887
59.8249649,30.4328442
59.830638,30.4425601
59.9449543,30.5055534
59.7307709,30.6119931
59.7036328,30.3718591
59.7007236,30.3942594
59.7028836,30.4074909
59.7036849,30.4193303
59.7030694,30.4198733
59.7019305,30.4210556
59.6942773,30.429835
59.6970146,30.4349425
59.6958492,30.437156
59.6955008,30.4378743
59.6955964,30.4381876
59.6979523,30.4410636
59.6987212,30.4416037
59.7181004,30.4173286
59.7142709,30.406456
59.7226564,30.4282254
59.7225578,30.4291031
59.7299097,30.3943511
59.7292663,30.3941558
59.8541277,30.3603632
59.9442667,30.4048704
59.9093687,30.288724
59.951627,30.3992224
59.9403015,30.3975023
59.9247834,30.4159811
59.9256307,30.4354895
59.9279527,30.4374792
59.8467959,30.1969923
59.846789,30.1973363
59.9001711,30.3406011
59.9304964,30.3801656
59.9433237,30.3779804
59.9266213,30.3081288
59.9192396,30.3052254
59.9191659,30.3052818
59.9322755,30.3357963
59.9271914,30.3313005
59.9004284,30.2738186
59.9005964,30.2745264
59.8994158,30.2750853
59.8993539,30.2748765
59.8670559,30.2450375
59.861865,30.2371567
59.8620654,30.2362977
59.85224,30.1993883
59.8523097,30.199047
59.8436023,30.2654658
59.859401,30.2578526
59.8614369,30.2870673
59.8524601,30.3028858
59.8551101,30.3296427
59.8895329,30.3023008
59.8961298,30.3001883
59.9162129,30.3471528
59.9381261,30.343834
59.8610934,30.4512696
59.8582967,30.4494237
59.6833027,30.4338458
59.6824169,30.4367774
59.6826242,30.439461
59.7180238,30.4112352
59.7166363,30.404888
59.7304623,30.4059617
59.9478734,30.4360496
59.9531128,30.4411019
59.928249,30.4857382
59.9218122,30.4786025
59.9218699,30.4788466
59.9200501,30.4693414
59.9203933,30.4706625
59.9205361,30.470698
59.9207306,30.4687032
59.9202561,30.468509
59.9196595,30.4704
59.9203151,30.4722605
59.9253518,30.4474752
59.9044467,30.2459789
59.9047151,30.2522824
59.9038872,30.2448799
59.9089061,30.2408284
59.9093458,30.2403254
59.903966,30.2358609
59.903878,30.234082
59.9023393,30.2493057
59.9285381,30.3472791
59.928506,30.3476745
59.943835,30.405041
59.8837897,30.367092
59.8864097,30.3735625
59.8839423,30.3669332
59.8840711,30.3672416
59.8839188,30.367409
59.8658096,30.3571721
59.8645586,30.3464417
59.8646858,30.3487135
59.8559205,30.3617435
59.8561206,30.3625006
59.853503,30.3587247
59.8531391,30.3610992
59.8533573,30.3629534
59.8526101,30.3648156
59.8535979,30.3608277
59.8531233,30.3635138
59.858787,30.3917016
59.8592056,30.3932488
59.8587307,30.3929885
59.8595058,30.3922114
59.8593992,30.391794
59.8593464,30.3930977
59.8586281,30.392598
59.8654885,30.4145534
59.866287,30.4148541
59.8662043,30.4146308
59.8661848,30.4161092
59.8660675,30.4162866
59.865402,30.4159239
59.8653572,30.4156878
59.8663632,30.4171387
59.8664019,30.4182046
59.877517,30.3978388
59.8775809,30.39801
59.8782666,30.3969927
59.8891821,30.3804142
59.8892795,30.3806464
59.8589278,30.3915505
59.8962567,30.3563241
59.8354902,30.1273084
59.846517,30.2134005
59.8520058,30.2217285
59.8342235,30.4404768
59.684721,30.2472331
59.7287906,30.3952082
59.7174207,30.4164178
59.7423242,30.5814766
59.7472133,30.6014762
59.7971494,30.6053873
59.7895426,30.6008884
59.8518284,30.2385344
59.8517767,30.2803562
59.8149502,30.3685398
59.8421577,30.4098339
59.8423035,30.4096835
59.8421809,30.4092126
59.8464657,30.4305936
59.8535084,30.4847726
59.84296,30.4849314
59.8314809,30.5239597
59.8173906,30.5712852
59.8082436,30.5887344
59.9002825,30.488846
59.8848976,30.4671183
59.8819397,30.4700086
59.8895263,30.4636192
59.9243603,30.4893803
59.9011583,30.458773
59.9124878,30.4391517
59.9123625,30.4394378
59.9067551,30.4824782
59.919474,30.4232937
59.9464529,30.3594701
59.8766773,30.2584576
59.8316098,30.3511685
59.8441373,30.3667117
59.8313482,30.3436234
59.8343195,30.3804837
59.8420387,30.4093593
59.8384855,30.4129576
59.8383382,30.4130984
59.8449187,30.420269
59.8546071,30.3697063
59.918937,30.3978334
59.9052292,30.4058553
59.7105192,30.4020649
59.7082999,30.3899829
59.8414699,30.3195065
59.7381227,30.4121059
59.7777159,30.3257765
59.8497327,30.4806374
59.8503326,30.4804812
59.8056635,30.3115648
59.8046158,30.3236613
59.804178,30.3237046
59.8052898,30.3122262
59.8153259,30.372922
59.8133958,30.3777807
59.8115782,30.3818125
59.8107111,30.3852971
59.8109409,30.3826021
59.7951271,30.324801
59.7885208,30.3246341
59.7978176,30.3246646
59.7938161,30.3243463
59.9410446,30.2247063
59.9383096,30.2422268
59.8151242,30.361476
59.8100327,30.3346932
59.832481,30.2834987
59.8340466,30.2788814
59.8343835,30.2700669
59.8011598,30.1702149
59.8001045,30.1674968
59.8057526,30.3235825
59.8152188,30.3726635
59.814403,30.3805265
59.8284412,30.4390428
59.7162218,30.4199913
59.8424438,30.4337643
59.8457006,30.4555944
59.8517564,30.4000745
59.8515574,30.4002831
59.8516905,30.3996136
59.8446783,30.3718029
59.8448814,30.3717909
59.8451805,30.3738307
59.8443022,30.3680155
59.7119604,30.4108077
59.712639,30.4355723
59.7125633,30.4372312
59.7180169,30.4313566
59.714125,30.426356
59.7193321,30.4238907
59.7204708,30.420447
59.7208096,30.4208752
59.8345338,30.5004943
59.8403518,30.4855435
59.8704899,30.4776849
59.9113852,30.3963459
59.9116371,30.397273
59.9065705,30.3787433
59.9055341,30.3738894
59.9069852,30.4506397
59.9066495,30.4828893
59.9065893,30.4826333
59.9009766,30.4588529
59.8584485,30.4794795
59.7454567,30.5951312
59.7306856,30.6066982
59.7471161,30.6102325
59.7465317,30.601594
59.6906691,30.4330923
59.9163595,30.3407121
59.8040179,30.1604653
59.8347577,30.2748356
59.8327426,30.2835057
59.8161098,30.3122743
59.8106727,30.3249484
59.7566959,30.6173095
59.7614691,30.6284269
59.769077,30.6222955
59.7580257,30.5995855
59.7476891,30.6105712
59.7366751,30.6057154
59.749547,30.59114
59.9115629,30.3075502
59.9130238,30.3076024
59.8545013,30.3686573
59.8523655,30.4752937
59.8916147,30.3136415
59.8058552,30.5096779
59.8063704,30.5147698
59.6787279,30.4393661
59.6753983,30.4240787
59.9304262,30.3608538
59.9235149,30.3894045
59.9238954,30.3912569
59.9176087,30.4005064
59.877856,30.4498269
59.8779143,30.4501323
59.8760571,30.4479894
59.8766693,30.4493628
59.8817343,30.4698189
59.8757485,30.4478904
59.8463473,30.4556792
59.8485274,30.4583536
59.8332396,30.4987244
59.8334528,30.5039889
59.9014669,30.3398299
59.8539344,30.4793213
59.8462685,30.4561569
59.8725938,30.4344692
59.8724938,30.4346003
59.872485,30.435166
59.8726451,30.4353776
59.8463378,30.4306949
59.866331,30.424825
59.844242,30.3280777
59.8762276,30.3364041
59.8781169,30.3487644
59.7284988,30.3946831
59.7226259,30.3974488
59.7166487,30.4154419
59.9486709,30.4069655
59.9217905,30.406904
59.9159712,30.4137958
59.8928999,30.4469655
59.8788328,30.4549458
59.8520685,30.4264057
59.8463647,30.4309211
59.8424688,30.433972
59.8463593,30.4322335
59.9011027,30.2742012
59.8950583,30.2756099
59.8818055,30.4701146
59.8478598,30.2985038
59.8519336,30.4262691
59.8520562,30.4261649
59.6963063,30.4271149
59.7070613,30.4045823
59.7087128,30.4145977
59.6859098,30.4456732
59.6830656,30.4406921
59.6837711,30.4391145
59.6856409,30.4339066
59.810788,30.3234974
59.8246873,30.4444222
59.821239,30.4462041
59.8220156,30.4459026
59.8229686,30.4452779
59.801128,30.4091777
59.8013515,30.4087324
59.8273002,30.4388044
59.8278986,30.4408909
59.8251718,30.4445422
59.8341846,30.440242
59.8235,30.4266202
59.8527409,30.4797994
59.8104479,30.3367987
59.9382149,30.2940435
59.9380325,30.2939933
59.9421674,30.3057263
59.9427919,30.3062303
59.9292706,30.2699981
59.9368038,30.2890942
59.9365309,30.2874168
59.9330519,30.2632976
59.900404,30.3725282
59.8319015,30.3510027
59.8561246,30.2029002
59.8562052,30.2025451
59.8575893,30.1764384
59.8524624,30.1991796
59.8523763,30.1995109
59.8285782,30.4440253
59.7838979,30.1123989
59.9002298,30.4886187
59.8180248,30.3809185
59.8161034,30.3808759
59.8332923,30.3693833
59.8334228,30.3694068
59.8332595,30.3679982
59.8330497,30.3675728
59.9343134,30.4014363
59.9312727,30.2369139
59.6783386,30.4505576
59.6839842,30.4578899
59.6847332,30.4558731
59.8048078,30.3150313
59.805041,30.3151949
59.8043713,30.3179357
59.8046037,30.3180579
59.8064713,30.5712797
59.7903241,30.6165877
59.8103347,30.560916
59.8076607,30.3244133
59.810381,30.3339459
59.8137912,30.3169739
59.929334,30.4113634
59.9265915,30.3883387
59.8782042,30.3968096
59.8322278,30.2946437
59.8326913,30.2740715
59.8319474,30.278411
59.8323269,30.2948122
59.8335927,30.2714279
59.8404314,30.2820581
59.8359194,30.2801437
59.8354527,30.2710553
59.836825,30.2648827
59.8336619,30.2836615
59.8360071,30.2783263
59.8327292,30.2721844
59.8318954,30.2578385
59.8481624,30.2881855
59.8608339,30.2917022
59.8641326,30.2925014
59.8666173,30.2931746
59.8758395,30.2949333
59.8802471,30.2894538
59.8506529,30.2901053
59.8692055,30.2949541
59.8803409,30.2899867
59.8755937,30.2983806
59.8754564,30.2983583
59.7996533,30.157304
59.8020267,30.1470821
59.8053088,30.1629827
59.8010641,30.1580377
59.8012989,30.1485527
59.8005425,30.1577562
59.7994958,30.156502
59.7984538,30.1549182
59.7940611,30.1498766
59.769782,30.5936933
59.9156844,30.3511224
59.9154324,30.3509691
59.9154716,30.3505602
59.901821,30.339643
59.9426088,30.404902
59.8541704,30.3689006
59.854523,30.3688622
59.8546545,30.3688054
59.9242055,30.3235324
59.7836798,30.1484732
59.8131889,30.3776599
59.8118566,30.3787237
59.818978,30.3665737
59.8965604,30.4917722
59.942101,30.3061256
59.9424357,30.3066145
59.8572444,30.2572028
59.8555791,30.2733905
59.8555623,30.2867674
59.8532329,30.2917621
59.8556324,30.2893666
59.8736139,30.2932997
59.8755943,30.2975048
59.8780757,30.3492814
59.8747926,30.4018889
59.8748564,30.4020623
59.8701098,30.4088503
59.8701766,30.4090227
59.85348,30.3641832
59.8057845,30.3870412
59.8266683,30.4363322
59.8301752,30.4431118
59.834425,30.4477147
59.7288783,30.3948046
59.8085318,30.3234885
59.8154022,30.3725672
59.9333382,30.2911308
59.8963445,30.3137969
59.9461528,30.3291005
59.946381,30.3300919
59.9309999,30.4385458
59.9319579,30.4353526
59.9318887,30.435613
59.8813385,30.3469993
59.8812665,30.3465807
59.9050283,30.2173269
59.8762174,30.3361693
59.8760625,30.3361711
59.8644238,30.3368601
59.8780057,30.3364707
59.8780214,30.3362554
59.814286,30.315381
59.709185,30.3242582
59.9129064,30.3990035
59.9014997,30.4014232
59.9016147,30.3994534
59.9424854,30.404876
59.9422254,30.4084433
59.9423804,30.4084994
59.942179,30.4087371
59.9428492,30.4119272
59.9435052,30.4124672
59.9416613,30.4087716
59.9337511,30.407257
59.9337477,30.4069907
59.8529996,30.3646498
59.8018228,30.3979413
59.8019318,30.3963723
59.9300227,30.4743534
59.9300857,30.4734844
59.9301299,30.4728958
59.9321502,30.4734575
59.9294422,30.4735597
59.9294631,30.4732675
59.9300657,30.4737602
59.8032617,30.3888045
59.8620466,30.4034882
59.9205387,30.3588309
59.9186888,30.35766
59.9149269,30.3553196
59.9436317,30.4118514
59.9434141,30.4113961
59.8428883,30.4846234
59.8427943,30.4849874
59.8461793,30.4837799
59.8461503,30.4834755
59.8321279,30.519962
59.8444567,30.4843976
59.8613102,30.1795143
59.8574952,30.1761262
59.930105,30.3758926
59.861296,30.2580584
59.7997144,30.5209323
59.7867124,30.6155623
59.8416159,30.2555741
59.6869707,30.4438975
59.6876511,30.4426596
59.7806115,30.1446377
59.8051568,30.3942771
59.7935444,30.4936352
59.7486648,30.5306086
59.7481836,30.5307698
59.7480343,30.5315015
59.7483321,30.5322883
59.7487641,30.5321579
59.7489424,30.5313988
59.7498148,30.5294525
59.882197,30.4693377
59.8817221,30.4691122
59.8822909,30.469701
59.8601345,30.4772966
59.8600389,30.4767622
59.8594254,30.4760239
59.8577574,30.4448113
59.8614606,30.2574152
59.8605292,30.2566622
59.9216986,30.4790513
59.7930912,30.4941091
59.7942886,30.4936759
59.7933669,30.4929286
59.7948065,30.4930258
59.8989355,30.418813
59.8962997,30.4233392
59.9331522,30.3623592
59.8845479,30.4887235
59.8849318,30.4881634
59.8845364,30.4891561
59.8853665,30.4888719
59.8853386,30.4893527
59.884946,30.4898533
59.8850783,30.4898128
59.8848051,30.4882124
59.9210731,30.4701975
59.9198126,30.4701448
59.9199271,30.4706298
59.8379506,30.2623244
59.8938368,30.4910493
59.8938204,30.4912678
59.8774583,30.4796716
59.8775906,30.4797591
59.8509949,30.3059349
59.8774658,30.4800502
59.9123082,30.4389427
59.929472,30.3351605
59.8861263,30.3647043
59.8862124,30.3650312
59.9022958,30.3400764
59.8829252,30.345658
59.8829675,30.3460824
59.8353494,30.3847386
59.8363117,30.3870953
59.7789414,30.3257606
59.7776062,30.32518
59.8453445,30.317069
59.8443799,30.3280624
59.8444226,30.3301678
59.8442595,30.3666507
59.8443483,30.3674453
59.8444063,30.3679651
59.8122996,30.4600353
59.8083755,30.467578
59.8188409,30.4496148
59.8054977,30.3904634
59.8058932,30.3947084
59.8056553,30.3953496
59.9051467,30.3735847
59.9040987,30.3750399
59.9039912,30.3755886
59.8410451,30.3256017
59.8409474,30.3254049
59.8620954,30.2366341
59.867257,30.2442707
59.8677934,30.2450429
59.8694817,30.2475905
59.8518702,30.2212389
59.851996,30.2214319
59.8518741,30.2215362
59.8595407,30.2325714
59.8597222,30.2328432
59.8614002,30.2356015
59.8464867,30.4308274
59.8444262,30.4840783
59.8563949,30.2688271
59.8164741,30.4534615
59.8783609,30.3498882
59.8777901,30.34956
59.8782434,30.3500419
59.7454116,30.3108951
59.8603639,30.2589568
59.8603587,30.2584879
59.8607162,30.2572969
59.8589403,30.3922758
59.8590472,30.3926634
59.8590819,30.3921275
59.8591905,30.3925213
59.8658202,30.4155402
59.8657466,30.4153165
59.8658662,30.4151339
59.8659373,30.4153561
59.8460178,30.2699447
59.844468,30.2488966
59.8442577,30.2492894
59.8449685,30.2499533
59.7067962,30.1208327
59.7737549,30.1257583
59.8312499,30.343432
59.8188854,30.3663781
59.8227007,30.3592563
59.7852005,30.6584526
59.8761274,30.3511057
59.876067,30.350879
59.8360665,30.3840465
59.8364649,30.3869798
59.9420793,30.4092309
59.8768031,30.449008
59.8652065,30.1831616
59.8044365,30.3203146
59.8042361,30.3203054
59.8228405,30.359425
59.7527971,30.3905254
59.6692633,30.2630662
59.9312129,30.2364303
59.9458129,30.2874167
59.9282465,30.3471026
59.9281743,30.3475372
59.7181167,30.4113537
59.7167437,30.4155545
59.9314128,30.3899884
59.9374159,30.3958205
59.851785,30.281169
59.8512153,30.2805534
59.8519148,30.2804943
59.8517783,30.2804988
59.8518163,30.2829198
59.9381258,30.3729537
59.9297798,30.3889975
59.8792259,30.3482598
59.8791483,30.3478941
59.8826922,30.3462364
59.8826274,30.3458226
59.8526766,30.3640746
59.729126,30.3942451
59.8659633,30.3856208
59.8658778,30.3852851
59.8674725,30.3836615
59.8613141,30.3903297
59.8675531,30.3840218
59.8612246,30.3899956
59.8442134,30.24996
59.8415917,30.2553302
59.8588055,30.2940557
59.8582759,30.2932291
59.7909773,30.3168595
59.832123,30.3596465
59.8152045,30.3642896
59.8172244,30.3694481
59.8595337,30.2328638
59.7169853,30.2890657
59.9153341,30.4324904
59.7197087,30.2839648
59.7045426,30.2681711
59.6851014,30.248006
59.7041197,30.2684658
59.6802269,30.242977
59.8600452,30.2560278
59.801305,30.3755013
59.8099223,30.3839923
59.8324104,30.30012
59.8323096,30.3013573
59.8543033,30.2692146
59.8520107,30.290794
59.8574379,30.2919116
59.8558736,30.270479
59.8750627,30.2982704
59.8418292,30.2548735
59.693766,30.4293889
59.6942987,30.4292723
59.9151952,30.4322285
59.8647181,30.1651354
59.8318767,30.2821918
59.8944634,30.4273268
59.8943757,30.4271044
59.9120053,30.3741255
59.7157015,30.4196305
59.7161171,30.420309
59.8430901,30.4589102
59.8002095,30.1660178
59.695369,30.4373708
59.7028676,30.420311
59.7022248,30.4209778
59.6956445,30.4377873
59.7021143,30.4206506
59.7027577,30.419906
59.681585,30.2538081
59.7007058,30.3940055
59.8333743,30.3810159
59.7415326,30.31788
59.7416298,30.3183212
59.7395466,30.3237539
59.7408486,30.3197814
59.743433,30.308834
59.7475732,30.3020359
59.7454814,30.310608
59.7439157,30.3089305
59.7490589,30.2969723
59.7470983,30.3030189
59.7470891,30.3016206
59.7467485,30.3029917
59.8290209,30.2745565
59.9422835,30.4130105
59.9422465,30.4124762
59.7008263,30.3805699
59.8145926,30.3157153
59.8118129,30.323566
59.9214724,30.4711296
59.6814808,30.2560312
59.6817295,30.2524189
59.8956283,30.2757655
59.8951425,30.275413
59.8951587,30.2756392
59.899941,30.274341
59.899689,30.2739662
59.9196936,30.469642
59.6871035,30.2497298
59.7406476,30.3251641
59.7412994,30.3247111
59.7404139,30.3238607
59.7414122,30.3273212
59.7417763,30.3268907
59.7152661,30.2964357
59.8800334,30.3473128
59.8803756,30.3471066
59.9036406,30.4031234
59.9035098,30.4034748
59.8054709,30.3123369
59.6619661,30.4644598
59.8814393,30.4704212
59.881397,30.4702048
59.8819749,30.4708035
59.8815822,30.4692183
59.9477957,30.28379
59.9477066,30.2840971
59.8613826,30.1797486
59.8614235,30.1796141
59.8175466,30.451687
59.8176904,30.4520384
59.7170598,30.2807977
59.9073287,30.3450732
59.9072232,30.345434
59.8519565,30.426498
59.7471386,30.6024641
59.9423184,30.3064133
59.945886,30.3293465
59.8754613,30.2985729
59.8755935,30.2985988
59.8895608,30.3024745
59.9420365,30.4085546
59.9428309,30.4113513
59.7206695,30.273656
59.7207985,30.2710095
59.9081931,30.241105
59.9017536,30.2477769
59.8972538,30.2309502
59.8934799,30.245876
59.9004241,30.2467344
59.8025597,30.3969552
59.8097087,30.3832124
59.8107329,30.3816566
59.8126269,30.3778931
59.8316855,30.3516088
59.8322921,30.3596455
59.8198173,30.1803324
59.6697795,30.4829035
59.8352002,30.3841396
59.8354595,30.3842734
59.835502,30.3838654
59.8356188,30.3837777
59.8359128,30.383449
59.8357909,30.383905
59.9460035,30.5050949
59.9459154,30.5051402
59.9449963,30.5053422
59.9449034,30.5053369
59.8544345,30.3637916
59.69817,30.4419506
59.699788,30.4537702
59.8028568,30.3959603
59.716431,30.2900494
59.7172665,30.2813494
59.7031979,30.4073867
59.7159568,30.2916474
59.7165973,30.2909794
59.719672,30.2754169
59.7198836,30.2747448
59.7203335,30.2743572
59.7200951,30.2737525
59.81641,30.4540268
59.8761363,30.2584586
59.8433313,30.4598055
59.6969645,30.4345603
59.6971073,30.4345925
59.695469,30.4377689
59.695565,30.4374792
59.8646331,30.4541098
59.9148065,30.3553338
59.9150667,30.3544605
59.9160622,30.3474554
59.829358,30.2878977
59.9254634,30.4476376
59.9430307,30.3971839
59.9428915,30.3967665
59.7689681,30.5941636
59.77119,30.5942402
59.9115719,30.394145
59.8963129,30.3336443
59.8964603,30.3332847
59.9293455,30.3082525
59.7937753,30.4974506
59.7938672,30.497563
59.793954,30.4971847
59.7946068,30.4982688
59.9147609,30.3553067
59.9322611,30.3372101
59.8787441,30.2673067
59.878851,30.2674126
59.8937729,30.3572577
59.9086011,30.4911855
59.9108219,30.4997055
59.9111806,30.4997931
59.9264648,30.3884918
59.9264831,30.3881893
59.9090322,30.3183069
59.9117081,30.3182138
59.9131694,30.3181446
59.9173381,30.3181204
59.921214,30.3177061
59.921265,30.3178962
59.9220226,30.3176816
59.9220726,30.3178486
59.926297,30.3174261
59.9361847,30.4351572
59.9361885,30.435415
59.7978866,30.4056188
59.7986018,30.4039838
59.7996462,30.4023621
59.7682455,30.4603225
59.7682907,30.4604191
59.8685121,30.1685645
59.8669196,30.4264042
59.8683601,30.4328523
59.8889475,30.2774891
59.9084176,30.3072938
59.908441,30.3062249
59.9089996,30.2641033
59.8583299,30.4492241
59.8643713,30.453472
59.8644529,30.454163
59.8646062,30.4534349
59.8646984,30.4537587
59.86497,30.4536042
59.9327522,30.2357153
59.9328128,30.2362166
59.8927265,30.3192116
59.8964196,30.3186863
59.8964238,30.3190328
59.8974264,30.318793
59.9025369,30.3185306
59.8964278,30.3193731
59.9024524,30.3188768
59.9086249,30.3185387
59.9090443,30.3184951
59.8911812,30.3189812
59.8912251,30.3199354
59.8919529,30.3199656
59.8921019,30.3188123
59.8922101,30.3192956
59.8922651,30.3198402
59.9044427,30.247892
59.8759161,30.3198148
59.8759759,30.3203224
59.9160668,30.3074167
59.9159421,30.3077078
59.9160941,30.3179737
59.9165312,30.3181549
59.916697,30.3178575
59.9168292,30.3181211
59.924326,30.3376819
59.9247229,30.3386969
59.9261753,30.3423797
59.8513983,30.3212303
59.852063,30.3211896
59.8532309,30.321119
59.8648213,30.3204541
59.8758232,30.3198331
59.8509683,30.3216997
59.8522034,30.3216292
59.8533455,30.3215578
59.8648306,30.3209139
59.8758351,30.32032
59.8419485,30.3225799
59.8420073,30.3212054
59.8423168,30.3207276
59.8424847,30.3232755
59.8433676,30.323413
59.8433383,30.3204141
59.8442758,30.3212181
59.8442834,30.3224633
59.8122797,30.3235897
59.8125571,30.3239703
59.8129505,30.3235644
59.8155673,30.3231168
59.8156121,30.3237029
59.8055387,30.3242175
59.884121,30.3195795
59.8841244,30.3200872
59.917793,30.2873754
59.918198,30.2870811
59.9186408,30.2911808
59.9190368,30.2907975
59.9170929,30.3426784
59.9209352,30.3379515
59.9233419,30.3352035
59.9212467,30.344948
59.9222413,30.3483403
59.9227716,30.3500456
59.9228285,30.3501112
59.922976,30.3502255
59.9282833,30.3535504
59.846142,30.4560475
59.8462115,30.4556777
59.9236325,30.3564923
59.9236901,30.3560936
59.9244088,30.3511302
59.9265702,30.3583951
59.9265898,30.3582272
59.92661,30.3580546
59.9272123,30.3528935
59.9306821,30.3622696
59.9307363,30.3619313
59.9307968,30.3614998
59.9311085,30.3621653
59.931149,30.3609155
59.9311603,30.3611939
59.9311748,30.3617667
59.9312426,30.3599127
59.931751,30.3615151
59.9320028,30.3538142
59.9327309,30.3479924
59.9332271,30.3440136
59.9333871,30.342743
59.9336033,30.3409994
59.9353809,30.3266436
59.9276529,30.3702388
59.9308995,30.361081
59.9309673,30.3608269
59.9319832,30.3530396
59.9327561,30.3477815
59.9331127,30.3439467
59.9332754,30.3426587
59.9338464,30.3380601
59.9340478,30.3364375
59.9352623,30.3266145
59.9363722,30.3176503
59.9263183,30.3169101
59.9265471,30.3174974
59.9267035,30.3173962
59.9268952,30.3172266
59.8858413,30.3445894
59.9452855,30.3297685
59.9454855,30.3296979
59.9455287,30.3307832
59.9455504,30.3301955
59.9457674,30.3302867
59.9457432,30.3296971
59.9462398,30.3294672
59.9463056,30.3294182
59.9462944,30.3297044
59.9463526,30.3296412
59.9258303,30.379012
59.9259002,30.3791179
59.9260272,30.3784336
59.9261037,30.3785432
59.9285311,30.3714358
59.9293663,30.3693254
59.9303616,30.3665189
59.9234936,30.3851363
59.9235667,30.3845948
59.9236453,30.384891
59.9237492,30.385308
59.9238126,30.3856125
59.9239479,30.3876454
59.9241016,30.3871384
59.924369,30.3894666
59.9273266,30.4039768
59.9276348,30.4055658
59.9278037,30.4054788
59.9287356,30.4111847
59.9288552,30.4117367
59.9238743,30.3873269
59.9241675,30.3874862
59.9274719,30.4038909
59.9289202,30.4111239
59.9290084,30.4116195
59.9289606,30.4121612
59.9290924,30.4127985
59.9332954,30.4352823
59.9290743,30.4120722
59.9291904,30.4126797
59.9334305,30.4352789
59.9171695,30.4282204
59.9448522,30.4779795
59.9448895,30.4782281
59.945135,30.4906447
59.945148,30.4911127
59.9453361,30.5004266
59.9453896,30.5027031
59.9450083,30.4779534
59.9450282,30.4781993
59.945271,30.490637
59.9452822,30.4911333
59.945444,30.5004098
59.9454921,30.5026925
59.9333491,30.4355362
59.9334826,30.4355334
59.9218865,30.3319165
59.9353502,30.4878962
59.934412,30.3048322
59.9364654,30.3101293
59.9370731,30.3117071
59.9364609,30.3176393
59.928111,30.3081962
59.9297914,30.3144209
59.9355812,30.3240424
59.9358266,30.3220444
59.9359136,30.322307
59.9359519,30.3220096
59.938393,30.3234981
59.938429,30.3231996
59.9408974,30.3247013
59.9409316,30.3244019
59.941108,30.3244867
59.9407032,30.3282651
59.9410758,30.324787
59.9426306,30.3432567
59.9466088,30.342634
59.9458181,30.3902862
59.9460173,30.3902264
59.94612,30.3901702
59.9461451,30.3906513
59.9462998,30.3900257
59.9466726,30.390178
59.945874,30.3895537
59.9432982,30.3922393
59.9314331,30.2922214
59.931593,30.2921689
59.9269411,30.3057594
59.933101,30.3008585
59.9332772,30.2908727
59.9332519,30.3058259
59.9334324,30.3056756
59.9339077,30.3048584
59.934119,30.3041988
59.9341915,30.3043495
59.9342759,30.3041923
59.9345492,30.3035225
59.9337827,30.3047958
59.8498949,30.4819928
59.7651051,30.1454635
59.9244167,30.3033409
59.9244252,30.3054691
59.9287228,30.2954831
59.931256,30.3030218
59.9322771,30.3074081
59.9325237,30.3084644
59.9317326,30.2962531
59.9307593,30.2973169
59.9321324,30.3019981
59.9330979,30.3052951
59.9333116,30.3060318
59.9334913,30.3066341
59.9353013,30.3118606
59.8128562,30.3767087
59.9369657,30.3126324
59.9372941,30.3122811
59.9373914,30.3125339
59.936507,30.3099129
59.9366825,30.3150268
59.9367071,30.3155376
59.9377703,30.3124189
59.9274169,30.3056221
59.9286133,30.3050373
59.8961338,30.3004041
59.9197073,30.2951769
59.8058895,30.3958169
59.8054259,30.3948757
59.8604515,30.4699521
59.8605301,30.4700272
59.8518659,30.2927146
59.8518694,30.2925423
59.8520047,30.292746
59.8520053,30.2925615
59.8577492,30.2940168
59.8578329,30.2938495
59.8578524,30.2940371
59.8579395,30.2938727
59.8613491,30.2872072
59.8614142,30.287321
59.8644544,30.2952896
59.8716052,30.2975717
59.8598606,30.2902759
59.8728564,30.2547758
59.8758171,30.2582794
59.8730385,30.2587982
59.8730467,30.2589976
59.8731181,30.2587729
59.8731212,30.258974
59.8739555,30.2622497
59.8740053,30.2621488
59.8740185,30.2623435
59.8740654,30.2622482
59.9286924,30.2854453
59.9163386,30.2909355
59.9180404,30.2895104
59.9187858,30.2888368
59.9167408,30.2797263
59.8705533,30.4777044
59.870576,30.4773587
59.877749,30.4561377
59.8513084,30.2355881
59.8522829,30.2381828
59.8523384,30.2380704
59.8574953,30.2564224
59.8587511,30.2535857
59.8588127,30.2537099
59.8588233,30.2534437
59.8588875,30.253566
59.8455712,30.2119685
59.8455809,30.2123549
59.8456379,30.2120624
59.845665,30.2124828
59.8462943,30.175455
59.8462991,30.175233
59.8463571,30.175462
59.8463614,30.1752335
59.8470946,30.1301432
59.8471708,30.1301382
59.8472251,30.1306816
59.8472287,30.1755609
59.8472326,30.1752916
59.847238,30.1301408
59.8472851,30.1301942
59.8472967,30.1301199
59.8473421,30.1305175
59.8474293,30.1298857
59.8474711,30.1293015
59.8512927,30.2357756
59.9424658,30.2621742
59.9407585,30.2642154
59.8322772,30.3612166
59.8324287,30.3610325
59.8324491,30.3611752
59.8345196,30.3601119
59.8345308,30.3602682
59.8429933,30.3564509
59.843015,30.3566579
59.8431203,30.3563981
59.843142,30.3566051
59.8527316,30.352261
59.8527451,30.3524519
59.852875,30.3521972
59.8528892,30.352395
59.864457,30.3474078
59.8644703,30.3472656
59.8646315,30.3473335
59.9285304,30.3348321
59.9286513,30.3350039
59.9290657,30.3351396
59.9290646,30.334005
59.9292198,30.3342422
59.9292283,30.3347602
59.9294231,30.333605
59.8972219,30.2883535
59.8972522,30.2885475
59.8330037,30.41851
59.8331282,30.4189826
59.8350416,30.4002365
59.8350755,30.4003626
59.8351978,30.4000833
59.8352273,30.4001971
59.8387529,30.3964876
59.8387814,30.3965979
59.8388621,30.3963812
59.8388901,30.3964903
59.8482353,30.3868873
59.848263,30.3869946
59.84841,30.3867235
59.8484377,30.3868319
59.8561151,30.3795779
59.8561373,30.3797006
59.8562617,30.3794554
59.8562824,30.3795738
59.8676625,30.3707724
59.8307875,30.383486
59.8308007,30.3836153
59.8386054,30.4134245
59.8540828,30.3686268
59.8548943,30.3684281
59.866159,30.3598659
59.8661794,30.3600196
59.8787758,30.3522742
59.8788111,30.3524204
59.8789249,30.3523177
59.837086,30.3325723
59.8371516,30.3328373
59.8371997,30.3327484
59.8391669,30.337184
59.8392383,30.3370544
59.8399452,30.3383417
59.8444231,30.3379692
59.844426,30.3381312
59.8445469,30.3379615
59.8445507,30.3381237
59.8522944,30.3375271
59.8522998,30.33776
59.8524499,30.3377517
59.852449,30.3375181
59.8619396,30.3371162
59.9042641,30.3372744
59.9043302,30.3372933
59.9048871,30.3381076
59.9049387,30.337971
59.9049851,30.3381305
59.896747,30.3554637
59.9055051,30.3541954
59.9057819,30.3550454
59.907554,30.3457765
59.9076571,30.3453995
59.9137551,30.3595235
59.9371972,30.2684232
59.9372693,30.2686664
59.9384723,30.2669478
59.833256,30.3725637
59.8333188,30.3729512
59.8333196,30.3725421
59.8341247,30.3722987
59.8341846,30.3722777
59.8341931,30.3726706
59.925469,30.4473697
59.8704092,30.4395602
59.9002809,30.3724923
59.9008849,30.3638295
59.9014946,30.365118
59.9016799,30.3639884
59.9017521,30.3637894
59.9018076,30.3639684
59.8327019,30.2854233
59.8337805,30.2668967
59.8363193,30.2653227
59.8370524,30.2640943
59.8385499,30.2615362
59.8597254,30.1573866
59.8645964,30.1650301
59.864655,30.1647577
59.8647793,30.1648615
59.8955145,30.2778522
59.8180506,30.381276
59.9121559,30.3971079
59.9121982,30.3975348
59.7733711,30.1484838
59.9424636,30.412276
59.9426155,30.4132234
59.9426559,30.411512
59.9426796,30.4132498
59.9427688,30.4119908
59.9427281,30.4195724
59.9428084,30.4195592
59.9428138,30.4197146
59.9433021,30.4353262
59.9453941,30.4204912
59.9454022,30.4203559
59.9299974,30.4173732
59.9300653,30.417707
59.9301272,30.4173066
59.930178,30.4175577
59.9317893,30.4160653
59.9318142,30.4161919
59.9455599,30.4092417
59.9474945,30.4360947
59.9477093,30.4354421
59.9480523,30.4369125
59.9337691,30.3625192
59.8350907,30.2660938
59.8351506,30.2660393
59.8360277,30.2684285
59.8992009,30.3379338
59.9093218,30.2878819
59.918445,30.3462571
59.8761585,30.4472146
59.8727905,30.4354201
59.8321855,30.5200346
59.8847937,30.3695754
59.8849283,30.3693539
59.8163622,30.3795459
59.8163063,30.3711128
59.8150154,30.3770201
59.8336168,30.2649917
59.8487868,30.4827154
59.8540185,30.4809013
59.8540413,30.4787746
59.8543535,30.4791064
59.9475619,30.2839714
59.9471582,30.4072135
59.9414642,30.3975608
59.941246,30.3969534
59.9401399,30.3971862
59.9411245,30.404349
59.9369002,30.4029612
59.8236519,30.4265226
59.8516484,30.4814252
59.924275,30.4898988
59.9244258,30.4897592
59.8940115,30.4623447
59.9282899,30.4861797
59.9284193,30.4857878
59.9285161,30.4855096
59.7358146,30.5605628
59.7306593,30.5749324
59.8600342,30.2059354
59.7760132,30.6554717
59.856095,30.3616594
59.8973174,30.2310494
59.9283793,30.2113874
59.931195,30.2035944
59.931069,30.2065735
59.93163,30.2114785
59.9351123,30.2105827
59.9351307,30.2109998
59.8552685,30.4790058
59.9294156,30.4118052
59.8575495,30.2562982
59.9266633,30.3584358
59.9267373,30.3581638
59.9292065,30.2851576
59.9317432,30.2402722
59.8041664,30.5678805
59.9286391,30.4124128
59.9285471,30.4119769
59.9163948,30.3449794
59.9032119,30.246818
59.9266148,30.4216437
59.7446638,30.5046462
59.7496464,30.494522
59.8077745,30.4256377
59.8078415,30.4255232
59.8194295,30.4479957
59.8196742,30.4476068
59.9157358,30.3507218
59.9128213,30.3329421
59.9128545,30.3326399
59.9129178,30.3328106
59.9132154,30.3322537
59.9132602,30.3323772
59.9133114,30.3321536
59.9133673,30.3322494
59.9136044,30.3333287
59.9138928,30.3337647
59.9144562,30.3355832
59.9014324,30.3191187
59.902416,30.3191912
59.9025322,30.3188577
59.9033293,30.3283439
59.9033848,30.3282678
59.9052226,30.3394794
59.9090323,30.3397321
59.8814382,30.3381092
59.8814662,30.3379098
59.8815188,30.3381439
59.885842,30.3443116
59.887261,30.3442587
59.8872856,30.3445487
59.8873288,30.3442691
59.8875861,30.3420524
59.8876572,30.3420289
59.8889676,30.3358533
59.9382375,30.2944292
59.8745993,30.2955138
59.8684868,30.2457658
59.9042527,30.2520813
59.9357761,30.3641903
59.879696,30.3570077
59.8071329,30.3907553
59.941077,30.404903
59.9422781,30.4051971
59.942453,30.4054964
59.9086885,30.318238
59.8519699,30.1756266
59.8652393,30.1830071
59.8519636,30.1759329
59.8541738,30.1761175
59.854367,30.1758372
59.8541784,30.1758237
59.8543591,30.1761305
59.9196768,30.3049528
59.9199483,30.3047649
59.9059232,30.3545771
59.9388252,30.3699255
59.9145331,30.3308008
59.9146565,30.3306642
59.9146319,30.3308652
59.9164727,30.3286532
59.9165919,30.3287296
59.9166246,30.3284818
59.9167611,30.3183165
59.9171419,30.3189293
59.9194302,30.3254905
59.9194674,30.3255913
59.9195391,30.3254346
59.9199111,30.3268607
59.9199608,30.3270338
59.9199917,30.3266602
59.9200557,30.3268105
59.9229486,30.322327
59.9229852,30.3224228
59.8719671,30.3366402
59.8732013,30.3532146
59.8732036,30.353477
59.8543695,30.3622236
59.8544262,30.3627374
59.8545674,30.3623942
59.9174222,30.3179473
59.8756067,30.4479997
59.875854,30.4481998
59.8762909,30.4512631
59.8763594,30.451213
59.876377,30.4515014
59.8777893,30.4498995
59.8806274,30.4465587
59.890754,30.4403194
59.9241739,30.4895549
59.9364391,30.2881063
59.8886487,30.379114
59.888773,30.3788989
59.8274308,30.1894549
59.9121268,30.3998566
59.8927823,30.3198318
59.8414801,30.3106978
59.84134,30.3106558
59.8482488,30.2919445
59.8482831,30.2918276
59.8483115,30.2919544
59.8676951,30.3708758
59.8677603,30.3708317
59.8711463,30.3798944
59.8712126,30.3798256
59.8712891,30.3802537
59.8713491,30.3801898
59.8775974,30.3967555
59.8776628,30.3966557
59.8545626,30.3681841
59.8325145,30.5003349
59.8325772,30.5004243
59.8357805,30.5087806
59.8358127,30.5086548
59.8358584,30.5088787
59.8359022,30.5087673
59.8777634,30.4562721
59.8788996,30.4550468
59.8793977,30.4604055
59.8795506,30.4601703
59.8484339,30.2165307
59.9043067,30.3375146
59.8517935,30.2688626
59.8517952,30.2677936
59.8519234,30.2675029
59.8519231,30.2677942
59.8519219,30.2688632
59.8519215,30.2691985
59.9055762,30.3814135
59.9058945,30.3813838
59.8350821,30.3062007
59.9148614,30.3506253
59.9148969,30.3504216
59.94506,30.302738
59.686739,30.4442559
59.8468591,30.147171
59.8468616,30.1470198
59.8469384,30.1471725
59.8469415,30.1470209
59.8654427,30.1832845
59.8687206,30.1687345
59.9243925,30.3080269
59.9303479,30.3192827
59.9308871,30.3184804
59.9327932,30.3156409
59.9341937,30.3135686
59.9189335,30.3077371
59.9189669,30.3078927
59.9197522,30.3078315
59.9197758,30.3079505
59.9219655,30.3317107
59.9220175,30.3318407
59.9248602,30.3273305
59.924907,30.3274529
59.9253724,30.3265787
59.9144954,30.333079
59.920838,30.3957188
59.7003168,30.2754787
59.8542901,30.2811902
59.8542753,30.281023
59.9194905,30.3050718
59.9194889,30.305234
59.9427191,30.3973545
59.9428447,30.3974994
59.8964462,30.2833735
59.8117651,30.3240543
59.8115098,30.3217585
59.9005354,30.2465214
59.8576682,30.4769849
59.6612326,30.4211573
59.9210451,30.4715027
59.9211331,30.4710164
59.9053002,30.4054883
59.9110967,30.3579287
59.8412323,30.2459844
59.8412845,30.245898
59.8416286,30.2546085
59.8483765,30.2278577
59.8484073,30.2279691
59.8484834,30.227803
59.8889669,30.2772539
59.8890619,30.2773563
59.890354,30.2718176
59.8904142,30.2715889
59.8904617,30.2719246
59.8905208,30.2716975
59.8973196,30.2535739
59.8973724,30.2533734
59.797193,30.2805151
59.7979405,30.2730739
59.8004591,30.2755929
59.8533564,30.3587981
59.8844624,30.3687598
59.8846105,30.3685717
59.9330777,30.3052262
59.8621973,30.2356222
59.9322337,30.2957037
59.9322833,30.2956483
59.9335843,30.3003004
59.9336476,30.3002266
59.9346012,30.3034548
59.9346046,30.3036733
59.9349188,30.303038
59.9349191,30.3032456
59.9314035,30.2928211
59.9314444,30.2927766
59.9317603,30.2924299
59.9266095,30.2965115
59.9365199,30.3009716
59.9398972,30.3098396
59.9400266,30.3099574
59.831804,30.252348
59.831846,30.2522105
59.8318786,30.2523432
59.8254374,30.2238535
59.8236893,30.1875738
59.8237766,30.1875928
59.8238447,30.1832587
59.8239108,30.1832954
59.8254095,30.1463371
59.8254741,30.14634
59.8257015,30.1402293
59.8241298,30.175941
59.8241358,30.1757672
59.907007,30.4047735
59.7476509,30.5969299
59.7292602,30.3950571
59.7291509,30.3950227
59.7231383,30.4281546
59.8013092,30.3386203
59.8023721,30.3378008
59.8113726,30.3424506
59.813211,30.3467053
59.8164987,30.3109182
59.794583,30.2920126
59.7948119,30.2934571
59.7954601,30.274346
59.7958739,30.2722514
59.79583,30.2781238
59.7984752,30.2734084
59.8681568,30.2375449
59.8681588,30.2376732
59.8688041,30.2452688
59.8689068,30.2464195
59.8689358,30.2467682
59.8690197,30.2465953
59.8690471,30.2469363
59.8691412,30.248065
59.8700396,30.2596819
59.8701418,30.2596545
59.7415191,30.4842628
59.7190093,30.5199092
59.7215784,30.509785
59.7215175,30.5102441
59.7236877,30.5143419
59.7264916,30.5123819
59.7298144,30.5195536
59.9166678,30.2821056
59.733126,30.5263053
59.7332002,30.5261509
59.7392333,30.53599
59.7416743,30.5450851
59.7443853,30.539465
59.7459661,30.5359218
59.7397023,30.5364761
59.7416109,30.5397905
59.7424493,30.5397459
59.7445203,30.5387028
59.7980904,30.2752809
59.729624,30.5187882
59.7325021,30.5267375
59.7986084,30.2730124
59.798384,30.278962
59.8003655,30.2751469
59.8791042,30.4591877
59.8792556,30.4590218
59.9342758,30.334601
59.798536,30.2734662
59.7795851,30.4971613
59.7796689,30.4983395
59.7798141,30.4985585
59.7803813,30.4969349
59.7804125,30.4982848
59.7804572,30.4981473
59.8685857,30.1682419
59.9217361,30.3932217
59.9429461,30.3504314
59.9447066,30.3984449
59.9208787,30.4399494
59.7991781,30.2738434
59.8528703,30.3040576
59.9019102,30.3997708
59.8521108,30.3146718
59.8521123,30.3148128
59.8616218,30.3141431
59.8647157,30.3140351
59.8756987,30.3134234
59.9382022,30.2165328
59.9425295,30.4101259
59.8841948,30.3195663
59.8821024,30.4706625
59.8292933,30.3229051
59.8294089,30.322295
59.8300929,30.322878
59.8300967,30.3222568
59.8302209,30.3191554
59.8303108,30.3258233
59.8304327,30.314714
59.8304441,30.3190458
59.8305513,30.3257582
59.830503,30.3160069
59.8307026,30.3222232
59.8306944,30.3228439
59.8306064,30.3300423
59.8305457,30.3140205
59.8312641,30.3141484
59.8312993,30.3228061
59.8321086,30.3118969
59.832314,30.3059622
59.8324836,30.3103043
59.8946744,30.4266873
59.8947223,30.4269586
59.9297309,30.3724512
59.8968121,30.3555229
59.8682671,30.2376066
59.8548942,30.3686768
59.798659,30.2786562
59.798686,30.278825
59.7987692,30.2785611
59.7988035,30.2787717
59.9201646,30.4424461
59.7981061,30.2731605
59.7984154,30.2733398
59.9421406,30.3068212
59.8173036,30.1048352
59.7404536,30.5930409
59.74079,30.6033808
59.7408495,30.6033223
59.7412445,30.6099106
59.7413071,30.6098956
59.7421598,30.560158
59.7422123,30.5599865
59.7422631,30.5601691
59.7443519,30.5604123
59.7443532,30.5603042
59.7947149,30.2910769
59.7954209,30.2896443
59.8611767,30.2341342
59.8557944,30.2708774
59.9240971,30.389105
59.8413418,30.3107756
59.7915508,30.1468903
59.7904604,30.1455921
59.8297704,30.287021
59.7534218,30.3906406
59.8279967,30.1885419
59.9388027,30.2191393
59.9395682,30.2184583
59.9405623,30.2175479
59.9410794,30.2248325
59.9411651,30.2246183
59.9272034,30.4003193
59.926224,30.401092
59.852401,30.3211691
59.9211624,30.4345056
59.9323684,30.2741876
59.9358166,30.2836138
59.9382358,30.2422604
59.9339417,30.235448
59.9459918,30.5053272
59.9020552,30.4000628
59.9021465,30.4005291
59.9468745,30.4075622
59.7482918,30.5322546
59.7483568,30.5279345
59.7486914,30.5348945
59.8219581,30.4455891
59.8519724,30.3147792
59.9048224,30.2349881
59.7397992,30.5598476
59.7398024,30.5597139
59.730509,30.5773211
59.7414655,30.5810381
59.7415265,30.5810689
59.9365886,30.300875
59.9085336,30.3074071
59.8066139,30.3100149
59.8066713,30.3099213
59.8084391,30.3144371
59.8084934,30.3143359
59.8354099,30.1466922
59.8354047,30.1402219
59.8354766,30.1402585
59.8353841,30.1273105
59.8330234,30.1757421
59.8330239,30.1755689
59.8330987,30.1755644
59.8330965,30.1757377
59.8330657,30.1945464
59.8330722,30.1948708
59.8400849,30.2383222
59.8401211,30.2384255
59.8401592,30.2381953
59.8401967,30.2382954
59.8422314,30.2443741
59.8422945,30.2442754
59.8518129,30.2563814
59.8518131,30.2562002
59.85194,30.2562815
59.8574286,30.2563344
59.8568079,30.2563355
59.8329624,30.1944124
59.8329681,30.194759
59.8528594,30.305344
59.8528658,30.3045394
59.8645937,30.3052917
59.864597,30.3054445
59.8755772,30.3057878
59.8755798,30.3059405
59.8312551,30.3221925
59.9196719,30.3395413
59.7910339,30.1461091
59.9463223,30.2896884
59.9464074,30.2893276
59.7497125,30.5292018
59.9383392,30.2942526
59.9414776,30.2907859
59.9447454,30.3040956
59.9450004,30.3032468
59.9452197,30.3031704
59.9399954,30.309694
59.9401267,30.3098018
59.9420771,30.3066475
59.9451631,30.3033451
59.830392,30.3297387
59.8125298,30.3776202
59.8116417,30.3733365
59.8117261,30.3732668
59.8114783,30.3729691
59.8120616,30.3785603
59.9234771,30.2992127
59.9235249,30.2990871
59.9235517,30.2992083
59.9239899,30.3012391
59.9242376,30.3027526
59.9242949,30.3026501
59.9396925,30.2183506
59.9114429,30.2975579
59.9114444,30.2976892
59.9128868,30.2974708
59.9139643,30.2975818
59.9158575,30.2972903
59.9158195,30.2974785
59.9091271,30.30053
59.9092169,30.3006021
59.9091627,30.2977823
59.9091647,30.2976413
59.9092537,30.2977852
59.9092558,30.2976481
59.9221276,30.2928434
59.9221538,30.2929908
59.9221915,30.2927871
59.9222175,30.2929369
59.8477998,30.147189
59.8478029,30.1470336
59.857481,30.1470705
59.8574804,30.1472228
59.8576583,30.1471547
59.862168,30.4032618
59.8622005,30.4033723
59.8744641,30.3885581
59.8745003,30.3886594
59.8745246,30.3884875
59.8745604,30.3885853
59.8594507,30.2580756
59.8595001,30.2579553
59.8601676,30.2592277
59.8603605,30.259611
59.8630543,30.2581929
59.8631139,30.2582097
59.7531799,30.3898138
59.7588449,30.373378
59.755188,30.3824445
59.7552082,30.3822941
59.7567788,30.38048
59.7572868,30.3787803
59.8654362,30.2450886
59.8655042,30.245092
59.9425356,30.2624096
59.9408283,30.2644549
59.9256536,30.4723843
59.9257418,30.4724147
59.9160152,30.4140666
59.9160658,30.4140097
59.9184709,30.4246584
59.9185237,30.4245747
59.9185744,30.4250102
59.9186221,30.4249138
59.9272866,30.2426083
59.9273435,30.2425434
59.9285859,30.2470766
59.9286401,30.2470122
59.9295004,30.250201
59.9313647,30.2566053
59.931427,30.2565333
59.9332338,30.2630447
59.9332939,30.2629668
59.935469,30.2706026
59.9355333,30.2705259
59.9392304,30.2831535
59.9414378,30.290651
59.9257543,30.472122
59.9258137,30.4721379
59.9286202,30.4603949
59.928666,30.460436
59.9301973,30.4546483
59.9332156,30.44484
59.9332825,30.4448924
59.9279804,30.4512176
59.9279853,30.4513896
59.9301375,30.4546252
59.9301661,30.454544
59.8513808,30.2375738
59.8514573,30.2379216
59.9092115,30.2942236
59.9092765,30.288741
59.9054534,30.3395808
59.9076507,30.3390319
59.9023465,30.3391045
59.9197801,30.3393792
59.919716,30.3396971
59.9085522,30.3062374
59.9085401,30.3071715
59.9093941,30.286656
59.9094043,30.2878822
59.798195,30.4047636
59.8446937,30.2504569
59.8447332,30.2488717
59.8449961,30.2494577
59.9456838,30.4092988
59.9466671,30.4094326
59.8801799,30.2906678
59.9085366,30.3006559
59.9085389,30.3004782
59.9085933,30.2977433
59.908625,30.2959435
59.9086464,30.3006639
59.9086489,30.3004946
59.908704,30.2977691
59.9087086,30.2976222
59.9087317,30.2959521
59.9089405,30.3139731
59.9090299,30.3136304
59.9090369,30.3074427
59.9090408,30.3071876
59.9091269,30.3074465
59.9091249,30.3006993
59.909131,30.3071904
59.9097444,30.3227046
59.9097855,30.3224813
59.9082971,30.3185318
59.9082935,30.3182021
59.9084093,30.318538
59.9084146,30.3182145
59.908558,30.321248
59.9086433,30.3211295
59.9086489,30.294078
59.9087529,30.294184
59.7307756,30.6067958
59.8307444,30.2864733
59.8329355,30.2631514
59.8415015,30.2830304
59.7627206,30.2585883
59.7497388,30.4947568
59.9242228,30.2862041
59.9242931,30.286062
59.9251452,30.2902996
59.9251689,30.2904061
59.9252456,30.2902793
59.9265278,30.296337
59.9266083,30.2962974
59.9208744,30.2869466
59.8959738,30.2820117
59.8959888,30.2825347
59.8333833,30.3479519
59.7337833,30.3942624
59.7337931,30.3940983
59.7376961,30.393894
59.7377276,30.3937372
59.752888,30.3903236
59.936093,30.2881835
59.9448958,30.3026513
59.938426,30.2805824
59.9384677,30.2807227
59.9384866,30.2805117
59.9385278,30.2806515
59.9200243,30.3472199
59.9200431,30.3471103
59.916442,30.3423012
59.9169049,30.3421762
59.911077,30.3580522
59.7304936,30.5775145
59.7304111,30.577386
59.7857834,30.3253764
59.7857769,30.3247677
59.7828449,30.3249394
59.7828391,30.3255336
59.9254082,30.3266726
59.9286596,30.3351649
59.8329485,30.5057071
59.8611011,30.4510754
59.8611664,30.4511202
59.8721697,30.447703
59.8721969,30.4478315
59.8729339,30.4470675
59.8729626,30.4472009
59.8756064,30.4448925
59.8756367,30.4450063
59.875708,30.4447953
59.8757434,30.4449223
59.870541,30.4400558
59.8705788,30.4402004
59.8713372,30.4393991
59.8713697,30.4395604
59.8731975,30.4371725
59.8732386,30.4372923
59.8732982,30.4370402
59.8733378,30.4371671
59.9195444,30.4235905
59.9196021,30.4235454
59.921787,30.4281388
59.9309785,30.4386767
59.7455647,30.5029031
59.7463735,30.5012938
59.7487595,30.4962116
59.7481112,30.4974663
59.7308737,30.6119934
59.8324041,30.3084556
59.7439648,30.5054942
59.9198959,30.3052569
59.9198292,30.3049752
59.8324051,30.3077193
59.8485186,30.2163529
59.8484573,30.2162569
59.8595637,30.15755
59.8596123,30.1576738
59.8576047,30.1761906
59.9174337,30.3904962
59.8226109,30.3232864
59.8225569,30.3226751
59.826991,30.3230296
59.827132,30.3224213
59.8342568,30.3226418
59.8342459,30.3220266
59.796125,30.3247289
59.7961592,30.3241853
59.9128966,30.2976293
59.9130215,30.3073123
59.9153788,30.374571
59.9153982,30.3747538
59.8354835,30.146771
59.8354842,30.1466127
59.9294968,30.3599659
59.9294543,30.360237
59.9534773,30.4975888
59.9285852,30.37153
59.9316787,30.3554871
59.9317787,30.3556107
59.9316559,30.3556697
59.9448267,30.3871525
59.9421687,30.3818766
59.9421148,30.3817384
59.9400144,30.3777079
59.9398933,30.3777747
59.9377649,30.3742055
59.9304841,30.3655407
59.9336221,30.3629185
59.9320162,30.3675611
59.9337046,30.3626909
59.9337632,30.3627282
59.9320829,30.3676814
59.9319696,30.3676944
59.9320444,30.3678112
59.9298677,30.3741288
59.946204,30.2717008
59.9461668,30.2715749
59.93858,30.2451795
59.9380213,30.2328072
59.9437498,30.3711058
59.9436699,30.3710987
59.9439511,30.3607623
59.943829,30.3637613
59.9439009,30.3637657
59.9437495,30.3674048
59.9439682,30.3593579
59.9438999,30.3591938
59.9439723,30.3590404
59.81149,30.3731657
59.8510958,30.3300317
59.8534463,30.3298742
59.9428578,30.3925461
59.9447558,30.387295
59.944707,30.3871978
59.9429822,30.3929837
59.9429829,30.3925375
59.9420825,30.3819763
59.9420234,30.3818558
59.8649426,30.4538512
59.9222366,30.3917424
59.8634969,30.2393665
59.8538027,30.3665937
59.8550047,30.3678992
59.8548401,30.3657286
59.9150352,30.3502889
59.9231618,30.3352565
59.8828036,30.4249095
59.8828197,30.4250433
59.8964583,30.4097251
59.8963654,30.4098681
59.8963403,30.4097267
59.8933699,30.4145297
59.8933916,30.4146767
59.9372405,30.3646566
59.8542907,30.3687315
59.8714924,30.4304994
59.8708595,30.4312443
59.8685812,30.4336185
59.8682489,30.4337428
59.8685372,30.4334783
59.8708252,30.4311384
59.8714582,30.4303945
59.9189241,30.3943429
59.9468598,30.3320609
59.9425825,30.316848
59.9452767,30.325493
59.9457066,30.3269572
59.844428,30.3303932
59.8443015,30.3303977
59.833465,30.348107
59.8386705,30.3384228
59.8392465,30.3373532
59.8393287,30.3372003
59.852042,30.3297249
59.8524664,30.3296969
59.9157931,30.3445637
59.9156797,30.3444893
59.933205,30.3641222
59.9333095,30.3640759
59.9332745,30.3641767
59.9055088,30.3823955
59.9277882,30.4509226
59.9279611,30.4506188
59.8117544,30.3737587
59.7670654,30.1182824
59.8934706,30.3568876
59.7298448,30.5313672
59.9429846,30.3919755
59.8531566,30.3609582
59.8531261,30.3609724
59.853118,30.3609006
59.830929,30.3834173
59.8637256,30.4172176
59.8637876,30.4171765
59.942513,30.3969867
59.8534516,30.3637884
59.7191782,30.4080884
59.719105,30.4079991
59.733485,30.5249219
59.9235502,30.3850368
59.8541517,30.3603629
59.909174,30.2516814
59.9090933,30.2516779
59.9087377,30.2579421
59.9090682,30.25749
59.9090589,30.2582563
59.9091248,30.2583193
59.9090555,30.2584087
59.7593748,30.6233001
59.7593057,30.6231132
59.82007,30.1810078
59.8873819,30.3379715
59.8760705,30.3258302
59.8759216,30.3258363
59.8811232,30.2976021
59.8809646,30.2978307
59.9299486,30.4862535
59.9298645,30.4862285
59.753927,30.5482121
59.7538602,30.5482083
59.7537269,30.5621957
59.7537057,30.5623741
59.7530931,30.5801028
59.7538079,30.5623318
59.6710055,30.4832175
59.9300564,30.3733629
59.9300221,30.3734781
59.9301346,30.3734588
59.9300998,30.3735663
59.92978,30.373201
59.7966665,30.1527552
59.9443774,30.4626728
59.9417631,30.4655308
59.9417319,30.4654119
59.9485399,30.4608606
59.9416496,30.4656702
59.9371476,30.4756465
59.9370793,30.4756261
59.9416168,30.4655464
59.9212046,30.354174
59.9211476,30.3541433
59.9144252,30.3972533
59.9144807,30.397128
59.9135947,30.3961836
59.9135115,30.3962686
59.9136011,30.3963623
59.9175445,30.4003423
59.9174837,30.4004606
59.7864937,30.5760126
59.9323644,30.3075872
59.8118899,30.41828
59.8119339,30.4181993
59.811872,30.4181244
59.9135075,30.2843057
59.9135736,30.2842689
59.9134815,30.2835097
59.9140021,30.2974221
59.9139349,30.2974296
59.9218996,30.4279916
59.9217953,30.4279161
59.9218473,30.4276136
59.7485665,30.5342669
59.7477259,30.532861
59.747158,30.533346
59.9445591,30.3262535
59.9445954,30.3263657
59.9445216,30.3263801
59.9222943,30.3485171
59.7861602,30.5769331
59.9478004,30.4358029
59.7542238,30.5222078
59.7536793,30.5231027
59.923554,30.3357379
59.8113902,30.3730645
59.8754193,30.2974674
59.875414,30.2971615
59.8917311,30.311346
59.9429165,30.3957116
59.9427613,30.3956981
59.9428243,30.3929749
59.9326164,30.3479862
59.7970747,30.2733184
59.7983902,30.2733759
59.8544513,30.3682291
59.8928179,30.3195571
59.9428765,30.4114927
59.9431583,30.4116342
59.9161408,30.3181689
59.7455293,30.3432602
59.9338638,30.3388602
59.9440232,30.3487047
59.9176935,30.4960708
59.9177808,30.495991
59.9176973,30.4956357
59.9176119,30.4957182
59.8995946,30.3716479
59.9361574,30.2884473
59.7756952,30.6554768
59.775881,30.6549304
59.7780532,30.6488603
59.7720498,30.6536182
59.7739481,30.6626632
59.7746935,30.6554519
59.7739493,30.6639155
59.7772144,30.6502335
59.7778445,30.6481703
59.7781295,30.6485861
59.7785016,30.6468359
59.7742986,30.6640475
59.774019,30.6658702
59.9529994,30.4410851
59.8701554,30.2598592
59.8700706,30.2598833
59.8720663,30.2661077
59.8720167,30.2662068
59.8721284,30.2661879
59.8720759,30.2662963
59.8788163,30.2671172
59.8788858,30.2671829
59.8803143,30.2616575
59.912399,30.3744877
59.9058138,30.3806781
59.9057694,30.3806303
59.7007584,30.3945252
59.8548541,30.3684818
59.9488373,30.3678285
59.9489002,30.3678347
59.9463536,30.3675582
59.9463491,30.3677144
59.9438303,30.3673306
59.9438194,30.3674923
59.7630732,30.3289066
59.7574138,30.3230264
59.7911851,30.1462959
59.7909901,30.1462971
59.7527088,30.3902885
59.9083641,30.3117402
59.8288208,30.3483099
59.8305028,30.336422
59.8304963,30.3359151
59.8193846,30.3373932
59.8310126,30.3442589
59.8314918,30.3503054
59.8315554,30.3508346
59.83075,30.3403211
59.8304982,30.3432897
59.8308134,30.3431634
59.8311092,30.350232
59.8313451,30.3508764
59.8307033,30.3378596
59.8305208,30.3378122
59.9479471,30.1964925
59.9084782,30.3118635
59.9083594,30.3119924
59.8961718,30.3107692
59.737058,30.5596676
59.7371822,30.5595928
59.8963224,30.3121157
59.8963705,30.3121858
59.7367214,30.5589694
59.7365664,30.5598833
59.8275343,30.1887582
59.8277607,30.1887687
59.8210551,30.1820038
59.8207551,30.1825241
59.8209619,30.1807725
59.8209507,30.1815796
59.8281646,30.1892439
59.8240692,30.1758462
59.9491104,30.3488194
59.9326395,30.3477775
59.9382471,30.3481141
59.9428586,30.3484161
59.9465723,30.3486421
59.9360483,30.3479767
59.9390294,30.3481573
59.9440515,30.3484782
59.8447732,30.4204687
59.9209945,30.3381449
59.9171382,30.3427945
59.927239,30.352671
59.9223916,30.3483805
59.9213443,30.3447694
59.9198333,30.3395666
59.9144045,30.3745615
59.7371447,30.5598516
59.9228753,30.3499299
59.9427614,30.2314336
59.9377152,30.233695
59.9381398,30.233241
59.9377249,30.2334228
59.9378405,30.2333686
59.9376162,30.2337355
59.937802,30.2377728
59.9378575,30.237753
59.9108366,30.3595055
59.7821806,30.135739
59.9343396,30.3350534
59.9342265,30.3349982
59.9340142,30.3348169
59.934319,30.3352215
59.9342058,30.3351647
59.9413912,30.3354039
59.93734,30.3362781
59.9413044,30.3352214
59.9413801,30.3352097
59.941316,30.3354047
59.9373591,30.3364329
59.9315761,30.3293558
59.9316232,30.3292041
59.9282665,30.3533215
59.9289839,30.3477459
59.9291035,30.3477598
59.9283545,30.3533806
59.9060764,30.2762673
59.9060464,30.2761218
59.9371283,30.4758939
59.9370601,30.475873
59.7552553,30.3823451
59.7566915,30.380227
59.830516,30.3419396
59.8312658,30.3512695
59.8310248,30.3509157
59.8307456,30.3443673
59.9285761,30.3219357
59.9285016,30.3220511
59.9220844,30.3053593
59.9219956,30.3053549
59.9215664,30.3034124
59.9226915,30.3079537
59.9225909,30.3079541
59.9227317,30.3080518
59.9226246,30.3080548
59.8385925,30.3382537
59.7408753,30.5468091
59.7409728,30.5471958
59.7375841,30.5549677
59.7374863,30.5545878
59.9207581,30.4395267
59.9207807,30.4399875
59.9427033,30.3980706
59.9427943,30.3980877
59.938512,30.3652486
59.9385618,30.3652689
59.9390739,30.3483853
59.9390061,30.3483812
59.9387275,30.3634496
59.9386753,30.363447
59.9369462,30.3731098
59.936906,30.373065
59.9368686,30.3731674
59.9369067,30.3732095
59.9349313,30.3788048
59.9348395,30.3788384
59.9348898,30.3787601
59.9151654,30.4849116
59.915075,30.4849906
59.9152075,30.4850846
59.9151179,30.4851643
59.9432756,30.4354567
59.9432396,30.4353163
59.780909,30.1341348
59.7808856,30.1342845
59.7800015,30.1331501
59.9209464,30.2868071
59.9209886,30.2869192
59.9239349,30.3013475
59.9216482,30.3034034
59.9216179,30.3032561
59.923902,30.3011923
59.942745,30.231183
59.9426625,30.2312187
59.9468989,30.2571592
59.9468678,30.2570241
59.9432309,30.2612939
59.9432793,30.2614637
59.9432922,30.2612464
59.9433249,30.2613605
59.9290528,30.2678267
59.9361256,30.4879589
59.9361925,30.4879609
59.9361636,30.4883651
59.9360993,30.4883285
59.9485288,30.390449
59.9485673,30.3906153
59.7860075,30.5766785
59.7359145,30.6420545
59.7358394,30.6421347
59.9533016,30.4219946
59.9533031,30.4218449
59.9495285,30.4649724
59.9495857,30.4649113
59.9485007,30.4609913
59.9485706,30.4609868
59.9534299,30.4974963
59.9506045,30.4867258
59.9504966,30.4863117
59.9476847,30.4751891
59.947626,30.4752479
59.9477019,30.4755418
59.9477627,30.4754786
59.9443847,30.4628132
59.9444381,30.4627531
59.9418245,30.3303062
59.8617405,30.3206433
59.8616824,30.3206477
59.8615946,30.3142774
59.8616886,30.3210981
59.8618012,30.3292691
59.8616527,30.314274
59.8617467,30.321095
59.8618593,30.3292659
59.8619076,30.3369841
59.8619657,30.3369816
59.9098944,30.4629453
59.9098938,30.4628198
59.9099469,30.462896
59.9131695,30.476816
59.9131559,30.4765096
59.9132201,30.4767688
59.9131044,30.4765576
59.8897662,30.4647575
59.8895877,30.4639938
59.8896478,30.4639731
59.892979,30.4787636
59.8929678,30.478629
59.8929096,30.4787327
59.8923825,30.4906874
59.8923112,30.4906701
59.916403,30.4566887
59.916558,30.4563931
59.917119,30.4542753
59.9165938,30.4565423
59.9164348,30.4568249
59.8969987,30.4748767
59.8970252,30.4749889
59.903383,30.4690509
59.9035473,30.4689017
59.9035197,30.4687867
59.9033552,30.4689358
59.9317247,30.4757357
59.931789,30.4757813
59.9303637,30.4838304
59.9302923,30.4837857
59.9311483,30.4790081
59.9312168,30.4790529
59.9319329,30.4749562
59.9318688,30.4749125
59.9087983,30.4911098
59.9087497,30.4909147
59.8078465,30.4256789
59.9244761,30.3891463
59.9436545,30.3767292
59.8359361,30.2805497
59.9313852,30.3896949
59.9314609,30.3897304
59.8798045,30.3568033
59.700585,30.3882441
59.8031864,30.3886267
59.9148313,30.3553311
59.768298,30.3472081
59.7683824,30.3473446
59.9197007,30.3052475
59.9197764,30.3050933
59.748252,30.5277519
59.9221393,30.431291
59.9336191,30.436154
59.9338141,30.4355207
59.9197915,30.2950946
59.9197597,30.2949492
59.9453272,30.2863335
59.9454415,30.2862014
59.9452788,30.2861634
59.9453815,30.2860401
59.9423469,30.2762043
59.9423019,30.2760492
59.9394343,30.2661612
59.9393616,30.2659104
59.9371762,30.2583582
59.9345472,30.249539
59.9346465,30.2494058
59.9328567,30.2447841
59.9372742,30.2582425
59.9394556,30.2657787
59.9395279,30.2660269
59.9424492,30.276085
59.942404,30.2759313
59.9329588,30.2447449
59.8936153,30.2453648
59.819429,30.3375497
59.8227621,30.3591459
59.7973053,30.273223
59.7976875,30.2732711
59.9209635,30.4420455
59.9210469,30.4421446
59.9210723,30.4420033
59.7359801,30.5200607
59.7222027,30.5162329
59.8350869,30.3800974
59.8343317,30.3806096
59.8361186,30.3796897
59.8351068,30.3802275
59.9482868,30.4360713
59.8939762,30.4619396
59.8939075,30.4619622
59.8929428,30.4471294
59.8928755,30.447151
59.9089077,30.2640772
59.908912,30.2640014
59.9160361,30.2790466
59.916059,30.2792781
59.908927,30.2749483
59.9089276,30.2751535
59.908828,30.2751001
59.9094807,30.2754664
59.9094865,30.2752942
59.9133089,30.2776943
59.9133418,30.2777132
59.9088203,30.2748786
59.9173035,30.2972948
59.9196726,30.2950187
59.9172659,30.2971168
59.9164969,30.2972089
59.9165404,30.2974013
59.9159505,30.2974691
59.9159033,30.2972861
59.9159409,30.3074145
59.9162796,30.3178888
59.9160694,30.3077118
59.830078,30.3456111
59.8943681,30.3431467
59.9211678,30.4345715
59.8311377,30.3436371
59.9168485,30.2797854
59.9168728,30.2795736
59.9167528,30.2794879
59.8951181,30.3415339
59.9378585,30.3741064
59.937754,30.3740198
59.9167923,30.2817849
59.9166817,30.2816848
59.916712,30.2818985
59.8964159,30.4095833
59.7472764,30.3668357
59.7460966,30.5024933
59.7462619,30.502317
59.7698112,30.5939042
59.7501213,30.5849391
59.7500594,30.5849115
59.7505104,30.5799061
59.750578,30.5798943
59.7498412,30.562607
59.7498355,30.5624727
59.7499568,30.5624512
59.7499638,30.5625908
59.8985114,30.4440862
59.897526,30.4448886
59.9467743,30.3905843
59.9468109,30.3902935
59.8032605,30.3885549
59.9448,30.3982799
59.9441502,30.3980155
59.9444276,30.3977886
59.8013897,30.3754682
59.9427647,30.3955654
59.938157,30.3695229
59.9381739,30.3694129
59.9216945,30.4278427
59.8024124,30.3834901
59.7307771,30.6066185
59.7414815,30.581218
59.8024769,30.383488
59.8028727,30.3839085
59.8032059,30.3841576
59.8024904,30.3835692
59.8026397,30.384484
59.9394008,30.3884429
59.9394656,30.3885071
59.9394607,30.3886866
59.9375472,30.3872005
59.93297,30.383521
59.9329917,30.383354
59.9330287,30.3834652
59.9307789,30.3832619
59.930853,30.3832782
59.9281803,30.3816789
59.9282371,30.3814955
59.9281381,30.381437
59.9267741,30.3856519
59.9266955,30.3855437
59.9300553,30.3760106
59.9300764,30.3762117
59.9250025,30.372709
59.9249716,30.3727913
59.9249005,30.3726982
59.9249313,30.3726139
59.9248863,30.3728662
59.9276683,30.3701986
59.9375822,30.3870321
59.9375094,30.3869812
59.9376916,30.3774688
59.9486957,30.3781828
59.9486927,30.3783418
59.9469829,30.3782296
59.946984,30.3781472
59.9469104,30.3781916
59.9385429,30.2671979
59.9199928,30.4695707
59.9252502,30.4722596
59.9252438,30.4730553
59.9381257,30.3694514
59.9364417,30.3677108
59.8133997,30.3770771
59.8129912,30.3770929
59.812218,30.3790964
59.8304762,30.3509919
59.8288861,30.3481892
59.9222034,30.4313744
59.9222009,30.4312231
59.8317234,30.3425572
59.8303274,30.3514468
59.8312633,30.3501806
59.8318543,30.3506952
59.8949123,30.3415924
59.894901,30.3413834
59.8892744,30.344831
59.9270101,30.3186383
59.9268892,30.3183547
59.9268661,30.318686
59.7040476,30.2676545
59.914974,30.3506897
59.9386398,30.2450751
59.9386084,30.2448794
59.9471129,30.2312476
59.9389939,30.2105047
59.9390205,30.2106245
59.9468646,30.2069896
59.946855,30.2071193
59.9003145,30.3722985
59.8154078,30.4118823
59.8153861,30.4117264
59.8965556,30.355736
59.8966561,30.3559906
59.7360752,30.642154
59.7361071,30.6423212
59.9387362,30.3605181
59.9387387,30.3603626
59.9424074,30.3605876
59.9438729,30.3608412
59.9424047,30.3607337
59.938795,30.3605219
59.9358799,30.3603475
59.9358827,30.3601816
59.9387981,30.3603666
59.9438755,30.3606761
59.935748,30.3640331
59.9358069,30.360258
59.9358914,30.3549844
59.9360077,30.3482037
59.9360843,30.34821
59.9359676,30.3550051
59.9358181,30.3640607
59.8255111,30.2237559
59.8255259,30.2238909
59.8336287,30.2180155
59.8336498,30.2181318
59.8337413,30.2180667
59.8337209,30.21795
59.8427485,30.2081222
59.8426961,30.2080454
59.9269477,30.3179505
59.9234806,30.3490794
59.9250168,30.3450308
59.925071,30.3451162
59.9230807,30.3500648
59.9230238,30.3500288
59.9234324,30.3489971
59.9903291,30.185971
59.984803,30.231189
59.983054,30.2565069
59.9837353,30.2853095
59.9809317,30.3183766
59.9672413,30.3053105
59.9661079,30.3062078
59.963833,30.311796
59.9634928,30.3278359
59.9538895,30.3249098
59.9549846,30.3077635
59.9569351,30.3135345
59.9555869,30.2955082
59.9524308,30.2903581
59.9548634,30.3745029
59.9534614,30.3522612
59.9541055,30.3474367
59.9684233,30.4107219
59.9978966,30.3650406
59.9990219,30.3631526
59.9983779,30.3624652
59.9974402,30.3637667
59.997582,30.3645135
60.0788761,30.2667469
60.1059775,30.2470156
60.1069235,30.2461402
60.0023483,30.069774
59.9766636,30.3294888
59.9740066,30.3329005
59.9721669,30.3350363
59.9683292,30.3363825
59.9638696,30.3299989
60.0993421,30.2780905
60.0788317,30.1878932
59.970064,30.2753415
59.9713824,30.2757628
59.9959197,30.3453017
59.9841536,30.2564935
59.984383,30.2479301
59.9533689,30.3544389
60.0516901,30.3796406
60.0513116,30.3815052
60.0579672,30.3863879
59.9583208,30.4061508
59.9882995,30.4667824
59.9930789,30.4798397
60.0203337,30.4638582
60.0224197,30.4637725
60.0170326,30.4618155
60.0278448,30.2357494
60.0078819,30.2614657
60.0063789,30.2728116
60.0252628,30.2391178
60.0073742,30.2586168
60.0012351,30.2555384
59.9678176,30.2486205
59.9681502,30.2483123
59.9745748,30.2582637
59.9538959,30.2870148
59.9530533,30.2885851
59.9534796,30.4149345
59.9604991,30.4376367
59.9605257,30.4386365
59.9531792,30.4369238
59.9586476,30.4778832
59.9588897,30.4780564
59.9766261,30.4021387
59.9777006,30.3930707
59.9793893,30.3824577
59.9750497,30.4158605
59.9746514,30.4193818
59.98292,30.4090633
59.9853449,30.411712
59.9832935,30.4246733
59.9861115,30.3520444
59.9866293,30.3573954
60.0007574,30.2989007
60.0007244,30.2984916
60.0047054,30.2573289
60.0083423,30.2481885
60.0060411,30.2470031
60.0025951,30.2452239
59.9979097,30.2339664
60.0447489,30.3741239
60.0446012,30.3748532
60.0500073,30.3781311
60.049189,30.3796141
60.039753,30.3986438
60.0396755,30.3990118
60.0371755,30.4113334
60.0353493,30.4203388
60.0329731,30.4320767
60.0221311,30.4315199
60.0170093,30.4320183
60.0040567,30.4358998
60.0033007,30.4360822
59.9589134,30.4063801
59.9499606,30.2477866
59.9614891,30.2918395
59.956329,30.2936897
59.9483934,30.2494528
59.9482557,30.2319385
59.9560748,30.3554778
59.9863266,30.3016226
60.003141,30.2976924
60.0030906,30.2980651
60.0028664,30.2981515
60.0029167,30.2977673
60.0033934,30.3251144
60.0038426,30.3284943
60.0037568,30.3286932
60.0031984,30.3286903
60.0033455,30.3288654
60.0166126,30.3122447
60.02729,30.3874868
60.0273719,30.3876173
60.0308838,30.3913583
60.0310399,30.3915019
60.0399448,30.3987994
60.0421032,30.2997391
60.0152245,30.2938713
59.9495185,30.3067791
59.9494392,30.3047664
59.9541976,30.2965508
59.959939,30.4386526
59.9679595,30.4824606
59.9662639,30.4841877
59.9706018,30.4964649
60.039888,30.3470579
60.0313928,30.3443245
59.9493599,30.216079
59.951415,30.2172828
59.9505468,30.2167801
59.9617766,30.3055695
59.9649614,30.2973663
59.9632839,30.3017149
59.9691508,30.304133
59.964547,30.3100667
59.9655392,30.3144394
59.9659468,30.3123791
59.9712567,30.2587929
59.9676054,30.2479249
59.9888939,30.2029925
60.0331052,30.4324098
60.0385457,30.4429102
60.0392471,30.4450727
59.9792307,30.502221
59.9562043,30.3732372
59.9677623,30.3840916
59.9615658,30.4126132
59.9599499,30.4375668
59.986326,30.4588468
59.9892936,30.4514734
59.9874531,30.4660779
60.05794,30.383876
60.0576286,30.3851795
60.0536854,30.4005101
60.0382596,30.4423392
60.0353576,30.4408776
60.0339189,30.432131
60.0152115,30.467552
59.988638,30.4788342
59.9893522,30.4849468
60.0122561,30.2342898
60.0101104,30.2352107
59.9797169,30.3230569
59.970624,30.2754262
59.9991086,30.3643135
59.9741121,30.4362179
59.9749543,30.4362588
59.9766804,30.436614
59.9765914,30.4373469
59.9734911,30.4370105
59.9983585,30.3651725
59.996146,30.3808474
59.9712614,30.3018603
60.0424212,30.3346004
60.1114677,30.2632275
59.9967554,30.2443253
60.0074553,30.2362399
60.0487867,30.3542644
60.0373625,30.411486
59.9610092,30.3223983
59.9690681,30.5031718
60.1273802,30.1306721
60.1241699,30.1606068
60.0975978,30.2534724
60.1004858,30.2563645
60.0991938,30.2787423
60.0356375,30.4403279
60.0175631,30.4602597
59.9893907,30.4519258
59.9745845,30.4354069
59.9708326,30.4792973
59.9759772,30.3186976
59.9776907,30.3192092
59.9776812,30.3196774
59.9776521,30.3657854
59.9750078,30.3753741
60.0170352,30.4328996
60.0447917,30.3750221
60.0515221,30.3419841
60.0025362,30.2456825
60.006975,30.2584609
60.0030177,30.3251867
59.9946513,30.3790213
59.9764484,30.4023712
60.0171966,30.2784641
60.0232835,30.2821087
60.0277707,30.2845472
59.9960862,30.1152534
60.0788367,30.1873243
60.1004901,30.2552579
60.1003774,30.2638386
60.0322214,30.3645482
60.0222985,30.4060219
60.0224531,30.4068459
60.0219583,30.4075865
60.0256775,30.4102211
60.0355909,30.4201845
60.035523,30.420516
60.0155175,30.4321484
60.0150714,30.4333491
60.0033214,30.4363667
60.042827,30.4281436
60.0477536,30.4050774
60.0502151,30.392916
60.0521856,30.382284
60.052565,30.3804012
60.0187686,30.2566752
60.0083729,30.200065
60.0068588,30.2121614
60.0086637,30.2265343
60.0348291,30.4396814
59.9697741,30.5036141
59.978762,30.3450251
59.9820285,30.4402113
59.9837573,30.440688
59.9528615,30.3228421
59.968208,30.3136154
59.9820504,30.3103238
59.9843049,30.3174706
59.9562035,30.2239368
59.9560451,30.2240415
59.9559053,30.2219999
59.9526691,30.2907543
59.9528463,30.2890468
59.9545787,30.2938703
59.9573415,30.3021454
59.9675913,30.3316734
59.9672481,30.3380075
60.0295365,30.2171233
60.0297111,30.2174118
60.025886,30.2483541
60.0258138,30.2488778
60.0188822,30.2570699
60.0143164,30.2414244
60.0144061,30.2418139
60.0084674,30.2487052
60.0079695,30.260772
60.0063144,30.2732953
60.0118234,30.2761758
60.0119472,30.2762426
60.0120347,30.2757934
60.0172947,30.2789977
60.0171435,30.2789165
60.017351,30.2785418
60.023409,30.2814095
60.02309,30.281998
60.024686,30.3013258
60.0674174,30.2702498
60.0766491,30.239128
59.9828128,30.4095055
59.985266,30.4122113
59.9845423,30.3993913
60.0085627,30.3613182
60.0302847,30.3653311
60.0320808,30.3645501
60.0320552,30.3650927
60.035976,30.366299
60.0361442,30.366451
60.0359896,30.3671655
60.035835,30.3670359
60.0228116,30.3928258
60.0257559,30.410682
60.0258407,30.4103782
60.0255944,30.4105176
60.0276897,30.403629
60.0307827,30.391759
59.9905945,30.1932575
59.9901959,30.1929437
59.9845585,30.2007611
59.9829454,30.2131583
60.0133499,30.2642577
60.0135399,30.2628832
60.0135574,30.2643615
60.0182965,30.2712855
60.0944205,30.1979481
60.0980094,30.2276335
60.0996365,30.2272
60.1272277,30.1307994
59.9657489,30.3372984
59.9710859,30.3353285
59.9699679,30.3358463
59.969977,30.3365856
59.9876962,30.3139674
59.9867501,30.3200064
60.0217284,30.3286676
60.0301087,30.3208581
60.0312551,30.344241
60.0309444,30.3919123
60.0271907,30.3878263
60.0272766,30.3879568
60.0251092,30.3953052
60.0191181,30.4172756
60.0235309,30.4180371
60.0236606,30.4181743
60.0153504,30.4321545
60.0218653,30.4276424
60.0220165,30.427712
60.021603,30.431571
60.0246675,30.4312603
60.0247056,30.4321333
60.0226558,30.4323241
60.0339055,30.4324563
60.033157,30.4320943
60.035417,30.4200087
60.0365472,30.4211381
60.038693,30.4326724
60.0401677,30.4245895
60.0429892,30.427341
60.040122,30.432527
60.0366916,30.4326022
60.0400045,30.4252398
59.9851307,30.341818
59.9849791,30.3418827
59.9856822,30.3491091
59.9817968,30.3436048
59.9816844,30.343307
59.9589547,30.4070548
59.9880839,30.4865476
59.9705408,30.3858128
59.9701791,30.3863416
59.9792752,30.3823144
59.9944725,30.3791618
60.0090529,30.3762697
60.0110727,30.4059404
60.0040739,30.4361633
60.0141978,30.4318813
60.0425975,30.3347434
60.0513102,30.3418121
60.0535084,30.3309766
60.0532683,30.3286829
60.0684904,30.2978568
60.0675606,30.3059009
60.0595695,30.3408243
60.0557053,30.3598618
60.0541608,30.3805166
60.0539648,30.3815466
60.0547543,30.3846671
60.0528064,30.3811478
59.9926001,30.376394
59.9940667,30.3790304
60.0398681,30.3991811
60.0449421,30.3742858
60.0401467,30.3468871
60.04008,30.347213
60.0444049,30.3203866
59.9587498,30.4782562
59.9587723,30.4776149
59.986579,30.4903534
59.994582,30.3546424
59.9896646,30.2941092
59.9852893,30.2308195
59.9494198,30.2458383
59.9575515,30.3016598
60.0196309,30.2351938
60.019731,30.2355302
60.0242726,30.2745725
59.9840165,30.2931291
59.9696321,30.2692116
59.9587987,30.3124579
59.9767037,30.3221376
59.9766759,30.3229294
59.9624548,30.3289776
59.9780226,30.3096668
60.0657639,30.3450345
60.061599,30.3652982
60.0223215,30.4073474
60.0321929,30.365105
59.9960105,30.3807157
60.0488457,30.3539728
60.0490431,30.3541624
60.0489865,30.3544405
60.0835188,30.3266885
59.9764988,30.4019958
59.9765845,30.4024846
59.9749665,30.4154204
59.974343,30.436248
60.0326672,30.4426726
59.9851666,30.3421993
59.9850173,30.3422505
59.9702929,30.3484932
60.0077381,30.435228
60.0077227,30.4349784
60.0456031,30.3748636
60.0517826,30.3792017
59.9613259,30.338333
59.9559279,30.4666718
59.9557692,30.4668366
59.9559888,30.4669057
59.95583,30.4670705
60.0005489,30.2985577
59.977236,30.3208453
60.0031761,30.1952092
60.0029602,30.1950943
60.0180061,30.272258
60.0118624,30.2756938
60.016534,30.249077
60.0166112,30.2493372
60.005982,30.2474604
60.0570804,30.3370908
59.9838972,30.457574
59.9805828,30.4593008
59.9806018,30.4584498
59.9854085,30.3644738
59.985497,30.3647081
59.9855525,30.3645407
60.0494647,30.3798639
60.0135108,30.4328119
60.0135721,30.4337382
60.0192505,30.4174083
60.0333854,30.3791742
60.0398262,30.4434757
60.0388462,30.4416885
60.0398917,30.4333154
60.0395385,30.4325255
60.0389548,30.4323501
60.0497442,30.3791513
60.0575304,30.3861434
60.0524826,30.3232701
60.0522187,30.3234231
59.9958229,30.4378862
60.0272902,30.4320889
60.0273183,30.4313535
59.9903374,30.4829824
60.0321719,30.4435613
59.9498513,30.2748104
59.94591,30.2144421
60.0275604,30.4034852
60.0216827,30.4073027
60.0221375,30.4058513
60.0372533,30.4390857
59.9892676,30.4535722
59.989173,30.4526
59.9948646,30.3995407
59.9750846,30.4155536
59.9857981,30.4270332
59.9941123,30.3787977
60.056102,30.3847754
59.9531753,30.4371726
60.0151478,30.2945706
60.0572188,30.3855367
60.0305732,30.327371
60.0304366,30.3273532
59.9683539,30.4110055
59.9749285,30.4157332
60.0782571,30.2898799
60.0375561,30.4400595
59.9978917,30.0938077
59.9974654,30.1056307
59.9978696,30.1057029
59.9963198,30.115643
59.9976358,30.333362
59.9671562,30.3373556
59.9613227,30.338038
59.9558796,30.3413387
60.0297291,30.3654555
59.996662,30.2439745
60.025308,30.2285524
60.0249802,30.2285169
60.0251554,30.2281779
59.9806007,30.4581959
60.0578832,30.3395706
60.0540038,30.3852455
60.0568566,30.3854499
60.053833,30.3845909
60.0537816,30.3845438
60.0533036,30.3848395
59.9589848,30.3123555
60.0721043,30.248356
60.0720704,30.2484924
60.0343652,30.4391919
60.009715,30.3727378
59.950743,30.2961552
59.9524907,30.2172792
60.0396167,30.4447951
60.0392011,30.4441582
60.0389796,30.4437443
60.0395026,30.4446913
60.100945,30.2613035
60.0313798,30.3440506
60.0399545,30.3467304
60.0308692,30.3335442
60.0307372,30.3335721
60.0321072,30.3635299
60.0322386,30.3635381
59.9553233,30.2359619
59.9554766,30.2360586
59.9557501,30.2221065
59.947624,30.2561753
59.9875556,30.4648026
60.0419343,30.3724617
60.0535712,30.3319899
60.0537724,30.3310027
59.9943956,30.4164702
60.1020507,30.2501053
59.9779915,30.3199579
59.9890773,30.4497445
59.9899138,30.4504207
59.9600875,30.3313776
60.0099588,30.2352743
59.9839093,30.3335682
60.007312,30.260901
59.9782228,30.5058756
59.994559,30.3913784
59.9945923,30.3911077
60.0607845,30.3398584
60.0061096,30.2731967
60.0017519,30.308914
60.0822571,30.2645576
59.9990845,30.3644799
60.007093,30.2655671
59.9586217,30.4638768
59.9586864,30.4641148
59.9600158,30.4388588
59.9604504,30.4388399
59.9600084,30.4374427
59.9604163,30.4374325
59.974466,30.4331474
59.9689328,30.259181
60.0329461,30.2991711
60.0400291,30.3010191
59.9483205,30.2314967
59.9484489,30.2315728
59.9539399,30.2867459
60.0029294,30.1953319
60.0010622,30.2096565
59.9837966,30.2992137
59.984112,30.2993363
59.9863022,30.4250121
60.0005942,30.2989652
60.0016205,30.3078341
60.0015128,30.3086082
60.0015116,30.3068006
59.9527713,30.289542
60.0321665,30.3010281
59.998713,30.3650423
60.0136475,30.2941204
59.9553157,30.355062
59.9555645,30.3552006
59.9566117,30.3553095
59.9597902,30.3539485
59.9576444,30.403883
59.9574605,30.4031932
59.957574,30.4034194
59.9569954,30.4044723
59.95703,30.4040419
59.9547963,30.3746616
59.9543316,30.3475713
59.955885,30.3432248
59.99349,30.4273684
60.017508,30.3122569
59.9709303,30.2685421
60.0061726,30.2727061
60.0081222,30.2595748
60.0079333,30.2589231
60.0012042,30.2557657
60.0046752,30.2575626
60.0068927,30.2590961
60.0722948,30.1834449
59.9700869,30.2755186
60.0974032,30.2617951
59.9535364,30.4151624
60.0011202,30.2092118
59.9716086,30.3483106
59.9553024,30.3556754
59.9853214,30.5162889
59.9847616,30.5179189
59.9685497,30.4107747
59.9684878,30.4110615
59.9598858,30.4313159
60.003528,30.4354113
60.0037966,30.4353757
59.9636013,30.486967
60.0341664,30.2953735
59.9696485,30.2694418
60.0873622,30.260929
59.9682174,30.3364075
59.9684277,30.3376791
59.9929059,30.4267559
59.9578029,30.3446804
59.9986868,30.3626314
59.9980101,30.3625197
60.0304176,30.3269638
60.0299373,30.3660941
59.9984977,30.2313444
59.9982663,30.2312462
59.9795673,30.4583491
59.980271,30.4592672
59.9795766,30.4581051
59.9806393,30.4573167
60.0190972,30.2568159
60.0210403,30.2644104
60.001752,30.3067696
60.0166164,30.2841334
60.0164792,30.2840875
60.0471887,30.4051092
60.0503885,30.3929866
60.045032,30.4177335
60.0451773,30.4178503
60.0430657,30.4282286
60.0431581,30.427791
60.0209658,30.2641582
60.0144233,30.4577167
60.0151038,30.4672549
60.0173407,30.4616184
60.017868,30.4600481
60.0182874,30.4614771
60.0201398,30.4558539
60.0650456,30.3208729
60.0611276,30.3401171
60.0604605,30.3414858
60.0607737,30.3417104
60.0478453,30.4054244
60.0565676,30.3605298
60.0566209,30.3602622
60.0567669,30.3605116
60.0436337,30.3731348
60.0434789,30.3738399
59.9895002,30.4505152
59.9894432,30.4498714
60.0525579,30.3823759
60.0605082,30.3854759
60.0298279,30.3202107
60.0252075,30.2389329
60.0529296,30.2271555
60.1273839,30.1309813
60.0067943,30.2126562
60.001301,30.2097822
59.9464534,30.2894381
60.0066565,30.2125848
60.0071801,30.1987272
60.0079029,30.2029749
60.0067217,30.2120895
60.0031459,30.1954411
59.9900661,30.1908402
59.9496346,30.3488594
59.9825159,30.4400958
60.005536,30.4357842
60.0055205,30.4355315
60.0136743,30.294383
59.9824187,30.4407456
59.9838505,30.4411075
60.0323676,30.2511228
59.9994058,30.2695751
59.9993651,30.2698875
59.9847651,30.2330275
60.0152379,30.2935485
60.0251379,30.2289064
60.0826535,30.2640208
60.0010492,30.255681
60.0010792,30.2554558
60.0023588,30.2455909
60.0024184,30.2451326
60.057998,30.135715
59.9678885,30.3087279
59.9949707,30.3914806
59.99477,30.3914224
59.9947857,30.3913034
60.066666,30.2988551
60.0666143,30.2987044
59.9828529,30.2679175
59.9824972,30.2677504
60.0618696,30.1573838
60.0544712,30.1464202
60.0591258,30.1439357
60.0576922,30.1303894
60.0625225,30.1600346
60.0603544,30.1513236
60.0660546,30.1388317
60.0596358,30.1382189
60.0609464,30.1532714
60.0566538,30.1286653
60.0604674,30.1531676
60.0552865,30.1455611
60.0585131,30.1439631
60.0571813,30.1344567
60.0591855,30.1364585
60.0651569,30.1486647
60.0554027,30.1157907
60.0606725,30.1440927
60.0588261,30.1434739
60.0630451,30.1496009
60.0630042,30.1482585
60.0534928,30.3302201
60.0212596,30.2641756
60.0211809,30.2639031
60.0158375,30.2900817
60.0157079,30.2900145
59.9770605,30.3222174
59.9997736,30.288277
59.9995542,30.2883711
59.9983338,30.2307307
59.998561,30.2308812
59.9682033,30.2491198
59.967759,30.2485551
60.0069498,30.2597407
60.0177507,30.3144536
59.9838551,30.3337682
59.984543,30.3336007
59.9843538,30.3332748
60.0166794,30.4600741
60.0193342,30.456614
60.0208877,30.4640536
60.0210471,30.4642762
60.0181101,30.4616009
60.0163258,30.4594655
60.0208662,30.464216
59.9973593,30.4378753
60.0144144,30.4573758
60.0202511,30.4636207
60.0037082,30.3269801
59.949741,30.3490809
59.9836748,30.284519
59.9833129,30.2847889
60.0029337,30.3265465
59.9756917,30.3177779
60.0057789,30.2967929
60.0058033,30.2970917
59.9887639,30.3012307
59.9898205,30.3000478
60.0822842,30.2639276
60.0305529,30.3269416
59.968122,30.3899091
59.9913924,30.1659102
60.0046408,30.3307159
60.0281398,30.3886839
60.0280404,30.389022
60.0107209,30.2750927
60.0106629,30.2755255
60.0166302,30.427118
60.0157242,30.4313428
60.0167611,30.4272478
60.0532887,30.3307731
59.9520445,30.2895642
60.053384,30.3314399
60.0535365,30.3314366
59.9809024,30.3257281
59.9804046,30.3266366
59.9796379,30.4232423
60.0155938,30.4312158
59.9846341,30.2332984
59.990102,30.2991086
59.9905986,30.2982356
59.9915511,30.2981794
59.9912632,30.2984687
59.9768874,30.3222738
59.9768471,30.3217877
59.9778968,30.3194976
59.9532911,30.3529322
59.9477625,30.304021
59.9478506,30.3032454
59.9573707,30.4037773
60.001844,30.3077079
60.0675441,30.3036894
60.06727,30.3031374
60.0670269,30.3036635
60.0648724,30.2938896
60.0645536,30.2932872
60.0661707,30.3003316
60.0646819,30.2952765
60.0658129,30.2992715
60.0650125,30.2949216
60.0133173,30.2631017
60.0083391,30.2002732
59.9848924,30.2296068
59.988497,30.2309765
59.9972061,30.2316946
60.0076114,30.2340412
60.00752,30.2336328
60.0290686,30.3175008
59.947828,30.2842196
59.9479116,30.2838976
60.0016537,30.3075702
60.0652781,30.3469628
60.0106104,30.3470487
60.0106865,30.347225
60.0107003,30.3469028
60.0107722,30.3470885
59.9745952,30.43315
59.9900345,30.2977386
59.993749,30.3021142
60.1347447,30.0878366
59.9756012,30.4098315
59.9757332,30.4099025
59.9702592,30.3858188
59.970272,30.3864275
59.9703318,30.3858271
59.9705475,30.3861431
59.9708033,30.385724
59.9718041,30.3818103
59.9718898,30.3819795
59.9738405,30.3777178
59.9739254,30.3778861
59.9801847,30.3796472
59.9802788,30.3797633
59.976801,30.368109
60.0036166,30.2381006
60.0032396,30.2379323
60.0043537,30.2290652
60.0047979,30.229283
59.9549691,30.3431507
59.9549838,30.342639
59.9543246,30.3448085
60.0528381,30.2268757
59.9931278,30.4279133
59.9930306,30.4272827
59.9942199,30.4164233
59.9946567,30.3995558
59.9538308,30.3498527
59.9544022,30.3457362
59.9539285,30.3496642
60.0133735,30.2640616
60.0134786,30.2632042
60.0135836,30.2641619
59.976571,30.3224394
60.0717127,30.1844183
60.0728146,30.1779662
59.9903604,30.1918381
59.9783231,30.3449849
60.0320751,30.2510806
60.0321619,30.2513651
60.0578629,30.3862535
59.973487,30.4367099
59.9459066,30.2140985
59.9459935,30.2141508
60.0225771,30.2695874
60.0227753,30.2693538
59.9807865,30.4185377
60.0527478,30.2269834
60.0528402,30.2272585
60.0711822,30.2318325
60.032549,30.2526691
60.042546,30.3023496
59.9479161,30.3043248
59.9788612,30.5021522
59.979066,30.5026265
60.0240987,30.2761581
60.0240439,30.2746751
59.971693,30.2856923
60.0327248,30.2532562
60.0326633,30.2537478
60.0329634,30.2534109
60.0132806,30.3536756
60.0133239,30.3536053
60.0186443,30.3671137
60.0187259,30.3670738
60.0187953,30.3674907
60.0189153,30.3675106
60.0211678,30.3734001
60.0212468,30.3732757
60.0253218,30.3837522
60.0253665,30.3835304
60.0157727,30.3052231
59.9767031,30.3226106
60.1135505,30.238199
59.9865574,30.3028942
59.9899933,30.3285619
59.9689937,30.3416443
59.984475,30.3352271
60.0037462,30.3275812
60.0071794,30.3262476
60.018529,30.3216892
60.0208722,30.320758
60.0269777,30.3190838
60.0269942,30.3188507
60.0294113,30.3197764
60.0296753,30.3196233
60.0297905,30.3199437
60.0300873,30.3197184
60.0302044,30.3201218
60.0303337,30.3197915
60.0303435,30.3201661
60.0346671,30.321622
60.0358731,30.3225434
60.0436972,30.3283495
60.043882,30.3284902
60.0471443,30.3309101
60.0526755,30.3350047
60.0529091,30.3351831
60.0570684,30.3383971
60.0360714,30.3222301
60.0437761,30.3279451
60.0439591,30.328086
60.0472235,30.3305097
60.052735,30.3345887
60.0529946,30.3347858
60.0567688,30.3375894
60.0348221,30.3213024
60.0348448,30.3217525
60.0355604,30.3437652
60.0331495,30.3207863
60.0340141,30.3207301
60.0347737,30.3205603
60.0362838,30.3197723
60.0436602,30.3154592
60.0438563,30.3153441
60.050479,30.3114746
60.0507453,30.3113189
60.0658838,30.300218
60.0661851,30.2997151
60.0331631,30.3203756
60.0362441,30.3194396
60.0437105,30.3150981
60.0473452,30.3129478
60.050614,30.311049
60.0586328,30.3059559
60.0657389,30.299963
60.0661058,30.2994345
59.9480236,30.3417808
59.9487721,30.3783233
59.9489409,30.3595808
59.948945,30.3592842
59.9490001,30.3595831
59.9490048,30.3592883
59.9490724,30.3490157
59.9491322,30.3490198
60.0471098,30.3009245
60.0713215,30.2315096
60.0191486,30.2214503
60.0194491,30.22243
60.0191554,30.2130481
60.0213808,30.2176419
60.0222873,30.2202286
60.0582248,30.1314389
60.0589234,30.1350837
59.9884914,30.4778324
60.0021306,30.2330577
60.0044656,30.2318456
60.0038106,30.233382
60.0021301,30.234913
60.0042111,30.2338712
60.0480695,30.2324688
60.0322823,30.2508316
59.9838908,30.2881539
60.0960642,30.2544569
60.0985604,30.2525613
60.0276347,30.2360051
59.9942233,30.3783726
59.9941683,30.3785544
60.0569586,30.3379198
59.9484656,30.2422224
59.948586,30.2420896
59.9495295,30.2457282
59.9511299,30.3255808
59.9514746,30.3259155
59.9515346,30.3252704
59.9515587,30.3258141
59.9530897,30.3236718
59.9531806,30.323881
59.9532511,30.3235259
59.9533388,30.3237285
59.9563275,30.3207758
59.9599655,30.3171347
59.9599921,30.3172623
59.9644883,30.3127846
59.9645532,30.3128821
59.9652237,30.3122407
59.9657816,30.3120846
59.9659738,30.311511
59.9678005,30.3096056
59.9679794,30.3094332
59.968037,30.3095233
59.9680172,30.309396
59.9527135,30.32397
59.9564134,30.3205022
59.9613459,30.3158088
59.9613734,30.3159387
59.9655811,30.311748
59.9656349,30.3118413
59.9694918,30.3079556
59.9695107,30.3081018
59.9699645,30.3075121
59.9699933,30.30765
59.971186,30.3067042
59.9711868,30.3065468
59.9755899,30.3032976
59.9766793,30.3022392
59.9767708,30.302336
59.9768475,30.3019909
59.9835677,30.3006002
59.9835786,30.3003812
59.9838013,30.3006877
59.9839253,30.3011898
59.9841743,30.3006375
59.9841451,30.3008619
59.9860224,30.3020362
59.9863136,30.3023365
59.9864511,30.3030273
59.9864943,30.3016246
59.986045,30.3023242
59.9884249,30.3337695
59.967768,30.3141036
59.967783,30.3139691
59.9681294,30.3142484
59.9681437,30.3141157
59.9689709,30.3140598
59.9709812,30.31448
59.9709974,30.3142761
59.975861,30.3176876
59.9761642,30.318166
59.9762125,30.3179736
59.9762516,30.317459
59.9805944,30.3263956
59.9806749,30.3262464
59.9808548,30.3269655
59.9809421,30.3268704
59.9876715,30.2839268
59.9879498,30.2865352
59.9880144,30.2865175
59.9885327,30.2946133
59.9885938,30.3095306
59.988597,30.2945951
59.9886712,30.3093639
59.9887087,30.3094835
59.989207,30.3001743
59.9892866,30.3000933
59.9893346,30.3002698
59.9893897,30.3008312
59.9894655,30.3007114
59.9896481,30.3016271
59.9897245,30.3015188
59.9911415,30.3061923
59.9911786,30.3063071
59.9911926,30.3061262
59.9926346,30.3225166
59.9927295,30.3224031
59.9936588,30.3263993
59.9937391,30.3262663
59.9941761,30.3285566
59.9942769,30.3284432
59.9943965,30.3293797
59.9944899,30.3292435
60.0740781,30.3786754
59.9900219,30.3471296
59.989833,30.3467357
60.0153812,30.2935957
59.9829118,30.3049654
59.9844524,30.2362543
59.9847902,30.2366814
59.9973817,30.2313643
60.0473326,30.1504871
60.0473768,30.1507593
59.957355,30.2101215
59.9624928,30.21674
59.9631748,30.2165563
59.9849259,30.3308489
59.9849772,30.33089
60.0327435,30.2524093
59.9838263,30.2413163
60.0423329,30.4276395
60.0425476,30.4269176
59.9908819,30.1669098
59.9844776,30.5155405
59.9850332,30.5169346
59.9848753,30.5168605
59.9857704,30.5186777
59.9859163,30.5193139
59.9850428,30.2307926
60.0657131,30.3445922
60.0658683,30.3447091
59.964523,30.323878
59.9581606,30.3329012
59.9945744,30.1330063
59.9821551,30.3086876
59.9745283,30.4193405
60.0082483,30.2486337
60.0085053,30.2481798
59.9542869,30.4603656
59.9788168,30.5020552
59.9534531,30.3499938
59.9538147,30.3500567
60.0013606,30.2093363
60.0943688,30.2516041
60.0945509,30.2515082
60.0093601,30.2959051
59.9474618,30.2855319
59.9480378,30.284468
60.0560774,30.3845069
59.9823967,30.5070253
59.9781888,30.3444519
59.9775005,30.3441862
59.978672,30.3447829
59.9569355,30.3006052
59.9529992,30.3060323
59.9626575,30.4377841
60.0985982,30.2705971
60.0540611,30.3290847
59.9568871,30.3726041
59.9636117,30.3984405
59.9662928,30.3827442
60.0988611,30.2294058
59.9548417,30.2971835
60.0455097,30.3756158
60.0488577,30.3783896
60.048971,30.3781154
60.0496951,30.3787937
60.0252118,30.3954159
59.9531448,30.3564422
59.9579992,30.2102165
59.9613896,30.2222302
60.0421149,30.3717824
60.1196181,30.1489319
59.9781968,30.3452672
59.9783301,30.3447996
59.9784709,30.3449015
60.061146,30.3853168
59.948384,30.2320181
59.9849079,30.4263863
59.9844225,30.4258762
59.9792375,30.3240672
59.9955313,30.1326113
59.9981549,30.0938599
59.9717124,30.3018851
59.9732395,30.2922072
59.9631452,30.2885999
60.0950502,30.1580177
59.9646898,30.4719192
59.984411,30.2468088
60.0142134,30.432491
60.0146817,30.4323211
60.0557634,30.3595755
60.0582293,30.347427
59.9981464,30.2339895
59.9534755,30.3497445
60.0182967,30.2550469
60.0719573,30.2479691
60.0366962,30.4322814
59.954133,30.2860704
59.9627498,30.3302793
59.9732784,30.4139278
59.9736285,30.4143037
59.9896742,30.1820894
59.9851609,30.2297628
60.0226675,30.431477
59.9504288,30.2170651
59.9505466,30.2171331
59.9897608,30.1895008
59.9858217,30.3490531
59.9927937,30.2050419
60.0248932,30.3018451
60.0287648,30.3163913
60.1062239,30.2447666
59.9541175,30.3011668
59.9986093,30.2703992
59.9992417,30.2696404
59.9898209,30.3476211
59.9634203,30.3274334
60.0945467,30.1988768
60.0947159,30.198952
59.9935148,30.1922768
59.9717169,30.3970659
60.0554329,30.1145827
60.0557663,30.1154713
60.0557471,30.1184248
59.9712527,30.3024295
60.0207698,30.4647344
59.9877478,30.2839021
59.9657567,30.3376475
59.9581586,30.3406855
60.0509741,30.1482532
60.0510171,30.1485254
60.0461485,30.2461041
60.0588667,30.1437703
60.0578018,30.1342699
60.0578734,30.1296541
60.0582106,30.1346784
60.0585152,30.1344489
60.0586312,30.1336044
60.0719027,30.2446243
60.0719057,30.2485922
60.0315996,30.3511981
60.0317267,30.3511645
59.9596825,30.3103337
59.9892693,30.4309847
59.9912356,30.4350842
59.9913028,30.4347297
59.9914018,30.4351587
59.9914561,30.4348502
59.9920464,30.4336564
59.9921879,30.4306844
59.9923305,30.4308393
59.992753,30.4344205
59.9928365,30.4280845
59.9945112,30.4365476
60.0789323,30.2668429
60.0873928,30.2610936
60.058651,30.3063064
60.0587191,30.3062572
60.105882,30.2469254
59.9549019,30.3746421
59.9562373,30.3733675
59.9569424,30.372688
60.0045193,30.3308793
60.0278492,30.2838171
59.94887,30.3411698
59.9494875,30.3462514
59.9495514,30.3469616
59.9499636,30.3526022
59.9500348,30.3528965
59.9496699,30.3596142
59.9496762,30.3593252
59.9497524,30.3594839
59.9501724,30.3680247
59.9686074,30.3373954
59.9800944,30.4212655
59.9801614,30.4209938
59.9801984,30.4213759
59.9802614,30.4211027
60.0719841,30.2490789
59.9550501,30.357013
59.996077,30.380476
59.9961906,30.3805891
60.0536835,30.3830874
60.0537983,30.3823778
59.9590398,30.2714263
60.0155043,30.2780887
60.015565,30.2776261
60.0537146,30.3302309
59.9812168,30.3766708
59.9813109,30.3768012
59.9530276,30.4543532
59.9532209,30.4543572
60.0324278,30.1189203
60.0678213,30.3351017
60.0759011,30.3418847
60.0759408,30.3416878
60.0760248,30.3417566
59.9905927,30.4320975
60.0408103,30.2408059
59.9580926,30.2381222
59.9603623,30.2329193
59.9607553,30.2316355
59.9614324,30.2298214
59.9617419,30.2293028
59.962044,30.2254393
60.0603163,30.249465
60.0604495,30.2498669
60.0604113,30.2494422
60.0612595,30.2521047
59.9565663,30.3557087
59.9501178,30.3489596
59.9501311,30.3491784
59.9966301,30.2442792
59.9968138,30.2439537
59.9500325,30.2478655
60.003124,30.3280669
59.970847,30.2685688
59.9708562,30.2683524
59.9709388,30.2683581
60.0206177,30.464075
59.9581135,30.339091
59.957997,30.33915
59.9685523,30.337763
59.990549,30.190301
59.9888985,30.2236025
59.9626634,30.4380245
59.9581185,30.4643992
59.9581815,30.4646355
60.0232127,30.2813061
60.0236365,30.2797148
59.9653766,30.3122712
60.0718875,30.2440141
60.0987909,30.2285968
59.9487249,30.2804571
59.9487674,30.2803575
59.9487954,30.2805527
60.0028237,30.2323409
60.0028486,30.2329278
60.0314982,30.3491253
60.0316229,30.3490997
60.0319308,30.357976
60.0320627,30.3579538
60.0387547,30.2337011
60.0386522,30.2333426
59.9476318,30.2843588
59.9482143,30.2826632
59.948129,30.2841971
59.9590734,30.4071351
59.9593496,30.4070699
59.9593154,30.4072629
59.9589091,30.4081092
59.9589719,30.4073941
59.959015,30.4080633
59.9590248,30.4109649
59.9591258,30.4109344
59.9592227,30.4154906
59.9592325,30.4157188
59.9593271,30.4154966
59.9593351,30.4157252
59.9606095,30.4521323
59.9606685,30.4521143
59.9620784,30.460303
59.9621596,30.4602194
60.0063405,30.3546426
60.0064048,30.3548547
60.021828,30.3294367
60.0222297,30.3287555
60.0222711,30.3288623
60.025639,30.3246849
60.02952,30.3202675
59.9913145,30.4328654
59.9756358,30.3452618
59.9756758,30.3454437
60.0279223,30.2360142
60.0277123,30.2362599
60.1063763,30.2466422
60.1073923,30.2484877
59.9574148,30.4043956
60.0881079,30.363567
60.0882204,30.3633719
60.0218713,30.3295382
59.9684628,30.33719
60.0024464,30.3185579
60.0026725,30.3184683
60.0677882,30.3352642
59.9949831,30.2532915
59.9954544,30.2535044
59.9905391,30.2533084
60.0664211,30.1391569
60.0688557,30.1373091
60.0561416,30.1183561
60.0759857,30.3419503
60.0038306,30.3283305
60.0676857,30.3350755
59.9619103,30.2538193
59.9619803,30.2538623
59.9593131,30.2696991
59.9603847,30.2710069
59.9612733,30.2720806
59.961292,30.2721159
59.961324,30.2719834
59.9542434,30.2862859
59.9623377,30.2536207
59.9624298,30.2531581
59.9663262,30.2813439
59.9584876,30.2875811
59.9585342,30.2876516
59.961473,30.280205
59.9615043,30.2803113
59.9631447,30.2765456
59.9632015,30.2764397
59.964208,30.2745234
59.9642836,30.2745459
59.9530906,30.2663282
59.9532098,30.2667214
59.9539745,30.2661245
59.9604624,30.2708155
60.0476644,30.4054946
59.9486094,30.2687026
59.9486621,30.2688037
59.9518045,30.2652956
59.9519713,30.2651091
59.9527444,30.2631115
59.9549736,30.2426943
59.955093,30.2427326
60.0038621,30.4341085
60.0371607,30.4497554
60.0073226,30.4878163
60.0122064,30.4791937
59.9614462,30.3063807
60.1055781,30.2473675
59.9671114,30.3319452
59.9675512,30.3321326
59.9540081,30.34991
59.9524324,30.2656153
59.9523198,30.2659004
59.9540074,30.2660221
59.9682654,30.3375718
59.9551423,30.2403425
59.9550032,30.2403361
59.9933844,30.4268762
59.9904623,30.1655144
59.9903923,30.1665259
59.9665078,30.3312924
59.9664302,30.3312199
59.9683583,30.3372537
59.9579548,30.33513
59.9578464,30.3351689
59.9579424,30.334989
59.967243,30.3326573
59.9675856,30.3326637
59.9676941,30.3326089
59.9675618,30.3325047
59.9676718,30.3324642
59.9582483,30.3348719
59.972514,30.3285981
59.9725395,30.3287364
60.0065582,30.3912698
60.0215789,30.4065359
60.0216731,30.4061376
59.9570791,30.4938302
59.9618227,30.4887305
59.9618537,30.488841
59.9620007,30.4885362
59.9619872,30.4887035
59.9462657,30.2716299
59.9462261,30.2715071
60.0298795,30.2441269
60.0297708,30.2437642
59.9903045,30.166831
59.985964,30.352033
59.985978,30.3521831
59.9785888,30.3550116
59.9786635,30.3550508
59.9786521,30.3549162
59.9864746,30.3575594
59.9864921,30.3577328
59.9776521,30.3676023
59.9776304,30.3674381
59.9703539,30.385048
59.9698564,30.3858295
59.9612666,30.4080928
59.9629775,30.408821
59.9630432,30.4085799
59.9631208,30.4086122
59.9630624,30.4088692
59.96718,30.3936253
59.9671227,30.3935673
59.9672315,30.3931528
59.9672895,30.3932087
60.0579509,30.3390142
60.0822595,30.3584908
60.0739345,30.3515792
60.0740156,30.3516452
60.113522,30.2402158
60.0721179,30.284921
60.0720913,30.2847767
60.0674244,30.2975057
60.0673356,30.2973691
59.9656279,30.3128774
59.9993522,30.2549992
59.9952534,30.2554588
59.9872435,30.256312
59.9496603,30.3081412
59.9554098,30.2424511
59.9844827,30.3353021
59.9992071,30.2699124
59.9727439,30.2691702
59.9727302,30.2692349
59.9479199,30.3368605
59.9831501,30.3056225
59.9578364,30.3350403
60.098555,30.2287591
59.960732,30.2711357
59.9595318,30.2688718
59.9595184,30.2689814
59.9607207,30.2713643
59.9593671,30.2699175
59.9593932,30.2697909
59.9594658,30.2688423
59.95411,30.2661857
59.9524094,30.2655872
59.9518537,30.2649915
59.9459144,30.2877599
60.0134686,30.2770322
60.0135288,30.2765738
59.9886504,30.2028718
59.9854383,30.2276621
59.9856765,30.2277405
59.9915778,30.2184572
60.029455,30.1317077
60.0465953,30.2457429
60.0467009,30.2461171
60.0480655,30.2428114
60.0481742,30.2327074
60.0481218,30.232769
60.1065257,30.2463201
60.0481172,30.2428617
60.0473125,30.4047288
60.0471353,30.4045887
60.0470536,30.4049959
60.0654902,30.3185989
60.0653548,30.3184359
59.9931289,30.1920562
59.9955531,30.2534197
59.9954761,30.2532943
60.0344473,30.3214709
60.0066099,30.391171
60.0065507,30.3911151
60.0167444,30.4320426
60.0167863,30.432946
60.0570954,30.3144786
60.057114,30.3144147
60.0648747,30.3208114
60.0649013,30.3206797
60.0514558,30.3162064
60.0514731,30.3163255
60.0570108,30.3144112
60.0570305,30.3143407
60.0445947,30.320353
60.0445735,30.3202089
60.0477711,30.3184915
60.0477534,30.3183643
60.0512074,30.3164774
60.0511915,30.316368
60.0127959,30.2685161
60.0128115,30.2683969
60.0130126,30.268501
60.0129966,30.2686204
60.0073429,30.265556
60.0181513,30.2711821
60.0073272,30.2656753
60.0739556,30.3517384
60.0174141,30.4708683
59.9523176,30.2645501
59.9756354,30.3244373
60.0364472,30.2256664
60.0365202,30.225888
60.0828635,30.3415108
60.0828454,30.3413485
60.0829956,30.3550443
60.0822004,30.3582779
60.0823011,30.3583469
59.987278,30.215462
59.9870375,30.2153372
59.9872934,30.2153429
59.9870507,30.2152177
59.9913003,30.2174173
59.9917156,30.2182084
59.9917333,30.218558
59.9912853,30.2175419
59.9541427,30.4605875
59.9541138,30.4604788
59.990167,30.1678024
60.0363465,30.2257961
60.036411,30.2260161
60.0250595,30.3015366
60.0248291,30.3012486
60.0319763,30.3010731
60.0319842,30.3011817
60.0248445,30.301384
60.0569803,30.1302942
60.0094112,30.2955413
60.0093407,30.295565
60.013634,30.2637785
59.9664241,30.2814608
59.9664967,30.2816975
59.9664873,30.2815362
59.9665683,30.2817422
59.9665633,30.2816033
59.9665313,30.2812238
59.9665962,30.2813683
59.966389,30.281684
59.9710032,30.2845439
59.9710359,30.2844385
59.9756453,30.298995
59.9757344,30.2989519
59.9651524,30.4689353
59.9629963,30.4652546
59.9630894,30.4653563
59.9622077,30.4604676
59.9621283,30.4605556
59.9652136,30.4688738
59.9652043,30.4690024
59.9630588,30.4655927
59.9705545,30.3408277
59.9747165,30.3391526
59.9747331,30.3392942
59.9795311,30.3373536
59.9794832,30.3372331
59.9843142,30.3353705
59.9843031,30.3352912
59.969109,30.3416732
59.9690913,30.3415411
60.0364736,30.4214716
60.0126672,30.4803193
59.9662856,30.337541
60.0070147,30.4850689
59.9529041,30.4482569
59.9530833,30.4482531
60.0041006,30.2311673
59.9676657,30.3089252
60.0165364,30.3678513
60.0102915,30.369274
60.0102494,30.369268
60.1137565,30.2397701
60.0071294,30.369918
59.9939421,30.3591532
59.9960374,30.3635199
59.9905736,30.3476303
59.9897157,30.3466822
59.9897716,30.3473285
59.9898223,30.3470126
59.9898567,30.3472162
60.0158505,30.2258575
60.0159681,30.2262399
60.0239165,30.2130216
60.0240716,30.2132695
59.9883427,30.3337999
59.9889985,30.3402015
59.9890369,30.3405639
59.9904405,30.3329468
59.9904391,30.3328036
59.9948166,30.331018
59.9980765,30.3296955
59.9981335,30.3296686
60.0030966,30.3275582
60.0037375,30.3273641
60.0037819,30.3273585
59.9970564,30.3302813
60.0031181,30.3277935
60.0037963,30.3275691
59.9980913,30.3298793
59.9981562,30.3298642
59.9948529,30.3305981
60.007164,30.3697019
59.994888,30.330992
59.9949054,30.3311633
60.0817257,30.3608344
60.0821704,30.3584162
59.9961233,30.3633101
60.003068,30.3278182
60.0030218,30.3275927
59.9883402,30.3336726
59.9884003,30.333637
60.0189124,30.2135467
60.0203204,30.215895
60.0221712,30.2196978
60.0201745,30.2167189
60.0214591,30.2210328
60.0071648,30.3260963
60.018512,30.3215333
60.0208529,30.3205809
59.9549664,30.2428872
59.9702675,30.3488598
59.9698754,30.3489099
59.9701828,30.3485791
59.9951425,30.3308964
60.0656787,30.3449614
60.0102782,30.3690794
60.0461249,30.2463893
60.0462178,30.2462811
60.0828896,30.3549615
59.946945,30.3324553
59.947714,30.335902
59.9602824,30.3452944
59.9865954,30.2310864
59.9879687,30.2315518
59.997901,30.3314648
60.0039797,30.2353272
60.0039676,30.2354176
60.0035661,30.2352236
60.0035525,30.2353166
60.0053042,30.2357121
60.0028343,30.2350855
60.1068676,30.2460102
60.1068225,30.2460522
60.1065968,30.2455812
59.9594164,30.2339337
59.9606221,30.2303879
59.9588147,30.2351657
60.1135657,30.2394589
60.1135606,30.2399549
60.1134942,30.2400161
60.0604797,30.2496319
59.9500413,30.2477073
59.970677,30.2752659
59.9706026,30.2752376
59.9736131,30.265496
59.9713763,30.2756007
59.9727977,30.269231
59.9746888,30.2598891
59.9747413,30.2598689
59.9672951,30.3318555
59.9705856,30.340928
59.9715859,30.3479229
59.9715241,30.3479443
59.970541,30.3409573
59.953059,30.4371518
59.9530641,30.4369022
59.9534162,30.4151535
59.961028,30.2596726
59.9609745,30.2596361
60.0385416,30.2334678
59.9488989,30.3679624
59.9488338,30.367956
59.9500672,30.3679472
59.9500846,30.3680709
59.9578041,30.2991036
59.9570479,30.3008121
59.9569798,30.3009697
59.9568926,30.3009943
59.956939,30.3008482
59.9570008,30.3007217
59.9577527,30.2990236
59.9553745,30.3064667
59.9553207,30.2919335
59.9552859,30.2920266
59.9531632,30.2886863
59.9531171,30.2887921
59.999723,30.2219159
59.9995029,30.2218031
59.9995215,30.2216549
59.9997418,30.2217694
60.0050913,30.224503
60.0052424,30.2245812
60.0050666,30.224693
60.0052179,30.2247712
60.006542,30.2254158
60.0064397,30.2252302
60.0064236,30.2253543
60.0065569,30.22529
60.0066968,30.2253608
60.0066801,30.2254869
60.007063,30.2256844
60.0073344,30.2258237
60.0073548,30.2256671
60.0070795,30.2255545
60.0468642,30.245885
60.0472977,30.2457006
60.0070761,30.4850601
59.9838364,30.267558
59.9852223,30.2873474
59.9853338,30.2872937
59.985043,30.2848412
59.9851502,30.2848025
59.9859114,30.2953588
59.9858007,30.2953905
59.9837483,30.2675474
59.9891139,30.3403441
59.9757299,30.3246287
60.0164328,30.3678728
60.0164786,30.3676347
60.0176308,30.3742364
60.0175169,30.3742493
60.0155517,30.385581
60.0156556,30.3856565
60.0131328,30.397741
60.0130422,30.3976552
60.013018,30.3977629
60.0131082,30.3978497
60.0104209,30.4085228
60.010981,30.4058492
60.0103291,30.4084276
60.038644,30.2338259
59.9555165,30.2357653
59.9553615,30.2356787
59.9572457,30.3555648
59.9571759,30.3560538
60.0103746,30.2022163
59.9523778,30.2901578
59.9493905,30.3007179
59.9493298,30.3047777
59.9494156,30.3069029
59.9506327,30.296018
59.9494126,30.3014861
59.9493216,30.3013052
59.949179,30.3012991
60.0738793,30.1788279
59.9706843,30.3865709
59.9835956,30.4225615
59.9523074,30.2903112
59.9566382,30.3202936
59.9565232,30.3200688
59.977529,30.5481098
60.0354941,30.2470808
60.0355784,30.2473361
60.033135,30.25021
60.0330585,30.2499306
59.9558298,30.3512876
59.9558573,30.3511299
60.0306716,30.3294957
60.0306769,30.3296085
60.0305405,30.3295131
60.0257116,30.3247741
60.0305462,30.32963
60.0256451,30.3248504
60.0348609,30.3287703
60.0348549,30.328646
60.0349128,30.3287016
60.0345431,30.3221043
60.0355989,30.3434837
60.0355444,30.3434667
59.9685005,30.4267661
59.9685214,30.4269259
59.9684293,30.426899
60.1062657,30.2473833
60.1064086,30.24742
60.1059313,30.2470563
59.9516782,30.2460762
59.969929,30.3858577
59.9698203,30.3860538
59.9741135,30.3897174
59.9740909,30.3898392
59.9775811,30.3928728
59.9775634,30.3930275
59.9939058,30.3594494
59.9939347,30.3595155
59.9515237,30.3990742
59.9516547,30.3989509
59.9486055,30.3904603
59.9517314,30.2461272
59.9527745,30.2628314
59.9527144,30.263033
59.9516718,30.2461871
59.9645723,30.4189623
59.9645132,30.4188411
59.9645781,30.4187108
59.9646378,30.418833
59.9596113,30.4223925
59.9596186,30.422569
59.9616152,30.4128303
59.9616663,30.4127333
59.9595199,30.4223848
59.9595272,30.4225608
59.9534139,30.422008
59.9534168,30.4218621
59.9599792,30.4313693
59.9599738,30.4312416
59.9715331,30.3976845
59.9715913,30.3977368
59.9716939,30.3972812
59.971638,30.3972285
59.9542124,30.4829741
59.954265,30.4829194
59.9570792,30.4936908
59.9570161,30.4937568
59.9541091,30.4825765
59.9541613,30.4825225
59.9512351,30.4715363
59.9512972,30.4714719
59.9512964,30.4717723
59.9513592,30.4717059
59.9534683,30.4974562
59.9506672,30.4866606
59.9505614,30.4862446
59.9527625,30.2624414
59.9528794,30.2624784
59.954062,30.3068365
59.953168,30.4564204
59.9533478,30.4564124
60.0471192,30.3015169
60.0473302,30.301292
59.953755,30.3250106
59.9573492,30.3324273
59.9834383,30.4245237
59.9832668,30.424339
59.9790636,30.3235612
60.0382285,30.4480551
60.0086796,30.2263447
60.0082544,30.2001428
60.0102584,30.2026073
60.0101301,30.201921
60.0101426,30.2021346
60.0221307,30.2220875
60.0220496,30.2216863
60.0224428,30.2214134
60.0222287,30.2218867
60.0219664,30.2224915
60.0222702,30.2219451
60.0224743,30.2215539
59.9707447,30.3858067
59.9872108,30.2782981
59.9869337,30.2750963
59.987101,30.2679269
59.9869808,30.2706385
59.9870117,30.2699401
60.0005177,30.3479203
60.0006171,30.3479769
60.0124175,30.4298284
60.01251,30.4298833
60.0066829,30.422897
60.0067758,30.4230074
60.0422451,30.3864465
60.0422782,30.3862884
60.0335335,30.3792054
60.033507,30.3793344
60.0424647,30.3864437
60.0424332,30.386598
60.0502423,30.392783
59.9480738,30.1964153
59.9735459,30.2654377
59.9908176,30.2436682
59.9908218,30.2435335
59.9660184,30.3372546
59.9840687,30.2918391
59.9835564,30.2485899
60.0039624,30.4342057
59.977424,30.320352
59.9772231,30.3204092
59.9579059,30.3346269
59.9903901,30.4833318
60.0407283,30.2409033
60.0187548,30.2797459
60.0181615,30.2723368
60.0408498,30.2411487
59.9581546,30.3443775
59.9599274,30.3454771
59.9591486,30.3454498
59.9592399,30.3453266
59.9580702,30.3527089
59.9580387,30.3528837
59.9581393,30.3529685
59.9581722,30.352786
59.9580834,30.3446943
59.9580381,30.3443656
59.9589572,30.3454553
59.9591019,30.3456739
59.9582516,30.3447023
59.9590717,30.3452763
59.9593104,30.3464773
59.9662694,30.2940782
59.9664189,30.2997215
59.9667041,30.3001472
59.9671596,30.3008184
59.966389,30.2995007
59.9671871,30.3053447
59.9663342,30.2995153
59.9664989,30.3003616
59.9632423,30.3016476
59.966329,30.293924
59.9649099,30.2972877
59.966271,30.293896
59.9610828,30.3073931
59.9610429,30.3073303
59.9471725,30.231287
59.9472251,30.2309146
59.9471628,30.2308832
59.9492783,30.2163976
59.9493388,30.2164323
59.9469557,30.2071803
59.946962,30.2070439
59.9606608,30.2301413
59.9606061,30.2301063
59.9533911,30.2110611
59.9907552,30.2436202
59.9907572,30.2435294
59.9939173,30.2188716
59.9939693,30.2189729
59.9939885,30.2188234
59.9650861,30.3674469
59.9651019,30.3675838
60.0195355,30.256294
59.9845191,30.4273572
59.984545,30.4272014
59.9871432,30.4300825
59.9872135,30.4300749
59.9871734,30.4299476
59.9976924,30.3265069
59.9969957,30.3241948
59.977688,30.3454991
59.9776358,30.345522
59.9776288,30.3453389
60.0401213,30.3009702
60.0400011,30.3008361
59.9696224,30.304437
59.9696266,30.3042579
59.9612354,30.4078757
59.9613588,30.4079224
59.8675346,29.8561561
59.8692573,29.8484821
59.8737236,29.8616577
59.8749529,29.856743
59.8715779,29.8182527
59.8706727,29.8222819
59.828879,30.0720036
59.8340836,30.0916445
59.8334589,30.0923
59.829329,30.0861926
59.8252398,30.0822789
59.7284964,30.0835644
59.8664299,29.9226196
59.894772,29.794023
59.89553,29.7934893
59.8986146,29.7837626
59.9075659,29.7737915
59.9105236,29.7663607
59.9103723,29.7698911
59.9098083,29.7755149
59.9153108,29.7709151
59.9175692,29.7694678
59.8256852,30.0809926
59.8416685,30.0357213
59.8612634,29.9552305
59.87069,29.8999026
59.8771085,29.8599021
59.8733065,29.8543734
59.8797451,29.8255775
59.9084515,29.7817992
59.9076347,29.7854889
59.9264331,29.6701884
59.9274995,29.6572697
59.870623,29.8247889
59.8704868,29.8390853
59.8698878,29.8257125
59.8694851,29.8240741
59.8706213,29.8255552
59.8697662,29.8251769
59.8699338,29.8242291
59.8691521,29.8483768
59.8703687,29.8390669
59.8706067,29.8331883
59.9084953,29.7695721
59.8948421,29.7947769
59.8945922,29.7962116
59.9023236,29.817441
59.9107666,29.7611992
59.9110577,29.7624137
59.7770205,30.0843482
59.9076845,29.759427
59.9067917,29.7656638
59.9261962,29.680269
59.9143168,29.764372
59.9142965,29.7651854
59.9144168,29.7655962
59.9062801,29.7692027
59.9060761,29.7691166
59.9059086,29.7723417
59.9077688,29.7737767
59.907687,29.7741472
59.8944715,29.7940094
59.8941371,29.7939043
59.9154556,29.7683338
59.9142377,29.767073
59.909735,29.7758575
59.9263924,29.6667378
59.9239388,29.6672076
59.9231004,29.6676959
59.9215676,29.6650059
59.9204385,29.6646835
59.9231147,29.666109
59.9239216,29.667433
59.9265437,29.6656472
59.8160013,30.0803038
59.816502,30.061486
59.8159178,30.0746205
59.8163849,30.0735942
59.8162403,30.0762325
59.815802,30.0767139
59.8711295,29.8972311
59.870382,29.8994869
59.9017797,29.8186679
59.8674287,29.8560586
59.8656006,29.8642141
59.8707244,29.8332097
59.8640195,29.9226645
59.8398029,29.9965398
59.866547,29.8605633
59.8664399,29.8604671
59.8395531,29.9973869
59.8451895,30.0063415
59.9110263,29.7611803
59.9109531,29.7616522
59.9111781,29.7616088
59.8942945,29.7945938
59.8999989,29.7768329
59.8992829,29.7801307
59.8994247,29.7802584
59.9001679,29.7769866
59.8943607,29.7949317
59.8947085,29.7950606
59.9110048,29.7611956
59.9109433,29.7616239
59.8700443,29.8444771
59.8699303,29.8444073
59.8626453,29.796042
59.8599918,29.8005903
59.9186542,29.6629609
59.8713845,29.7653404
59.8693831,29.7613182
59.8161386,30.070368
59.8165966,30.069408
59.8190573,30.0743672
59.8150214,30.0913743
59.9262083,29.6794232
59.926805,29.6624552
59.9229639,29.6681501
59.8634748,29.8105253
59.8598698,29.8012501
59.8622907,29.8075428
59.8600396,29.8023528
59.8591531,29.8003151
59.8621685,29.7974525
59.8599122,29.8024785
59.8590075,29.8003782
59.8336432,30.09216
59.8290785,30.0714244
59.8292366,30.0719189
59.9139753,29.7807653
59.8335336,30.0918986
59.8701313,29.8240969
59.9129422,29.7833596
59.9142971,29.7654912
59.8988381,29.7828357
59.898722,29.7828502
59.87164,29.7653542
59.7296893,30.0947715
59.7306638,30.0695749
59.7177288,30.0804569
59.7330521,30.0878698
59.7980278,30.1067382
59.8337781,30.0914728
59.913197,29.7829195
59.872341,29.9619568
59.8724012,29.9619936
59.8779779,29.9231739
59.8780364,29.9232045
59.8516156,30.066618
59.851682,30.0666063
59.8526637,30.0372517
59.85273,30.0372809
59.8527923,30.0904612
59.8528848,30.0903604
59.8178603,30.0747385
59.818376,30.074477
59.875787,29.7194689
59.8717374,29.8520864
59.87182,29.8522104
59.872298,29.8497231
59.8723343,29.8498671
59.878072,29.8240163
59.8781267,29.8240664
59.8950949,29.7738434
59.8958855,29.774709
59.8959125,29.7745918
59.89671,29.775463
59.8972035,29.7759111
59.8972629,29.7758234
59.8986766,29.7772635
59.8987043,29.7771408
59.8996657,29.7781751
59.8996938,29.7780354
59.8998752,29.778368
59.8999028,29.7782334
59.9014693,29.7798202
59.9014989,29.7796946
59.9016779,29.780003
59.9017072,29.7798855
59.9077145,29.7851438
59.9129242,29.784098
59.9017036,29.7696762
59.9018322,29.769756
59.9155399,29.7668306
59.818074,30.1025034
59.8715527,29.8183683
59.8780453,29.8241323
59.8780999,29.8241824
59.7164041,30.0444034
59.9056451,29.7720727
59.9277807,29.6554895
59.8829186,29.8895637
59.8635485,29.9224983
59.8657111,29.8643108
59.8890228,29.8772328
59.7157787,30.0416214
59.8665742,29.8172984
59.8153943,30.0753361
59.8154796,30.0751446
59.8167374,30.0750317
59.816969,30.0748073
59.7241898,30.0794272
59.7239527,30.0780745
59.8338274,30.0918943
59.8407479,30.0912702
59.7240361,30.0801419
59.7240424,30.0799326
59.72428,30.079314
59.7248761,30.0804151
59.8967384,29.7753477
59.7586178,30.1103705
59.9024142,29.8173583
59.8950684,29.7739546
59.7508109,30.1047085
59.8847409,29.8855144
59.893783,29.7726129
59.8941082,29.7729186
59.8406299,30.0912816
59.7545287,30.1061673
59.8832393,29.8886437
59.7201689,30.0516179
59.7200572,30.05034
59.7298899,30.0568283
59.7300158,30.0571183
59.8405552,30.0916778
59.8404094,30.0913028
59.8940606,29.7723469
59.8939605,29.772786
59.8939239,29.772938
59.7184723,30.0536115
59.7182654,30.052673
59.7186718,30.0530064
59.7172011,30.0479711
59.7176072,30.0476744
59.7308373,30.0575259
59.7308325,30.057736
59.7301635,30.0515827
59.7305175,30.0638786
59.8433363,30.0309818
59.8394117,30.0913252
59.9023692,29.817543
59.9132834,29.7828556
59.9132647,29.7829183
59.9131293,29.7833464
59.9133675,29.7827933
59.9133213,29.782728
59.913271,29.7830874
59.8425574,30.0911221
59.8407652,30.0911611
59.8406498,30.0911776
59.882857,29.8895376
59.8828472,29.8895818
59.8712244,29.8973308
60.0012168,29.7626477
59.9896116,29.760257
59.9934043,29.7779641
60.1223883,29.9770507
60.137889,29.9888703
60.1396596,29.9889919
60.1415976,29.986308
60.1462497,29.981128
60.150433,29.9798004
60.1515758,29.9752663
60.1522169,29.9701851
60.228314,29.6781078
60.2154869,29.7324779
60.1866829,29.7966469
60.1861493,29.7984741
60.1831027,29.8147799
60.1397503,29.9881788
60.1311288,29.9850071
60.1328141,29.9862602
60.1329451,29.9875828
60.132419,29.9877284
60.058638,29.9755446
60.0392063,29.9767523
60.0279071,29.998942
60.104008,29.9766976
60.1986416,29.5495692
60.0587269,29.9763908
60.0665768,29.9755003
60.0786354,29.9734539
60.093722,29.9773294
60.2194535,29.4943783
60.1665256,29.8655477
60.1924448,29.6790815
60.1349837,29.985309
60.1326608,29.9888636
60.0384923,29.9766511
60.0409156,29.9757086
60.0121527,30.0131875
60.0384976,29.9685953
60.0370298,29.9773175
60.0146206,29.7198398
60.0008327,29.7694246
59.9980318,29.7598002
59.9959992,29.7800324
59.993327,29.7890175
59.9929994,29.7901189
60.145102,30.0063545
60.172099,29.8700743
60.0851253,29.9565292
60.0328317,29.9851334
60.0394404,29.9988607
60.1600115,29.9329474
60.1404228,29.9883569
60.1405888,29.9890116
60.0395908,29.9988023
60.0388418,29.9726964
60.0395058,29.9803499
60.0765824,29.9714787
60.0784751,29.9710396
59.9989744,29.7606045
59.999956,29.7615106
60.1925899,29.6815046
60.0852068,29.955888
60.0394265,29.9762912
60.088087,29.9658536
60.1225646,29.9767065
59.9908552,29.7883565
60.1407165,29.9880384
60.0938966,29.9768683
60.0927915,29.9763977
60.092926,29.9758875
60.1199559,29.9721982
60.1200308,29.9720449
60.1247402,29.9805335
60.1250806,29.979194
60.1307221,29.9870661
60.1526897,29.9686854
60.0849663,29.9564837
60.0853758,29.9561604
60.0104904,30.0223144
60.0136134,30.0104333
60.0150307,30.0112346
60.0376933,29.9773662
60.0383356,29.9689291
60.0025696,30.0699277
60.1569906,29.9740878
60.1633751,29.874592
60.1483197,29.9355325
60.1570305,29.9472446
60.157386,29.9464649
60.1572115,29.9463318
60.0586611,29.9757385
60.1690131,29.9709715
59.9924483,29.7550264
60.0278439,29.9988475
60.1862809,29.7985871
60.0124702,29.7224956
60.017036,29.7241159
60.1593525,29.9353829
60.159526,29.9355144
60.1992832,29.5478628
60.1987513,29.5476877
60.1985644,29.5478764
60.1985564,29.5472758
60.1058833,29.9541933
60.1986891,29.5525667
60.2153035,29.7327862
60.2144675,29.7318213
60.0386353,29.9724879
60.0407029,29.9757923
60.021077,30.0095142
60.0927992,29.9569236
60.2306431,29.6928326
60.011391,29.7160016
59.9934258,29.7886842
60.0391848,29.9996758
60.0390935,29.998413
60.0388367,29.9972717
60.0385946,29.9980022
60.0389111,29.9985698
60.0105367,30.0214642
60.0329756,29.9854257
60.0934756,29.9651319
60.0547628,29.9990267
60.1987972,29.5486744
60.1986059,29.5485918
60.0226779,29.9939515
60.0154504,30.024145
60.1991464,29.5531031
60.1983808,29.5538893
60.1987042,29.553546
60.0224316,29.6904967
60.0241199,29.819451
60.024155,29.8160462
60.02424,29.8150483
60.0250426,29.8238726
60.0251542,29.820871
60.0266491,29.8465833
60.0267232,29.8436177
60.0268655,29.8435956
60.0276786,29.8483881
60.1717446,29.8719237
60.1487136,29.9952703
60.1493566,29.9738978
60.1494695,29.9835605
60.1306659,30.063217
60.1321329,30.0614934
60.1318877,30.0623933
60.1327694,30.0647547
60.1351742,30.0579903
60.172148,29.9810274
60.0108319,30.018624
60.0164545,29.9957128
60.1457023,29.9817007
60.1405094,29.9874765
60.0372258,29.9818617
60.01235,29.7223647
60.0765604,29.9710878
59.9911219,29.7872676
59.9915058,29.7870769
60.1923819,29.701425
60.0400109,29.9774959
60.1929707,29.6806326
60.2277362,29.613903
60.156704,29.9488917
60.1568705,29.949012
60.1712063,29.8755361
60.1588066,29.9382109
60.1589784,29.93835
60.0879927,29.9658866
60.1040673,29.9769055
60.0667939,29.9726529
60.2287839,29.6245656
60.23756,29.6956966
60.0068191,30.0383527
60.0071499,30.0385788
60.0152118,30.0103446
60.2028338,29.7067233
60.015398,30.0103883
60.1835304,29.8113278
60.1837004,29.8114809
60.1844663,29.8066584
60.1845895,29.806889
60.1851263,29.8033923
60.1852515,29.8036056
60.1855289,29.8014507
60.1856501,29.8016304
60.1715819,29.8727766
60.1717458,29.8728845
60.1723401,29.8689501
60.1724889,29.869132
60.165376,29.9053692
60.165794,29.9021362
60.1659681,29.9023214
60.1665303,29.8983764
60.1667083,29.8985009
60.1672704,29.8956368
60.2029607,29.7052108
60.1506071,29.9741769
60.1328767,29.9918071
60.1608603,29.9421763
60.1466135,29.9811064
60.157573,29.9738861
60.0925339,29.9559418
60.0925791,29.9561091
60.0362475,29.9779112
60.1750551,29.8543483
60.1753897,29.8546526
60.1756648,29.8513271
60.1759983,29.8515303
60.1772874,29.8489121
60.1787425,29.8374579
60.168186,29.9668452
60.093293,29.9643542
60.0173595,30.0108407
60.1681426,29.9716232
60.1575922,29.9740757
60.1681621,29.9673149
60.1683212,29.9672526
60.1684329,29.9675895
60.1690921,29.9711681
60.1703623,29.9738656
60.1705703,29.9746087
59.9953496,29.7477948
60.168174,29.9718105
60.1309938,29.9873582
60.1355717,30.0564271
60.1367187,30.0511251
60.1371541,30.0468963
60.1363957,30.0508785
60.1355705,30.0555622
60.0277041,29.8525076
60.0244837,29.8195611
60.0272486,29.8492386
60.0931458,29.9654754
60.093625,29.9656928
60.0398945,29.9746929
60.0395393,29.9705121
60.0375964,29.9754651
60.0376185,29.9711984
60.0149075,30.0102395
60.2020131,29.716762
60.1683033,29.9671987
60.2150449,29.7334655
60.2149908,29.7332759
59.9987331,29.7676512
59.9987113,29.767757
59.997703,29.7667874
59.9976827,29.766893
59.9967119,29.7659562
59.9966912,29.7660602
59.9959627,29.7654484
59.9959816,29.7653445
59.9943854,29.7640058
59.9943642,29.7641059
59.9937838,29.7635012
59.9937652,29.7636029
59.9927151,29.762605
59.9926946,29.7627038
59.9922525,29.762217
59.9922854,29.7623602
59.9923043,29.7622605
59.9922306,29.7623142
59.9911247,29.7612712
59.9912053,29.7614532
59.9912257,29.7613559
59.9911019,29.7613664
59.9906086,29.7608384
59.9905889,29.7609356
60.0167399,30.0109496
59.9954174,29.7472689
60.1704813,29.9743073
60.1703841,29.9745182
60.2029373,29.7067625
60.1682217,29.9674273
60.1702352,29.9744998
60.1927782,29.6803122
60.1924911,29.6801605
60.1924811,29.6799937
60.0138045,29.7184118
60.0132656,29.7207239
60.0007905,29.7695022
60.0040864,29.7524951
60.0038755,29.7529378
60.0037727,29.7524947
60.0039723,29.7525527
60.0040156,29.7523829
59.9954463,29.7471137
60.0035266,29.7543718
60.015033,30.0098873
60.0850296,29.9559441
60.0144056,29.7180725
60.0142674,29.7175906
60.0142883,29.7174094
60.0146875,29.717189
60.0147817,29.717441
60.0145438,29.7180437
60.0145022,29.7156036
60.0162379,29.7222581
60.1557985,29.9543755