y,x
55.7888013,37.3722784
55.7863338,37.3709063
55.7716595,37.369695
55.7688625,37.3696022
55.7633507,37.3694397
55.7868758,37.3707813
55.7734827,37.3694189
55.7681674,37.3692346
55.7656854,37.3725642
55.7653073,37.3704777
55.7648642,37.3685179
55.7635501,37.3683512
55.763294,37.3690823
55.7236919,37.3787983
55.7234846,37.3789628
55.7922076,37.3745736
55.7896785,37.3733016
55.7902855,37.3735387
55.7894879,37.3732992
55.7653763,37.3704997
55.7648885,37.3683436
55.7650018,37.3666803
55.7659392,37.3751317
55.7718059,37.3655581
55.841639,37.3724824
55.8423901,37.3540882
55.8425263,37.3538008
55.8498529,37.3671307
55.846735,37.3604905
55.8466184,37.3607889
55.8409849,37.3514199
55.8402409,37.349034
55.8396592,37.3448673
55.8404793,37.3508974
55.8400481,37.3490646
55.8312742,37.3548415
55.8342938,37.3497683
55.8379577,37.3522135
55.8414878,37.3713934
55.791886,37.3750642
55.7902141,37.3730585
55.7676116,37.3692178
55.6398923,37.372626
55.645468,37.3650193
55.6400323,37.3796523
55.6337597,37.3412888
55.8496975,37.3674363
55.7667574,37.376791
55.7679171,37.3737061
55.7699212,37.3693123
55.7707584,37.3693308
55.7696454,37.3696304
55.7691539,37.3710378
55.7693557,37.3708409
55.770846,37.3676419
55.7707296,37.3677056
55.7711078,37.366893
55.7706883,37.366955
55.7655236,37.3691166
55.7655504,37.3695023
55.7646627,37.3694758
55.7674086,37.3695549
55.7644237,37.3661692
55.788807,37.3769666
55.7942841,37.3769688
55.8420481,37.3713968
55.6340629,37.3416259
55.8499592,37.3678951
55.8560849,37.3553952
55.6340847,37.3432263
55.6340664,37.3426774
55.7306857,37.3773808
55.7331988,37.3757084
55.7353552,37.374596
55.7320952,37.3785771
55.7320254,37.3767004
55.8277929,37.3681425
55.6333944,37.3343572
55.6329861,37.3345615
55.6319092,37.3350693
55.6344258,37.3421385
55.6381736,37.3536393
55.6386255,37.3527881
55.6455114,37.339754
55.6384593,37.3530766
55.6383764,37.3532471
55.6418505,37.3581342
55.6433444,37.3612264
55.6416792,37.3584657
55.7666159,37.3765377
55.7860121,37.3555187
55.7650498,37.3672457
55.8288562,37.3716457
55.6416205,37.3590791
55.6492592,37.3710346
55.6456098,37.3649266
55.7703518,37.3712785
55.7675228,37.3758268
55.7898622,37.372324
55.7897126,37.3721872
55.849953,37.3682206
55.8451036,37.3781152
55.643063,37.3615139
55.6351053,37.3470527
55.6351568,37.3475713
55.8388998,37.3413078
55.7618754,37.3690658
55.7675901,37.3695636
55.6432699,37.3611097
55.6398059,37.3683735
55.822972,37.3618868
55.6932756,37.3827436
55.7693292,37.3681862
55.7672345,37.3753211
55.7629216,37.3683214
55.7866869,37.355147
55.6341004,37.3444393
55.6341503,37.3454654
55.6368415,37.3498962
55.6371058,37.3383323
55.6396246,37.3680143
55.6415788,37.3586542
55.6419699,37.3464092
55.6432513,37.3614527
55.6452296,37.3517585
55.6479029,37.3434779
55.6491763,37.3711871
55.6431707,37.361312
55.8222262,37.3618954
55.6583154,37.3694905
55.7847375,37.3703582
55.6419731,37.3596683
55.6424258,37.3600318
55.7308795,37.3777152
55.7386138,37.3729331
55.7387109,37.3732888
55.6328489,37.3403657
55.6333898,37.3376187
55.6339747,37.3393953
55.8502651,37.3672627
55.7303955,37.3771293
55.6371393,37.3519309
55.8403113,37.3503938
55.8402726,37.3507701
55.7288109,37.3785218
55.6382777,37.3245563
55.839168,37.3413496
55.6858157,37.3548812
55.8390597,37.3409091
55.8344878,37.3493284
55.8407882,37.3516218
55.6536447,37.3456775
55.6537813,37.3458035
55.654272,37.3456836
55.6579541,37.3695366
55.6580194,37.369227
55.6115047,37.3822115
55.6122677,37.3663354
55.6116962,37.3808387
55.6154716,37.3792495
55.6171509,37.3849076
55.6128503,37.3789761
55.7369695,37.3741815
55.6357899,37.3313943
55.6381141,37.3243848
55.6332547,37.3333997
55.632847,37.3336096
55.6331318,37.3355785
55.6335469,37.3353866
55.6139394,37.3734593
55.6102689,37.3869183
55.6444178,37.3293556
55.6385932,37.3536149
55.638265,37.3538005
55.6381626,37.3526059
55.6406134,37.3320685
55.640378,37.3322194
55.6359334,37.3488855
55.6364488,37.3492591
55.6370206,37.3507009
55.6367172,37.3363495
55.8345604,37.3499358
55.6178975,37.3735785
55.6170007,37.3744395
55.636733,37.3505275
55.6357937,37.3498329
55.6328466,37.3413132
55.6328393,37.3403132
55.6330878,37.340335
55.631683,37.3495889
55.6361934,37.3368698
55.6359927,37.337266
55.6365765,37.3373285
55.6364956,37.3366644
55.6350655,37.3486796
55.6321933,37.3480117
55.6342146,37.3387689
55.6401449,37.3811217
55.8250275,37.3641172
55.7863399,37.3550878
55.7862608,37.3554705
55.7861995,37.3551823
55.7863818,37.3554227
55.6402236,37.3324397
55.6360047,37.3357485
55.6380102,37.3347479
55.6157508,37.379564
55.6138362,37.3722922
55.6403096,37.3316643
55.633913,37.3386356
55.6368438,37.3507108
55.6407486,37.3321033
55.6407162,37.3317307
55.6406823,37.3319245
55.6406716,37.3316546
55.8561536,37.3555817
55.856195,37.3554934
55.8497739,37.3682577
55.850113,37.3678934
55.6404838,37.3314784
55.6405217,37.331438
55.640089,37.3319337
55.6407021,37.3312667
55.6405631,37.3317162
55.6404397,37.3313236
55.6437129,37.3295953
55.6437366,37.3297535
55.6397025,37.3323722
55.6409975,37.3323729
55.63847,37.3525533
55.6361854,37.3318148
55.6359139,37.3324755
55.8905505,37.4838629
55.8275043,37.7648216
55.8132647,37.7357472
55.8069755,37.7250039
55.7010034,37.4004987
55.6393435,37.4593428
55.7743705,37.8428135
55.7773438,37.842453
55.7804624,37.842144
55.7221433,37.4442285
55.7240531,37.3991032
55.722978,37.4007218
55.7158818,37.4022497
55.7134447,37.3873405
55.7154111,37.4025376
55.7034286,37.4007631
55.7017578,37.400446
55.7023235,37.4002962
55.702284,37.3996544
55.7032249,37.3983085
55.7034698,37.4006126
55.7230804,37.4062466
55.625907,37.4882208
55.6249503,37.51191
55.8175049,37.7546233
55.7695728,37.5967711
55.7595345,37.624786
55.759523,37.6278676
55.7565781,37.6300747
55.7571629,37.6314869
55.7497492,37.624365
55.7475736,37.6119933
55.8822515,37.5442542
55.887217,37.5433924
55.904693,37.5430821
55.8632228,37.5495765
55.8738526,37.5480305
55.8892942,37.5116685
55.8748715,37.526547
55.8347275,37.5727523
55.7725803,37.602741
55.8715985,37.4595645
55.8758319,37.4513732
55.8763215,37.4526164
55.8582196,37.4854466
55.8747865,37.4674012
55.8792793,37.4828095
55.8795163,37.482289
55.8525226,37.4968063
55.8790293,37.4835116
55.859132,37.4891516
55.8559826,37.5135732
55.8638755,37.519438
55.862814,37.468169
55.8417182,37.5223403
55.8532823,37.5175931
55.8509774,37.4924962
55.8534744,37.4994606
55.8619537,37.5048214
55.8494756,37.4897038
55.8504534,37.4885304
55.8419764,37.4925218
55.8392966,37.4818605
55.8371674,37.5048366
55.8400421,37.4880184
55.8440785,37.5008304
55.8436643,37.5025138
55.8171001,37.7140832
55.844367,37.5020306
55.8368322,37.5050697
55.8267428,37.4908667
55.8270049,37.492116
55.8393291,37.4870206
55.8534033,37.5179275
55.8535221,37.517412
55.8561254,37.5138428
55.8526488,37.5319129
55.878381,37.5228803
55.8462916,37.568607
55.839311,37.5459486
55.8382103,37.532383
55.8401254,37.5249116
55.8396737,37.5233981
55.827033,37.5170482
55.8262845,37.5172606
55.8276787,37.514842
55.8274427,37.5143604
55.8211838,37.5195169
55.8175996,37.5216153
55.8169316,37.7696299
55.8252286,37.7682395
55.8219027,37.7620116
55.8178017,37.7541275
55.6379677,37.5445989
55.6373637,37.5441098
55.6330321,37.5397846
55.6320874,37.5375302
55.6797748,37.5115948
55.6768897,37.5064743
55.6706781,37.4951928
55.6660874,37.4851221
55.6636416,37.4827065
55.6620981,37.4820782
55.6509632,37.4796984
55.6465322,37.4757648
55.6386151,37.4586756
55.6392243,37.4599869
55.6395776,37.5374135
55.6392692,37.5378996
55.6391784,37.5382713
55.6376232,37.5436668
55.6379973,37.5439968
55.6394184,37.5386042
55.6394808,37.5385758
55.6396078,37.5381166
55.6397924,37.5386017
55.6458467,37.5441637
55.7274363,37.5491135
55.8031854,37.8231661
55.8033777,37.8187362
55.8211956,37.5012819
55.8250145,37.5094774
55.8194222,37.505129
55.8218913,37.5146888
55.8325116,37.5198234
55.8295606,37.5306546
55.827994,37.5252081
55.8307256,37.5264712
55.8383269,37.5319524
55.8279076,37.5247672
55.8250541,37.5270118
55.8251698,37.5274524
55.8231837,37.5196324
55.8227912,37.5181539
55.8258688,37.5296762
55.815883,37.5206249
55.8257279,37.5296297
55.8189323,37.5178555
55.8171361,37.5105333
55.8201742,37.5080699
55.8155549,37.5107922
55.8158464,37.5194516
55.8274586,37.4907606
55.835047,37.5487513
55.8262202,37.5729641
55.8080419,37.5709599
55.8087067,37.5749574
55.8065767,37.5765882
55.8058536,37.572779
55.8053726,37.5805958
55.8015734,37.5646687
55.7651529,37.6373343
55.8151351,37.7320579
55.8254579,37.5684688
55.8337443,37.49116
55.8392906,37.4810067
55.8768159,37.4506359
55.8429538,37.4785593
55.8352185,37.4843173
55.8267586,37.491348
55.8267974,37.4916802
55.8352734,37.4846441
55.84978,37.4742021
55.8540449,37.4712654
55.8631658,37.4649774
55.860866,37.4665936
55.8620939,37.4636945
55.8619423,37.4638299
55.8620357,37.4643211
55.8621867,37.464184
55.8609085,37.4662598
55.8626744,37.465039
55.8618447,37.465615
55.8638344,37.464237
55.8180961,37.4984447
55.8176526,37.4994911
55.815075,37.5016397
55.8228224,37.495672
55.821511,37.4960348
55.8244376,37.4943519
55.8219573,37.494997
55.8191867,37.4972858
55.8189138,37.4977855
55.8176965,37.4984565
55.8152397,37.5002571
55.8173843,37.4984934
55.817465,37.4989606
55.8181084,37.4989766
55.817491,37.49924
55.8222375,37.4951489
55.8037713,37.5345123
55.8065192,37.5378124
55.8058954,37.5264515
55.8057625,37.5269586
55.8079213,37.5187299
55.7981194,37.5680428
55.795788,37.5609781
55.791797,37.5686388
55.7939732,37.5592357
55.7930199,37.561523
55.7944859,37.553098
55.794707,37.5535758
55.7946884,37.5534608
55.7978933,37.5533963
55.7978462,37.5532676
55.7977118,37.5532073
55.8274735,37.4910947
55.8272021,37.4908054
55.8028938,37.7087511
55.8115344,37.7002567
55.7850423,37.5872179
55.8090776,37.7153552
55.6650897,37.4676939
55.7701795,37.5959026
55.7443571,37.6021889
55.7381062,37.5953856
55.8116703,37.7079966
55.641118,37.6835846
55.6109155,37.7172935
55.5946151,37.7267163
55.5922261,37.7288767
55.8135453,37.720925
55.8154059,37.7324427
55.8269579,37.7637218
55.8246764,37.7672552
55.8243678,37.7677701
55.8082356,37.7143056
55.642547,37.5263566
55.634282,37.5205921
55.6582649,37.5419522
55.7270544,37.4059529
55.7339413,37.4056269
55.8096803,37.7819623
55.8087001,37.776417
55.8127748,37.8287269
55.8100156,37.7985931
55.8161838,37.798279
55.8031146,37.7989363
55.707205,37.6574827
55.7105208,37.6577548
55.7157476,37.6784693
55.7149174,37.6788515
55.7208421,37.6746153
55.7646825,37.6056838
55.8696333,37.6644163
55.8848063,37.6725981
55.886091,37.5060167
55.6600267,37.5748728
55.6756043,37.6259169
55.6623698,37.61933
55.6536299,37.6193907
55.6950741,37.6100913
55.663817,37.578999
55.6606052,37.5884453
55.6448807,37.6195501
55.6642717,37.6143772
55.6661392,37.6215792
55.8699535,37.4585548
55.8706052,37.4606619
55.8684172,37.4613968
55.7762274,37.5957365
55.7783387,37.5983251
55.7812054,37.5925536
55.875034,37.4333006
55.8879916,37.645463
55.870938,37.6383872
55.6746925,37.6042939
55.6750032,37.6038316
55.678719,37.59661
55.6903737,37.6217666
55.6843463,37.6135657
55.5910349,37.5998004
55.6494471,37.5646564
55.649712,37.5632134
55.6557684,37.539248
55.8757953,37.4310822
55.9046933,37.5428576
55.900789,37.5454298
55.9034987,37.5421726
55.9015885,37.5432392
55.8983634,37.5641805
55.8904375,37.6229395
55.8877283,37.6741479
55.8714629,37.6524781
55.8504292,37.6712622
55.8851854,37.6869441
55.8150627,37.7179783
55.8270667,37.728812
55.7788074,37.72074
55.7180661,37.5684946
55.7036463,37.6166797
55.7058559,37.6237354
55.7041149,37.6469111
55.717014,37.6620236
55.7177049,37.6639565
55.8574484,37.6546612
55.8596627,37.6605219
55.8576241,37.6528969
55.8570104,37.6540166
55.8563971,37.6545717
55.8531039,37.5845828
55.8483005,37.5855649
55.8489348,37.5906262
55.8491454,37.5970295
55.8267516,37.6469299
55.8212769,37.6639803
55.7703181,37.6438855
55.7946295,37.7012702
55.7952641,37.7103259
55.7952758,37.7087184
55.7939597,37.6946624
55.7857422,37.6761017
55.7105768,37.5851606
55.6633325,37.5091046
55.7275368,37.6147765
55.729889,37.6110144
55.7397376,37.6522949
55.7388972,37.6516468
55.741151,37.6576981
55.739164,37.6719784
55.7687315,37.649674
55.7696307,37.6462514
55.7701543,37.6511387
55.7713421,37.6518581
55.7719465,37.6518695
55.8028839,37.780381
55.8114517,37.7741223
55.7883922,37.7622754
55.6839666,37.5522449
55.7848429,37.6010969
55.8855477,37.4787831
55.9025294,37.5429584
55.8892519,37.5427096
55.8907285,37.5286996
55.8869553,37.5240854
55.8607318,37.6740467
55.8806267,37.6958896
55.7617315,37.7698972
55.777824,37.847111
55.7800599,37.8425432
55.7743391,37.8431873
55.7728529,37.6039846
55.7592756,37.6453078
55.7593985,37.6462527
55.7653701,37.6380237
55.8773599,37.4256894
55.8756781,37.4309469
55.8762686,37.4291532
55.8640142,37.5090068
55.7795627,37.6025772
55.7803085,37.6050423
55.7791242,37.6055791
55.7851689,37.6017199
55.7924048,37.5993139
55.7882171,37.6099488
55.7855,37.6348713
55.8247062,37.6455087
55.8305125,37.6515969
55.8787343,37.7211557
55.8247737,37.6452756
55.8417526,37.6645135
55.8467434,37.6703294
55.82387,37.6440185
55.8215494,37.6415232
55.8211022,37.6419561
55.74741,37.607613
55.7701342,37.5980045
55.7738053,37.6189225
55.7734613,37.6278692
55.6249547,37.7152554
55.7766387,37.8419016
55.8202795,37.7501052
55.8210754,37.7500194
55.8717137,37.6467143
55.8773067,37.6450094
55.8669143,37.6407354
55.8166127,37.7784603
55.8185321,37.7773699
55.8166998,37.7854384
55.8132244,37.7855454
55.8168082,37.7972548
55.8201806,37.7853209
55.7965748,37.7992583
55.7968772,37.8234556
55.7970157,37.7822431
55.7936819,37.8235332
55.7932983,37.7994318
55.7970687,37.799227
55.8026115,37.7989549
55.7916258,37.7755184
55.8023275,37.7746006
55.7872478,37.7455699
55.632063,37.480941
55.6348054,37.4729034
55.6296222,37.4753654
55.6416879,37.4670948
55.6423444,37.4668662
55.6248653,37.5104463
55.6286525,37.5161009
55.6211186,37.506158
55.6267555,37.4871538
55.6253563,37.4846011
55.7669292,37.6218199
55.7663795,37.6313494
55.7657316,37.6361797
55.766056,37.6364567
55.7666047,37.6347096
55.7668721,37.6315077
55.8156769,37.7168197
55.8112164,37.7252772
55.7867991,37.7626932
55.7831455,37.7462915
55.8013699,37.6991131
55.8012963,37.6982969
55.7981397,37.6880273
55.7254108,37.405663
55.7254979,37.4065883
55.7263423,37.4237575
55.7262303,37.4472656
55.7220453,37.4070117
55.7252951,37.4484501
55.724604,37.4487541
55.7254555,37.4489512
55.735974,37.5169412
55.7228221,37.446489
55.7148958,37.3942807
55.7252605,37.4482431
55.7640864,37.3819325
55.6187666,37.5048905
55.6293956,37.4730062
55.6413007,37.4570478
55.6406927,37.4634221
55.6331205,37.6150734
55.6349146,37.6039886
55.8138679,37.7213489
55.8167613,37.7260498
55.8170214,37.7265289
55.8061741,37.7222252
55.816628,37.7016356
55.8153505,37.7184443
55.815966,37.7172528
55.8096312,37.7043532
55.7860687,37.7242575
55.8167162,37.7014892
55.8167178,37.7007767
55.6078821,37.524832
55.6093959,37.5450623
55.6039391,37.5425379
55.6002976,37.5197264
55.6112152,37.5182816
55.5968828,37.535483
55.5944593,37.5467761
55.5889992,37.5452134
55.5940144,37.5335398
55.593634,37.5317123
55.5928352,37.530262
55.5926242,37.5304983
55.6463986,37.4875849
55.6481587,37.4844386
55.6507254,37.4810332
55.6515834,37.480154
55.7146762,37.6203498
55.751612,37.7177598
55.7465701,37.6702755
55.7464572,37.6695504
55.6497202,37.5645269
55.6492244,37.5632214
55.6499101,37.5637569
55.6578308,37.5208262
55.6857161,37.4776388
55.5986443,37.5273495
55.6062359,37.5324334
55.6128565,37.5369068
55.6337574,37.5408819
55.5981628,37.5296115
55.6057542,37.5346878
55.612364,37.5390842
55.6193131,37.5430061
55.6196513,37.5421847
55.6253399,37.4844007
55.6144613,37.4916162
55.7404799,37.8418267
55.747427,37.8422551
55.7548062,37.8426328
55.7680166,37.8433559
55.7027555,37.3980761
55.8174171,37.7145107
55.8048356,37.7143447
55.7970168,37.7185094
55.7968575,37.7193468
55.8104146,37.7308648
55.8122443,37.7269974
55.7004621,37.5457517
55.7113955,37.5267214
55.7158193,37.5190435
55.710198,37.5060149
55.7262293,37.5344288
55.7285453,37.5446414
55.715655,37.5362539
55.7111828,37.5390912
55.6879872,37.5736188
55.7500163,37.5758707
55.7542087,37.5692511
55.7539757,37.5595957
55.7592751,37.6826056
55.7482393,37.66455
55.750157,37.6597561
55.74773,37.667657
55.7479523,37.6654195
55.7495624,37.6690057
55.7500646,37.6700126
55.7477425,37.6652973
55.6721845,37.4484991
55.6730624,37.4461478
55.6743392,37.4441065
55.6773232,37.4642156
55.6896627,37.4844695
55.6973569,37.4518379
55.7002759,37.451763
55.7094928,37.4487234
55.6845582,37.5395795
55.664426,37.548541
55.6566452,37.5712164
55.666768,37.541679
55.6533259,37.5990174
55.6533895,37.6055635
55.5895967,37.6349441
55.7337022,37.4323412
55.6874477,37.4284557
55.6787755,37.4339317
55.6681666,37.4282648
55.6681551,37.4266928
55.6691913,37.4258781
55.6708848,37.4255041
55.7728248,37.6325092
55.7730992,37.6304849
55.7738415,37.6200327
55.7738569,37.6205293
55.7738735,37.6215074
55.7735363,37.621617
55.7735378,37.6208762
55.7734924,37.6191111
55.7783809,37.6306836
55.8581776,37.4198704
55.7781343,37.6179188
55.7784848,37.61779
55.7733841,37.6088564
55.7723833,37.6044849
55.583651,37.4710477
55.6847406,37.8367602
55.6896282,37.8244686
55.7921517,37.5962384
55.7077211,37.8389884
55.7366803,37.697397
55.7359865,37.7022079
55.7223695,37.6963576
55.7803148,37.6193863
55.779458,37.6197026
55.7787896,37.6187509
55.7730613,37.6090519
55.7783733,37.6325559
55.7738626,37.6225874
55.7925356,37.6347386
55.7693341,37.6924712
55.7770365,37.7028005
55.7825722,37.6997505
55.7961706,37.7029048
55.8090376,37.6967944
55.814035,37.6867466
55.7997956,37.717039
55.7407838,37.6165123
55.7545607,37.6122435
55.7469895,37.640817
55.7485763,37.6454245
55.7459714,37.668147
55.7252444,37.6633878
55.7424294,37.6157492
55.7459815,37.6263845
55.658633,37.5202128
55.6600362,37.5219948
55.66488,37.5390893
55.6651427,37.5407663
55.657094,37.5286127
55.6732971,37.546039
55.6822866,37.5558076
55.6814834,37.5573096
55.6902902,37.5668919
55.7673724,37.6211112
55.7672304,37.6220652
55.7683039,37.622681
55.7670122,37.6235862
55.7670169,37.6213208
55.7807436,37.6163216
55.7806559,37.6182136
55.7812358,37.6169083
55.7817309,37.6162124
55.780726,37.6165088
55.7734842,37.6246111
55.7926019,37.622884
55.7926422,37.6216896
55.7889337,37.6291883
55.7842742,37.6293037
55.7837446,37.6345623
55.7839439,37.6327446
55.7901331,37.6334517
55.7807445,37.6318304
55.7916113,37.6332214
55.7805336,37.6331409
55.786223,37.6348576
55.7885136,37.6166343
55.7901338,37.6346429
55.7917889,37.629101
55.7929034,37.616311
55.781338,37.6136009
55.7813437,37.6153044
55.7397461,37.6506034
55.7019562,37.5794707
55.7295778,37.655214
55.7323532,37.6396718
55.7765698,37.5555428
55.7733793,37.6134349
55.768324,37.6133412
55.7646976,37.6166972
55.7680038,37.6136013
55.7598111,37.6845203
55.7632164,37.6850704
55.7274363,37.4064838
55.7205906,37.382536
55.7255374,37.3796167
55.7276236,37.4058617
55.7279012,37.4168799
55.7272992,37.4467964
55.7273512,37.4481943
55.7304262,37.4495776
55.7306312,37.4507708
55.7298638,37.446466
55.7282915,37.4463598
55.7284915,37.4468416
55.7290285,37.4465971
55.7285371,37.447628
55.728505,37.4470513
55.7290981,37.4467987
55.7252613,37.4476711
55.7245675,37.4485406
55.7245301,37.453169
55.7242701,37.4488963
55.7236331,37.4491919
55.7240655,37.4498261
55.7243188,37.4508363
55.7241759,37.4487065
55.7236698,37.448265
55.7231249,37.4461012
55.7224343,37.4448035
55.7235918,37.4489644
55.7221846,37.4444475
55.7090772,37.4546894
55.7127281,37.4224051
55.7123785,37.4092215
55.7136895,37.4128718
55.7091447,37.4539508
55.7126054,37.4091885
55.7158436,37.4057815
55.8679693,37.6753153
55.8696298,37.6211609
55.8651914,37.6016264
55.8665981,37.6082936
55.867823,37.6132079
55.8599004,37.6015667
55.8676665,37.6080302
55.8683963,37.6129153
55.7732593,37.6281971
55.876407,37.4292276
55.6204223,37.5026829
55.632498,37.5286226
55.631724,37.5396026
55.6318683,37.5391326
55.7513411,37.6241429
55.7419344,37.4997385
55.7771587,37.6400067
55.7765273,37.6490153
55.777223,37.6484473
55.785749,37.6410289
55.7771335,37.6393949
55.7722111,37.6372985
55.7702027,37.6437226
55.7719572,37.6384433
55.7771841,37.6405357
55.7756972,37.6419925
55.7749706,37.6409504
55.7836475,37.6419474
55.7929007,37.6168849
55.7928317,37.6237555
55.7931739,37.6195995
55.7933389,37.6168214
55.7928786,37.613161
55.792888,37.6136094
55.7932828,37.6162997
55.793357,37.6162979
55.7930087,37.6149422
55.7933427,37.6150502
55.7932768,37.61313
55.7926122,37.6245521
55.7923902,37.6282854
55.7917077,37.6310162
55.7916879,37.6313649
55.7814093,37.6428627
55.7735389,37.6225093
55.7648081,37.6199794
55.7648796,37.6194691
55.7589912,37.620909
55.7588517,37.6200704
55.770247,37.6365825
55.7674348,37.6353066
55.795286,37.6360035
55.7919247,37.6382546
55.7914594,37.6380117
55.7913108,37.6408528
55.7926807,37.6395508
55.7921994,37.6364068
55.7946802,37.6345999
55.7956637,37.6354819
55.7935865,37.6346566
55.7941615,37.6337837
55.7797681,37.6445998
55.7853371,37.6043485
55.7825481,37.6124492
55.7833767,37.615005
55.8111674,37.8165681
55.8028398,37.8187441
55.7973256,37.8190225
55.7968311,37.8190443
55.7936322,37.8192106
55.6293666,37.4736246
55.6298581,37.4736689
55.6380199,37.544397
55.6418151,37.5518922
55.6480948,37.5132541
55.6549002,37.5222417
55.6502364,37.5332705
55.6404156,37.5030638
55.7078277,37.5328803
55.7039764,37.5259971
55.7059943,37.5141195
55.7117885,37.5276425
55.7151598,37.5357427
55.7256199,37.5342452
55.7110314,37.5385071
55.7085853,37.5421783
55.7061258,37.5529827
55.7060661,37.5540519
55.7267704,37.5357247
55.7255832,37.5345373
55.7249644,37.5344341
55.8214949,37.6479896
55.8253257,37.6517797
55.6833256,37.6390731
55.810718,37.8117012
55.8088337,37.776311
55.8098279,37.781925
55.8103887,37.7985766
55.8035383,37.8303479
55.8128479,37.8292796
55.8029337,37.8301371
55.8148444,37.8435355
55.8171457,37.8117906
55.7638073,37.6738045
55.745405,37.5705881
55.7482517,37.719304
55.810619,37.8293958
55.6596758,37.6541347
55.6686752,37.6610947
55.794454,37.6192298
55.7985052,37.6190224
55.7984447,37.6160346
55.8114121,37.619228
55.8003268,37.6339551
55.8006229,37.6347929
55.8021956,37.6354836
55.8133088,37.8342204
55.7920834,37.5853096
55.7916953,37.5893441
55.6904755,37.8292183
55.6881454,37.8282981
55.6868732,37.8313933
55.7062143,37.8411392
55.706687,37.8394351
55.7074915,37.8363471
55.7088119,37.8301605
55.7057397,37.8333082
55.6386456,37.4601623
55.5920536,37.7307525
55.5913387,37.7297125
55.5925204,37.7304423
55.6344992,37.6994887
55.6698354,37.5417646
55.673617,37.5448031
55.6737328,37.5444621
55.6733641,37.545574
55.6714445,37.5522263
55.6706249,37.555199
55.6732649,37.5464795
55.6694914,37.5411008
55.6685296,37.5403871
55.6737273,37.5239572
55.6915852,37.5615412
55.688095,37.5452305
55.658364,37.5201791
55.6584807,37.519876
55.6582658,37.5184476
55.6856169,37.5542546
55.6837568,37.5597588
55.6813396,37.5667932
55.8738282,37.5473811
55.8703731,37.6323508
55.8691071,37.6219044
55.8773899,37.6810699
55.8730715,37.6932466
55.8752258,37.6887038
55.7851489,37.6629079
55.7795288,37.66608
55.7870991,37.6607172
55.7859118,37.6637758
55.7856965,37.6637743
55.8512351,37.5849539
55.8499545,37.5850227
55.8522384,37.584653
55.85235,37.5841341
55.8503404,37.5856532
55.8361144,37.6572421
55.7112142,37.6657336
55.7034376,37.6490866
55.7085384,37.6683566
55.8653801,37.6814275
55.8643769,37.6834915
55.8129797,37.8292583
55.8226907,37.8247573
55.8129087,37.8287217
55.7928865,37.7829529
55.7984749,37.7291161
55.7951375,37.7053806
55.7952982,37.7054686
55.905732,37.587934
55.9051262,37.5863853
55.8980789,37.586172
55.8906235,37.4988812
55.8866171,37.4834472
55.7457955,37.624902
55.747853,37.6256449
55.7484974,37.6252262
55.821442,37.4458599
55.6786675,37.531752
55.6743476,37.5426745
55.6943248,37.5564945
55.6708287,37.5202337
55.6735971,37.5242989
55.6791567,37.5324475
55.6879576,37.5454666
55.6919188,37.5621154
55.6948816,37.5570344
55.6875959,37.5732239
55.6899199,37.566426
55.8132533,37.6462693
55.8210945,37.6477157
55.8137396,37.6382555
55.8220281,37.642945
55.8293621,37.649651
55.7715505,37.683911
55.8835871,37.7236774
55.744104,37.6145791
55.8813085,37.6946369
55.8674942,37.6771018
55.8661283,37.6751334
55.7983164,37.7290593
55.8105729,37.8116908
55.8113146,37.8165131
55.7631802,37.7773868
55.7622072,37.772331
55.7645565,37.7844505
55.7451232,37.7951733
55.7475002,37.7572062
55.7470602,37.764311
55.7503542,37.8317632
55.766715,37.8326799
55.7685542,37.8402337
55.775193,37.8355289
55.7657387,37.7899808
55.7381959,37.7701684
55.7680883,37.8216405
55.7460398,37.814493
55.7439725,37.8143405
55.7498465,37.8308571
55.7500702,37.8313643
55.7494868,37.8314921
55.7495214,37.8307342
55.7489998,37.8303941
55.7492526,37.8007877
55.749819,37.8004055
55.7682136,37.8400391
55.7681694,37.8399881
55.7679646,37.8405176
55.7679954,37.8226795
55.7674336,37.8229269
55.7661158,37.822435
55.7675011,37.830473
55.7670521,37.83336
55.7670822,37.8319953
55.7675033,37.8319019
55.7672038,37.8316357
55.7391504,37.8177746
55.7391912,37.8167473
55.7243961,37.7991695
55.7249891,37.8004015
55.7322991,37.8296556
55.7322919,37.8298543
55.7358452,37.8285692
55.7428853,37.7894513
55.7769627,37.7653673
55.7765966,37.7471278
55.7800879,37.746688
55.864598,37.6802042
55.8666857,37.6758956
55.8635739,37.6822957
55.878718,37.6995706
55.8850614,37.7098793
55.8758827,37.7033257
55.7519521,37.6105426
55.8077727,37.6168239
55.8082199,37.6158818
55.8070765,37.6153994
55.8084116,37.6156057
55.7959091,37.599452
55.7926675,37.5878231
55.7916876,37.5890247
55.7923176,37.5946691
55.7424429,37.5013304
55.7415368,37.4984228
55.7361171,37.5097827
55.7362777,37.5161286
55.7752557,37.5833151
55.7732372,37.5907312
55.7783759,37.5853005
55.7839339,37.6887416
55.7831743,37.6941949
55.7880499,37.691823
55.7916617,37.687331
55.7931447,37.6793768
55.7926907,37.6786457
55.7921582,37.67874
55.7917988,37.5808429
55.7919115,37.5757449
55.7956032,37.5843812
55.7944221,37.5850243
55.7910003,37.5900951
55.7919571,37.5832779
55.7924644,37.5843412
55.792004,37.5924029
55.7915999,37.5895671
55.6837857,37.5998548
55.6687448,37.5908365
55.6780641,37.5632429
55.663195,37.6306955
55.6701326,37.6616017
55.6772214,37.6632091
55.6772884,37.6606574
55.7179391,37.6612921
55.7179407,37.6635726
55.7176635,37.6604666
55.7170022,37.660784
55.7362914,37.6457157
55.7355122,37.6461008
55.8692973,37.5887192
55.8702892,37.5860631
55.6769341,37.579685
55.6727913,37.578033
55.6767319,37.5795615
55.788117,37.7843114
55.7910834,37.7995454
55.7015751,37.6151269
55.7016253,37.6160317
55.6852658,37.664271
55.6821299,37.5892952
55.6823105,37.5894877
55.6797234,37.5960354
55.6791113,37.5953862
55.6786553,37.5962948
55.6784507,37.5751351
55.6653559,37.4648185
55.6559519,37.4714327
55.655403,37.4775968
55.6551744,37.4799864
55.6644857,37.4739809
55.6429983,37.4681807
55.6630608,37.4381863
55.6645484,37.4396319
55.6687162,37.4746454
55.6701226,37.478119
55.6650619,37.4838932
55.666737,37.481073
55.6725541,37.4769079
55.663899,37.4801463
55.665764,37.4850956
55.6638519,37.4837164
55.6551527,37.4801794
55.8743405,37.5860597
55.8743447,37.5863001
55.8703523,37.5854741
55.8703979,37.5852441
55.8743422,37.5871176
55.8740462,37.5870829
55.8725251,37.5852332
55.8718928,37.5850807
55.8703152,37.5846044
55.8699786,37.5856553
55.8699096,37.5859887
55.8697982,37.5870521
55.872471,37.586677
55.6631295,37.4350683
55.6646089,37.4306454
55.6627794,37.4336045
55.6611186,37.4268115
55.6986544,37.5008947
55.6988808,37.5013046
55.7061852,37.5135346
55.7314892,37.4488059
55.744549,37.4238845
55.7448834,37.4228097
55.7454331,37.4217634
55.7459238,37.421099
55.7507203,37.4110552
55.7519688,37.4084667
55.7529271,37.4064815
55.8153897,37.6848343
55.8215432,37.6472573
55.8210701,37.6473127
55.8215899,37.6433954
55.75099,37.6002038
55.7545253,37.6007047
55.757742,37.5979482
55.7555327,37.5995326
55.7512073,37.6004277
55.7683088,37.6123512
55.7663841,37.6066642
55.7536435,37.6225339
55.7386422,37.5863192
55.7037047,37.6174145
55.7094161,37.6189045
55.753036,37.6475577
55.8906986,37.6217625
55.8923081,37.6192672
55.8920282,37.6189081
55.8909489,37.6220945
55.7104956,37.6659881
55.7686693,37.5943689
55.672332,37.6271713
55.672459,37.6262699
55.6729204,37.6262604
55.6730455,37.6273694
55.7409376,37.4173263
55.7410294,37.4162608
55.7413801,37.417161
55.6887714,37.596517
55.6706992,37.6275717
55.6663292,37.6215236
55.6664244,37.6223966
55.6653423,37.6214083
55.6684388,37.6216572
55.6716994,37.6086468
55.6731359,37.6148674
55.6733645,37.6217062
55.6639229,37.6361416
55.663635,37.6339792
55.6628811,37.6259241
55.7222384,37.4505348
55.645495,37.6193164
55.6561214,37.6191317
55.6688189,37.6119004
55.656725,37.5984692
55.6640735,37.6073546
55.6636706,37.6157435
55.663217,37.6196304
55.8798994,37.5863101
55.8458141,37.5846811
55.8429771,37.5848063
55.8392389,37.5802675
55.8285295,37.578893
55.8196334,37.5807717
55.8126202,37.5828458
55.811773,37.5823429
55.8096185,37.5787246
55.8091595,37.5790867
55.8084002,37.5804376
55.7292192,37.6141968
55.714699,37.6223487
55.7198045,37.6996249
55.7035997,37.6455009
55.7174433,37.6913696
55.7197334,37.7000532
55.7202182,37.7026994
55.7219025,37.708034
55.7922792,37.5958078
55.7869977,37.5617749
55.7286351,37.5456534
55.7292368,37.54789
55.7013259,37.6123025
55.7024565,37.6156003
55.7057741,37.6219557
55.7311477,37.5439363
55.7313669,37.5437691
55.7348455,37.5419617
55.7374608,37.5378699
55.7399542,37.6171964
55.7015804,37.6214777
55.674919,37.6264575
55.792226,37.5853033
55.8095345,37.6093768
55.8429061,37.5850979
55.8295477,37.5772608
55.8310278,37.5781352
55.8297395,37.5777948
55.8310276,37.5775891
55.8300062,37.5778846
55.82767,37.5794711
55.8278762,37.5799088
55.8279446,37.5800491
55.7451532,37.6245655
55.8465653,37.6400781
55.8475264,37.6602902
55.8842006,37.6057618
55.8503239,37.5664674
55.8769798,37.5864551
55.6501053,37.6572795
55.6378649,37.6549449
55.8984877,37.6234869
55.8996663,37.5862186
55.8973235,37.6136015
55.8896819,37.5868247
55.8896761,37.5866236
55.8897849,37.5858968
55.6403569,37.6843424
55.6406753,37.6846529
55.6683644,37.6288528
55.6625516,37.6327109
55.6549474,37.6494577
55.6387157,37.6898854
55.6346604,37.6998596
55.5946912,37.727
55.5893761,37.7322174
55.8558427,37.5846903
55.8482665,37.5803977
55.8474189,37.5803372
55.8468753,37.5735662
55.8545429,37.5629081
55.855721,37.5618987
55.8737319,37.5585415
55.7033979,37.621544
55.6216471,37.73018
55.6001078,37.7159381
55.6249521,37.7531079
55.6354424,37.6958682
55.6075786,37.6999732
55.5992698,37.7129678
55.5955198,37.7184987
55.6130151,37.7303698
55.6102323,37.7318025
55.6040103,37.7349043
55.6014112,37.7223304
55.6014591,37.7225541
55.6023167,37.7266535
55.6105851,37.7446758
55.613985,37.7443488
55.626784,37.742272
55.8700581,37.6294495
55.8630789,37.6047362
55.8636046,37.606536
55.8691541,37.5891331
55.8741809,37.5874945
55.8871649,37.5874183
55.650775,37.7437491
55.6509222,37.744923
55.6518726,37.75098
55.6536612,37.7556973
55.7132653,37.6801003
55.7862625,37.5651161
55.8363822,37.6571583
55.8365422,37.6578001
55.8362263,37.6567385
55.6446878,37.7540223
55.6531002,37.7428631
55.6548698,37.7418933
55.7055294,37.6173181
55.8332511,37.6549438
55.8767865,37.6534658
55.8817005,37.6561508
55.8370308,37.5737196
55.8375021,37.5802854
55.8388181,37.580347
55.6684453,37.5897693
55.8310832,37.652887
55.8312346,37.6523807
55.8325015,37.6527696
55.8301699,37.6461881
55.6942988,37.6086556
55.6939853,37.6090963
55.5914026,37.7300035
55.6131865,37.7316588
55.6821538,37.6239539
55.6116632,37.7219051
55.6112205,37.7191033
55.6109589,37.7175397
55.6096203,37.7091252
55.6088836,37.7233203
55.7069444,37.6213474
55.7283087,37.636944
55.6574359,37.6514113
55.7062026,37.6863675
55.7061543,37.6861877
55.7054971,37.6867628
55.7063589,37.6905678
55.704656,37.6902027
55.6851699,37.723828
55.7158354,37.6848782
55.7151644,37.682725
55.7152136,37.6817755
55.7153593,37.681041
55.7137728,37.6789887
55.7147899,37.6818702
55.858696,37.6876661
55.86796,37.7070841
55.884049,37.7210499
55.8819065,37.7231331
55.8819591,37.7292191
55.8844947,37.7307587
55.6417486,37.6705774
55.6384187,37.6730125
55.8093566,37.6456361
55.8067077,37.6402142
55.8378155,37.6366978
55.8057366,37.6369204
55.8033954,37.636508
55.8028735,37.6445413
55.8032575,37.6386266
55.8026634,37.6357887
55.6447894,37.6743511
55.6242569,37.7105996
55.6243043,37.7109042
55.8507378,37.4021691
55.8111761,37.6539587
55.8110478,37.6541093
55.8115046,37.6544737
55.8451083,37.5612821
55.8350018,37.5723774
55.8262189,37.5727158
55.8056269,37.5821595
55.8504824,37.4060097
55.8506337,37.439041
55.8513274,37.3904919
55.851001,37.3915873
55.8521429,37.392748
55.852239,37.3921462
55.8529113,37.3926591
55.7676187,37.5933352
55.771393,37.6010685
55.8558418,37.4104646
55.8553385,37.4373982
55.8484719,37.4403052
55.8434815,37.4392823
55.8190909,37.5809113
55.8213243,37.5898083
55.8493889,37.4400491
55.8507367,37.452607
55.849427,37.4394538
55.8494383,37.4405869
55.8506858,37.4401552
55.8489228,37.4230755
55.8364271,37.4539747
55.8451553,37.4203056
55.8494259,37.417675
55.8441269,37.4201761
55.8451341,37.5844341
55.8432756,37.584607
55.8404209,37.5799475
55.8592645,37.6203581
55.8469555,37.6266685
55.7333764,37.6414588
55.7758597,37.8385405
55.8989284,37.5428892
55.8990051,37.5441465
55.8989954,37.543536
55.8800122,37.5856602
55.8781064,37.586254
55.8769442,37.5855597
55.8689374,37.5880656
55.8687406,37.5884295
55.8682912,37.587596
55.8674185,37.585261
55.867001,37.585163
55.8161961,37.6468142
55.89828,37.5678396
55.8578977,37.4318557
55.8714762,37.4410669
55.6306335,37.7515432
55.6306098,37.7513272
55.7204778,37.6990604
55.656767,37.840197
55.7428332,37.8161675
55.7400317,37.8172339
55.6263714,37.7502968
55.8912672,37.5736923
55.8982104,37.5738543
55.8469618,37.3833599
55.8423689,37.3832106
55.8469486,37.3818832
55.6305438,37.7504162
55.6307486,37.7523106
55.6335386,37.7622985
55.6367673,37.7701328
55.6357727,37.7033745
55.647665,37.7461213
55.765391,37.6369471
55.7840191,37.5966895
55.8168293,37.7994316
55.8320623,37.4061278
55.6310954,37.7521513
55.631525,37.7515346
55.6319784,37.751004
55.6316606,37.7519216
55.8378459,37.4157735
55.834478,37.392718
55.8354792,37.3972646
55.8339906,37.3879263
55.8375442,37.3806073
55.8593022,37.4496437
55.8327187,37.4066341
55.8323878,37.4066417
55.832905,37.4058972
55.8328724,37.4057811
55.8324608,37.4054513
55.8362712,37.4144014
55.8325594,37.3888745
55.8338867,37.3894016
55.8362983,37.4140906
55.836662,37.4137969
55.8364257,37.4133889
55.7644312,37.6712797
55.8337776,37.3991349
55.8338165,37.3985917
55.6352307,37.7487743
55.6354647,37.7493677
55.6437733,37.7476393
55.6433442,37.7297923
55.6432693,37.7270395
55.6438507,37.7067317
55.6477476,37.7627737
55.6486725,37.7457513
55.6474287,37.743684
55.6483613,37.7433026
55.648492,37.744338
55.648523,37.7446158
55.6475231,37.7447151
55.6475466,37.7449713
55.7601993,37.7166067
55.7744125,37.7118155
55.7671746,37.6978519
55.7361369,37.6486673
55.7114891,37.8195339
55.7065051,37.5877958
55.6760158,37.9317025
55.6760602,37.929943
55.6836393,37.9289834
55.889665,37.5908512
55.8196422,37.59301
55.8193539,37.5923826
55.8131764,37.5941864
55.8317568,37.393811
55.8084741,37.39116
55.7676323,37.5930426
55.7592697,37.584721
55.7467922,37.5823193
55.8335402,37.3869799
55.8519209,37.451553
55.8363871,37.4544139
55.8054065,37.3940935
55.8058488,37.3943974
55.8029529,37.4079004
55.8136344,37.3928056
55.8182925,37.4024498
55.804787,37.4160839
55.8049417,37.416144
55.805711,37.4099917
55.8144293,37.3914787
55.7341875,37.6433827
55.7640398,37.6561443
55.7442847,37.6552169
55.7551668,37.6572984
55.7491563,37.6558837
55.7304301,37.630297
55.7297482,37.6261252
55.7302713,37.6303701
55.7297862,37.6198476
55.7300303,37.6204519
55.7598678,37.715835
55.7595885,37.7163264
55.7595539,37.7161074
55.7532549,37.7116746
55.7532131,37.7119985
55.754006,37.7157791
55.7540015,37.7160031
55.7537558,37.7154832
55.7535804,37.71609
55.7991726,37.7134966
55.8144723,37.6950073
55.7797205,37.7211525
55.7796431,37.7210374
55.8216002,37.6205581
55.8364945,37.5907792
55.8423538,37.5869212
55.84576,37.5849237
55.8086639,37.4762374
55.8030697,37.4768914
55.8028557,37.4765156
55.8026214,37.4753963
55.8021263,37.4754224
55.8019763,37.4760662
55.8019791,37.4765727
55.8022505,37.4769643
55.8026252,37.4769438
55.8029491,37.4751336
55.8083517,37.4648866
55.7654095,37.7013829
55.7653064,37.7013227
55.7501059,37.7080831
55.7465317,37.6799245
55.7465945,37.681233
55.7480264,37.6994764
55.74815,37.700153
55.7466653,37.6800186
55.7508505,37.713227
55.7517092,37.7176706
55.7511115,37.7174878
55.6539141,37.741074
55.651725,37.7291832
55.6473161,37.7295051
55.6464585,37.726908
55.6465183,37.7295602
55.6471662,37.739957
55.651662,37.7265567
55.647237,37.7268392
55.6479444,37.7397746
55.6530808,37.7211508
55.655716,37.7403484
55.7442495,37.8452349
55.7446344,37.8416577
55.743021,37.8415962
55.7477489,37.8417976
55.7440347,37.8433034
55.6818899,37.5553784
55.6777386,37.562866
55.8018996,37.4773678
55.7988368,37.4833139
55.7980684,37.4848452
55.7887107,37.497995
55.7886674,37.4851959
55.793785,37.49373
55.7958602,37.497138
55.8017763,37.5068025
55.7889593,37.4787573
55.7918929,37.4833061
55.7975538,37.4833175
55.7882609,37.4845177
55.7827028,37.4809432
55.7790114,37.4789479
55.7919365,37.490654
55.8054487,37.4603106
55.8030402,37.4505643
55.7918138,37.4545483
55.7790639,37.4544964
55.7975594,37.465927
55.8004943,37.4711214
55.8018673,37.4752279
55.7837219,37.4754479
55.7855389,37.463973
55.7835927,37.4566682
55.7894115,37.4657942
55.7894618,37.4651709
55.7902091,37.4663827
55.7952663,37.4961275
55.7990435,37.485853
55.8036135,37.4900018
55.7977014,37.4900823
55.7964064,37.4880276
55.8028353,37.475817
55.8122569,37.4758029
55.8064897,37.4578808
55.8007831,37.4713126
55.6410924,37.8175523
55.6409235,37.8181055
55.641076,37.8170545
55.6398501,37.8222316
55.829097,37.6493466
55.7455825,37.7878911
55.7508606,37.7848274
55.7572945,37.7808758
55.7597457,37.7944203
55.758631,37.7880688
55.8776955,37.6448813
55.7779587,37.8465849
55.7768793,37.8421056
55.7763596,37.8425407
55.7774471,37.8428357
55.7764926,37.8429426
55.7996168,37.4061352
55.805277,37.4113152
55.8053578,37.4100862
55.8023656,37.4082197
55.7998051,37.4060634
55.8023025,37.408513
55.8028132,37.4085235
55.8027425,37.4088234
55.8051196,37.410784
55.8059506,37.4108265
55.8002736,37.3900774
55.8005101,37.3911286
55.8001536,37.3908501
55.8007277,37.3903856
55.8015197,37.3853005
55.8059039,37.3941331
55.8087076,37.4641839
55.8033075,37.4561926
55.7977133,37.4661327
55.8396778,37.3765221
55.656286,37.7268034
55.7282151,37.4719158
55.6063224,37.7431039
55.7315501,37.4910474
55.745198,37.8152001
55.7442502,37.8156323
55.7447193,37.8096027
55.7445203,37.8087136
55.7447567,37.8094735
55.6561824,37.6534884
55.6700546,37.662528
55.6771652,37.6641205
55.6802428,37.664751
55.6797142,37.6638208
55.6710652,37.6618566
55.6710506,37.662756
55.6680385,37.6615365
55.6581071,37.6539111
55.6575036,37.6538307
55.6569895,37.6523908
55.6349929,37.673083
55.6284938,37.6433358
55.6157341,37.6599407
55.6343151,37.685375
55.6353476,37.6856853
55.6410522,37.6851266
55.6412711,37.6836665
55.6408258,37.6848025
55.6323304,37.6846863
55.6208457,37.6714097
55.6386206,37.6896768
55.6386711,37.6902059
55.6386895,37.6909021
55.6382888,37.6894211
55.6381172,37.6909006
55.6358115,37.7018757
55.6354855,37.7022604
55.6385958,37.6412561
55.6476408,37.6486423
55.6525308,37.6422232
55.655279,37.6375192
55.6579717,37.6413741
55.6522863,37.6418891
55.6582137,37.6417335
55.6583917,37.6417145
55.6933581,37.9388843
55.6985657,37.9398796
55.6867835,37.9286213
55.7196545,37.8307749
55.7178232,37.8427253
55.7182375,37.8417494
55.7189644,37.8331061
55.7191477,37.8333059
55.7191143,37.8335117
55.7186048,37.8421478
55.7180273,37.8434469
55.7186946,37.8377633
55.7166435,37.844316
55.7062423,37.8554125
55.7092776,37.8522025
55.7081658,37.878045
55.7076705,37.8780755
55.7074228,37.8779425
55.7144037,37.8772277
55.7161749,37.8996274
55.7258255,37.6705808
55.7364154,37.6596084
55.7375925,37.6619847
55.7325268,37.6663589
55.7331568,37.6503384
55.7371085,37.676165
55.7318551,37.669234
55.7395649,37.6736461
55.7388244,37.818551
55.7401724,37.8164098
55.739894,37.8160947
55.7393275,37.8167111
55.7386847,37.8172082
55.7125329,37.8981289
55.7312559,37.8474588
55.7309518,37.8545369
55.7306486,37.8610577
55.7444396,37.8651543
55.7456785,37.8644038
55.7441965,37.8638759
55.7453902,37.8625559
55.7418029,37.8660833
55.7383628,37.8681809
55.7490491,37.8836834
55.7484444,37.887179
55.7487522,37.8854586
55.744433,37.8795372
55.7469513,37.8779799
55.7437094,37.8808537
55.7373118,37.8674545
55.738033,37.8697107
55.7159214,37.8767081
55.7228537,37.663784
55.7282343,37.6788894
55.7242411,37.7985189
55.7253139,37.8171022
55.7002484,37.7649096
55.705214,37.7669823
55.7005036,37.7629537
55.6945413,37.7567117
55.7099915,37.7689092
55.7306287,37.6608953
55.738317,37.672856
55.739102,37.6733445
55.710141,37.87989
55.7103028,37.8778526
55.709328,37.8968093
55.7135465,37.8774017
55.71414,37.8860623
55.7089727,37.8853556
55.7137027,37.8794986
55.7147931,37.8793291
55.7390935,37.6730987
55.7460766,37.6798775
55.7277872,37.6805203
55.7283329,37.6804628
55.7271817,37.6810911
55.7274497,37.6814832
55.7426469,37.6069301
55.7464825,37.6098421
55.7446445,37.6027554
55.7446174,37.6016373
55.7525341,37.5840529
55.7059275,37.6551516
55.7056148,37.6555059
55.7403997,37.4825031
55.7371412,37.4860255
55.7382601,37.4846298
55.7312983,37.445848
55.7325319,37.4475747
55.7307896,37.4451555
55.7316944,37.4454567
55.7323933,37.4889896
55.795148,37.70868
55.7846092,37.7038728
55.7671457,37.6087369
55.764834,37.6054004
55.757531,37.5987305
55.7321516,37.4899852
55.7328959,37.4892986
55.736467,37.4855836
55.7086223,37.5095347
55.7286727,37.492444
55.7312478,37.4916564
55.7290551,37.4936732
55.7287788,37.4930472
55.7271791,37.4944897
55.7287801,37.4932604
55.7272419,37.4946613
55.7327032,37.490574
55.7326163,37.4932108
55.7329221,37.4895122
55.7322024,37.4901662
55.7320249,37.4927082
55.7322706,37.4941743
55.7384602,37.506537
55.7408208,37.5012009
55.7381153,37.514315
55.7562618,37.5294715
55.7590913,37.559813
55.7431974,37.4805655
55.7529422,37.5033114
55.7511884,37.5082706
55.7538109,37.5032201
55.7627299,37.4966999
55.7529372,37.5021235
55.738451,37.5154345
55.7395038,37.5209465
55.7382944,37.5379773
55.7460013,37.5506389
55.7447143,37.5477585
55.7473463,37.5559018
55.7463687,37.5559386
55.7655967,37.6076434
55.7660221,37.590754
55.7676968,37.5877435
55.7698307,37.5846831
55.7734466,37.5863314
55.7530429,37.4145632
55.7640903,37.4076003
55.7572698,37.3969973
55.617113,37.6573239
55.6172858,37.6588079
55.6175287,37.6577716
55.6170508,37.6580533
55.6175259,37.6579927
55.6170597,37.6582532
55.5921293,37.6730745
55.6762786,37.6872557
55.6764429,37.6878362
55.6855495,37.7090034
55.6829058,37.6816295
55.6812849,37.6756769
55.6861043,37.6715932
55.6801563,37.6638994
55.6853956,37.6656803
55.6786298,37.6656879
55.6852637,37.6903468
55.6854892,37.6914449
55.6858912,37.6921354
55.7772559,37.4638684
55.7926158,37.5059607
55.7390827,37.5309563
55.73925,37.5344941
55.7366589,37.5390777
55.7413623,37.5344373
55.7437403,37.5333243
55.741457,37.5339355
55.7464295,37.5585527
55.7446746,37.5572399
55.744185,37.5642086
55.7457336,37.565119
55.7624453,37.5356276
55.7847956,37.7023573
55.7845808,37.7020118
55.7828209,37.699689
55.7827876,37.7014116
55.7828029,37.7024023
55.620946,37.6700357
55.637553,37.6547667
55.6375385,37.6551888
55.6446702,37.6742062
55.6514591,37.643087
55.6524494,37.6416513
55.6548082,37.6492573
55.6575187,37.6534542
55.655374,37.6484663
55.6552475,37.6482676
55.6452843,37.6426144
55.6656915,37.6478074
55.6658325,37.6478485
55.6751898,37.6551911
55.663716,37.6336753
55.6634372,37.6314035
55.6633271,37.6304996
55.6728109,37.6622297
55.6731617,37.6573456
55.6783554,37.6494144
55.6348978,37.673262
55.6391345,37.6874678
55.6203953,37.6705209
55.6181903,37.6667924
55.6280844,37.6571417
55.627963,37.657183
55.6279358,37.6569193
55.7434682,37.651568
55.7529864,37.6468105
55.7526599,37.6428615
55.7490341,37.6447888
55.7475852,37.6400183
55.7462178,37.6381026
55.7352528,37.6568131
55.7349553,37.6568493
55.7322404,37.6398857
55.7014717,37.6262253
55.7013878,37.6262245
55.7213366,37.6276275
55.7065529,37.6675167
55.6903916,37.6220391
55.7110249,37.6219411
55.6638926,37.6309219
55.663849,37.6306656
55.6630398,37.6315643
55.6684331,37.590236
55.6687259,37.5904461
55.668256,37.5907953
55.6641619,37.6074122
55.7627689,37.657153
55.7669821,37.664307
55.7697346,37.6639355
55.7685445,37.6676506
55.7696628,37.6918932
55.7477707,37.7506415
55.6736127,37.4696344
55.677184,37.4640118
55.6763207,37.4654928
55.674277,37.4684832
55.6748878,37.469595
55.6742305,37.4707477
55.676436,37.4657083
55.6620292,37.4827076
55.6864914,37.4766303
55.686049,37.4782636
55.6766604,37.4649029
55.7395222,37.5358047
55.7369942,37.538945
55.7379957,37.5375534
55.7419697,37.5346023
55.738661,37.5360642
55.7422921,37.5341489
55.7341202,37.6428703
55.7345791,37.6431979
55.7494785,37.6679389
55.7595019,37.6727386
55.7667981,37.4753781
55.7467603,37.4249969
55.7451381,37.423294
55.7502935,37.4310757
55.7640307,37.4065765
55.7639448,37.4048172
55.6816136,37.6651653
55.68159,37.6646481
55.6815339,37.6637747
55.6420646,37.5506781
55.7154287,37.5356334
55.7119601,37.5273478
55.7115565,37.5264257
55.7062499,37.5136788
55.7136206,37.5044743
55.7071273,37.5126361
55.7073086,37.5118447
55.6935251,37.5363335
55.7017483,37.5220151
55.7064716,37.5142057
55.7509891,37.7130782
55.7252676,37.663676
55.727494,37.6511399
55.7396022,37.6530737
55.7312409,37.6727677
55.731162,37.6726575
55.732068,37.6712613
55.7275754,37.6807801
55.7137507,37.6649833
55.7176194,37.6637065
55.7138483,37.6651949
55.7179544,37.6638649
55.6414213,37.5505182
55.6514441,37.5511103
55.6228411,37.657209
55.622909,37.6569921
55.6290942,37.6633271
55.629499,37.6629544
55.6295227,37.6627491
55.6293329,37.6621061
55.6292322,37.6620263
55.6288206,37.6623795
55.7826165,37.6974051
55.7823034,37.7060454
55.7827192,37.6974884
55.7317232,37.6058428
55.7059499,37.8951313
55.7778121,37.6895872
55.7053316,37.887996
55.7825741,37.6971792
55.7813959,37.6963202
55.7811986,37.6959982
55.704187,37.8535379
55.711811,37.8495003
55.782477,37.6988786
55.6994354,37.8666687
55.7080106,37.8738265
55.7822376,37.6967436
55.6961586,37.8729165
55.7823675,37.6970423
55.7828843,37.6988199
55.7062425,37.8968408
55.6953717,37.8715842
55.698613,37.8652502
55.718446,37.8428555
55.7145689,37.8461732
55.779582,37.8418171
55.7760834,37.8380341
55.7769719,37.8433514
55.777164,37.8432778
55.6521947,37.5662337
55.6563195,37.5597233
55.6556947,37.4954918
55.6609839,37.4861967
55.6628262,37.483123
55.632457,37.4434057
55.6269456,37.439127
55.625374,37.4399317
55.6172492,37.447911
55.6068628,37.4581774
55.6067883,37.4592635
55.7221435,37.8233358
55.7214118,37.8255534
55.7442136,37.8302442
55.7373249,37.8252264
55.7754083,37.819579
55.7945984,37.7037746
55.7951607,37.7031044
55.7944148,37.7015166
55.7945608,37.7004693
55.7946347,37.6998534
55.7949009,37.7008634
55.7949793,37.7011016
55.794789,37.7012535
55.7748039,37.8363597
55.7679329,37.8394934
55.7676119,37.8237047
55.7670358,37.8221671
55.7669911,37.8227001
55.7682914,37.8222566
55.7496996,37.8319138
55.7500365,37.8319646
55.7498957,37.8323921
55.7956653,37.7044611
55.7963628,37.7031545
55.7964367,37.7029857
55.796765,37.7022123
55.7949431,37.7051881
55.7940942,37.7052188
55.7941242,37.7055274
55.7950688,37.7048617
55.7081101,37.8098812
55.7126352,37.7961073
55.7113827,37.8194403
55.699496,37.8076142
55.6972744,37.8049579
55.6969969,37.8056686
55.699221,37.8083689
55.7018881,37.8243005
55.6948638,37.8111552
55.695593,37.8092815
55.7013385,37.792699
55.6834585,37.6336482
55.6831553,37.6345416
55.6846084,37.6556155
55.8984723,37.5901576
55.8984649,37.5905747
55.8980517,37.5901708
55.8980471,37.5904994
55.8988046,37.5650479
55.8983125,37.5651896
55.6585063,37.5861801
55.65951,37.5628296
55.7378013,37.6980664
55.744401,37.6989104
55.7444634,37.6986689
55.7484272,37.699199
55.749883,37.697956
55.7926627,37.6008183
55.792542,37.5991276
55.7926699,37.6048577
55.7928463,37.6053838
55.7922046,37.6394176
55.7924285,37.6397458
55.791917,37.6369023
55.7924413,37.6540371
55.7854563,37.6632593
55.7858478,37.6631392
55.784589,37.6647649
55.7844479,37.6645567
55.7787706,37.6760722
55.7786208,37.675955
55.7681385,37.8452546
55.7666892,37.8432608
55.7687319,37.8456186
55.7729199,37.8433395
55.7704238,37.8430525
55.7722758,37.8430265
55.77072,37.8445895
55.7693989,37.8442683
55.7704914,37.843494
55.7673887,37.8417404
55.7673772,37.8428846
55.7665274,37.8428245
55.7673464,37.8403138
55.705019,37.4150923
55.6987026,37.4048809
55.6986892,37.4035695
55.6979706,37.4045522
55.7216622,37.4500207
55.7221416,37.4498295
55.7218341,37.4497016
55.7062044,37.4564621
55.7216356,37.4492306
55.7206371,37.4506429
55.7204562,37.4500618
55.6760167,37.4847437
55.6851458,37.4786429
55.6959198,37.4634199
55.6976876,37.463336
55.6968571,37.4631559
55.6930742,37.4673543
55.6926315,37.4696128
55.6926218,37.4686832
55.6864861,37.4769742
55.7084097,37.4585243
55.7062178,37.4582973
55.7228984,37.4787377
55.7198346,37.4624362
55.7289436,37.4789877
55.8800395,37.5567376
55.8783896,37.5465858
55.8936238,37.5366099
55.8921633,37.5320571
55.8892212,37.536661
55.8924657,37.5253285
55.8940477,37.5223541
55.8992139,37.5302888
55.8873505,37.5136654
55.8892448,37.5433657
55.8982548,37.5353604
55.7522674,37.5320487
55.7546867,37.5337802
55.7552834,37.5331554
55.7539425,37.5327559
55.7554263,37.5357544
55.7529367,37.5323254
55.7554294,37.5367858
55.7557596,37.5361024
55.7561893,37.5342443
55.7565317,37.5336173
55.7558003,37.5360682
55.7504771,37.5322435
55.7501769,37.5331905
55.7645017,37.7841589
55.7585839,37.7878088
55.7521456,37.7915403
55.7522421,37.7918818
55.7552934,37.7360509
55.8023999,37.7678692
55.765863,37.7898986
55.7623242,37.7722344
55.7592228,37.7561198
55.7512642,37.5375744
55.7519079,37.5364435
55.7518095,37.5362939
55.7497818,37.5333523
55.7496484,37.5329392
55.745255,37.5334586
55.7489661,37.5331779
55.7558564,37.5333937
55.7569071,37.5607184
55.7589475,37.558081
55.7541807,37.5605916
55.7566899,37.5586822
55.7555405,37.537332
55.7580583,37.549987
55.755946,37.5503014
55.7669995,37.5380264
55.7658229,37.5380246
55.7657134,37.5374525
55.763273,37.5607556
55.7628732,37.5632231
55.7607848,37.5787912
55.770686,37.5556672
55.7707716,37.5544111
55.7705278,37.5561809
55.7643735,37.5520633
55.7693898,37.5561351
55.7666037,37.5278661
55.7695945,37.5235071
55.7665031,37.5223576
55.768304,37.5283389
55.7681113,37.5290326
55.7572128,37.5446701
55.7651832,37.5456838
55.7654203,37.540515
55.7656327,37.5421311
55.7658799,37.5399782
55.7661935,37.5347649
55.6463885,37.4867139
55.6470393,37.484827
55.6519131,37.4874199
55.6649062,37.4843656
55.7337815,37.6422252
55.7726614,37.6759278
55.7641383,37.6563983
55.7696648,37.6696646
55.7696607,37.6698673
55.7591367,37.7564518
55.7780045,37.6961927
55.7810608,37.6965545
55.7743003,37.6893161
55.7731799,37.6871973
55.7741745,37.6851479
55.7763335,37.682252
55.7751121,37.6828243
55.7783862,37.6758868
55.7754462,37.6834733
55.7771195,37.6801021
55.7668272,37.6972423
55.6363842,37.4173154
55.8979838,37.5570435
55.9060174,37.5534074
55.9061439,37.5545254
55.8285234,37.825903
55.8280458,37.8256659
55.8279025,37.8254577
55.8271162,37.8247524
55.8240759,37.8249633
55.821578,37.7625097
55.6346176,37.4505784
55.6404208,37.4633729
55.6239126,37.4264144
55.7851793,37.7142283
55.7926442,37.6591159
55.7920501,37.6538608
55.7921015,37.654234
55.7972489,37.8124242
55.803287,37.8121021
55.8002603,37.7423361
55.8008259,37.7455539
55.7571057,37.7450289
55.8155871,37.6835545
55.8173777,37.8205521
55.8175494,37.8271378
55.8197857,37.7980562
55.8204035,37.8258807
55.8204139,37.8264258
55.8205218,37.834434
55.8236308,37.8239843
55.8234914,37.8218906
55.8230803,37.8252329
55.8294913,37.8264573
55.8297441,37.8164551
55.8233832,37.8168859
55.8290979,37.824626
55.8294175,37.8245252
55.8229905,37.8030821
55.8224392,37.8255295
55.8222933,37.8250603
55.8207447,37.8257304
55.8208073,37.8262519
55.8236029,37.8232679
55.8233568,37.8231799
55.8133784,37.8291466
55.801644,37.7820458
55.7986357,37.7691832
55.8096001,37.5953321
55.7951647,37.7752678
55.808277,37.6105929
55.7941421,37.7691639
55.7928876,37.7694635
55.7906916,37.7697489
55.790055,37.770313
55.7898953,37.7697616
55.7922723,37.5823057
55.7920956,37.7774382
55.7920054,37.776876
55.7814951,37.7427905
55.800589,37.7422575
55.8010209,37.7418761
55.8005007,37.7408385
55.8023921,37.7822563
55.8023896,37.7820099
55.7753041,37.8354411
55.7719621,37.8244797
55.7726737,37.8248695
55.7719559,37.8218121
55.7717621,37.8236326
55.7718465,37.8226159
55.7715282,37.8226454
55.7469787,37.6994255
55.7484073,37.6988907
55.7477356,37.6978879
55.7476948,37.6956079
55.7480243,37.6966016
55.747806,37.6957532
55.7504171,37.6970933
55.7495223,37.6983008
55.7485744,37.6990971
55.7482045,37.6983936
55.7486116,37.6987435
55.7482852,37.6990178
55.7485227,37.7014124
55.776809,37.5554052
55.7761356,37.7151261
55.7763824,37.7147091
55.8761145,37.5337411
55.878252,37.5459242
55.880729,37.5330369
55.8822026,37.5436421
55.6108902,37.4916515
55.6859491,37.8332356
55.6894083,37.8245087
55.684369,37.8372308
55.6071946,37.458879
55.6152275,37.4707367
55.6154177,37.4758564
55.6167965,37.461816
55.796126,37.3782185
55.782259,37.5301218
55.7833608,37.5245172
55.7961304,37.5126861
55.7997625,37.5155687
55.7938035,37.5106836
55.7935421,37.509234
55.7917928,37.5100863
55.6699651,37.5545629
55.6670634,37.5629046
55.6677172,37.5636177
55.6675357,37.564265
55.6750486,37.5714546
55.6110585,37.6034626
55.5956754,37.5961244
55.5957355,37.5889407
55.5958362,37.5884229
55.5959842,37.5881446
55.6047419,37.5900664
55.5934759,37.6155055
55.6006867,37.6215067
55.6070603,37.6245751
55.5961818,37.5963031
55.5889885,37.6140893
55.6049773,37.590125
55.6041759,37.5990906
55.6406966,37.6058253
55.6214337,37.6078316
55.6250632,37.596471
55.6232786,37.6086395
55.6222802,37.6147635
55.6229589,37.610114
55.6214157,37.6092413
55.621008,37.6081681
55.6139249,37.6277852
55.595085,37.6054126
55.5924098,37.6535315
55.5865897,37.6569453
55.64488,37.6193185
55.6413471,37.6070836
55.6415222,37.6039827
55.6465746,37.5765582
55.6495277,37.5631117
55.6412315,37.6070742
55.6454961,37.6198098
55.5917896,37.6004252
55.6222339,37.6150377
55.6324666,37.6190537
55.6419831,37.6054456
55.6419344,37.6057832
55.6413926,37.6041326
55.6406136,37.6053804
55.64728,37.5985519
55.7896525,37.5713365
55.7911246,37.5684548
55.7908208,37.5696549
55.7911702,37.5695947
55.7943911,37.5467319
55.7938428,37.5459832
55.7921056,37.5500111
55.7921093,37.5508873
55.792609,37.5507211
55.7826747,37.5338036
55.7557088,37.6922151
55.7582554,37.6858519
55.8359987,37.4126596
55.7060277,37.5805601
55.7079548,37.5783556
55.7065798,37.5807227
55.6555354,37.3950219
55.653768,37.386724
55.7067848,37.6211198
55.7052383,37.6167426
55.7062921,37.6202068
55.6855001,37.5541118
55.5907274,37.5299415
55.6462239,37.4751103
55.6828638,37.6340562
55.83028,37.6008604
55.8325176,37.5920665
55.8334352,37.5952977
55.8232407,37.633849
55.8236863,37.6024612
55.8214923,37.6348456
55.8216296,37.6167295
55.8244622,37.6167927
55.6411558,37.8161175
55.6422645,37.794849
55.6939662,37.3840912
55.5930833,37.5304433
55.5912368,37.5270957
55.5924542,37.5288557
55.5923875,37.5283806
55.7434335,37.6046376
55.7439459,37.6032143
55.7441727,37.6034469
55.7363644,37.5950069
55.7313855,37.5944339
55.7279596,37.5833075
55.7642522,37.3820038
55.7090994,37.5092177
55.8094081,37.3811002
55.7493045,37.6559052
55.7506284,37.6591665
55.7509734,37.6560683
55.7022073,37.792631
55.7002788,37.7968454
55.7713603,37.4756741
55.7712392,37.4748888
55.7678196,37.4750571
55.7682608,37.5103915
55.7703245,37.5045457
55.786598,37.5642983
55.7908281,37.5548135
55.7929812,37.5498848
55.7923841,37.551237
55.7920904,37.5519316
55.7914203,37.5515581
55.8059927,37.5098476
55.8016493,37.5102672
55.7947612,37.5178925
55.7933713,37.518089
55.7771541,37.4597319
55.7718046,37.4646753
55.771761,37.4642085
55.7443752,37.4014728
55.7338595,37.4046195
55.7428594,37.3992034
55.7373496,37.4107364
55.7388371,37.4129629
55.7948895,37.4075802
55.7996462,37.3901918
55.7584331,37.5229781
55.7694502,37.5151689
55.7750836,37.5376765
55.7708319,37.5005972
55.7761138,37.4577429
55.6288469,37.4380946
55.6295516,37.4339766
55.6300857,37.4352524
55.6207215,37.4459467
55.7487423,37.7031932
55.7437414,37.7064798
55.744126,37.7008301
55.7452828,37.7004517
55.7460448,37.7001972
55.7465786,37.66935
55.7467062,37.6702615
55.7429211,37.4258582
55.7425326,37.4185909
55.6565269,37.6055315
55.6533889,37.6052974
55.7574862,37.5979592
55.7586488,37.5858975
55.7878645,37.3837194
55.7890316,37.3943537
55.7925708,37.3952434
55.7637713,37.68611
55.7629745,37.6861769
55.7729614,37.6869735
55.7732487,37.6867924
55.7734374,37.685647
55.7880126,37.3813653
55.7893185,37.3835388
55.7945349,37.396733
55.7954436,37.4958005
55.6527547,37.479788
55.6527437,37.479413
55.8494572,37.6747523
55.8468395,37.6708717
55.847034,37.6709137
55.8472109,37.6704616
55.7891179,37.4543115
55.8056627,37.5823869
55.8720079,37.5193024
55.8736639,37.5142738
55.7725995,37.5896457
55.7720724,37.5887202
55.7739654,37.5872317
55.8589764,37.59546
55.8564004,37.5838426
55.8559215,37.5840832
55.8565798,37.5851607
55.8599552,37.6013879
55.8582956,37.5972001
55.8578647,37.5943992
55.8577358,37.5944465
55.85407,37.6198416
55.8597076,37.492359
55.7544572,37.6002525
55.7530097,37.6001823
55.7545342,37.60052
55.8250606,37.4936471
55.7529963,37.6010652
55.7546618,37.6009409
55.7551829,37.600527
55.7940096,37.5476173
55.8648716,37.5459434
55.8602839,37.5544216
55.8729852,37.5294348
55.7617179,37.6868197
55.7620078,37.6868049
55.7630192,37.6865915
55.7628675,37.6818807
55.7716171,37.6861604
55.7502441,37.6658585
55.7510035,37.6557939
55.7497693,37.6556988
55.7495091,37.6530106
55.6081125,37.5362743
55.6086121,37.5340321
55.6229301,37.5424741
55.6227826,37.5430387
55.6224088,37.5432968
55.6222815,37.542552
55.7919601,37.5769777
55.7916894,37.5706492
55.7912592,37.5707487
55.6622156,37.7733812
55.6667332,37.7678863
55.7596611,37.6835934
55.7585691,37.6853612
55.760315,37.6855967
55.8143839,37.5009328
55.8124681,37.5025258
55.8118138,37.5035918
55.8126539,37.5029027
55.8127346,37.5035811
55.8126517,37.5031659
55.7772383,37.5836698
55.7775311,37.5838913
55.6623327,37.4373103
55.6673766,37.4585652
55.6712067,37.4524675
55.7889156,37.3774133
55.7724868,37.4210824
55.8524391,37.4965758
55.8724682,37.4394832
55.8445189,37.4547098
55.7499566,37.7799203
55.7459002,37.7823482
55.8519808,37.4521686
55.8331314,37.4053086
55.8308823,37.4050108
55.6798209,37.8491593
55.684424,37.8547452
55.6912128,37.8600169
55.6923433,37.8504104
55.6961277,37.8475266
55.6766318,37.8579593
55.6760674,37.8571649
55.6757733,37.8567381
55.6777846,37.8591143
55.6882393,37.8471386
55.7000061,37.853688
55.8168478,37.7026558
55.6911273,37.5896279
55.6848108,37.5828182
55.6844231,37.5824283
55.6913486,37.5889679
55.6850181,37.582209
55.6846378,37.5817713
55.6797893,37.5958817
55.679244,37.5964192
55.6788805,37.5963568
55.6798117,37.5961331
55.6798932,37.5959815
55.6661604,37.4840222
55.8989581,37.6233513
55.6580329,37.5420095
55.6550239,37.556658
55.6575119,37.5489622
55.6544891,37.5424186
55.6873048,37.8297796
55.7317413,37.4921489
55.785752,37.5662219
55.8088672,37.5059782
55.8048007,37.5046713
55.7588468,37.5847929
55.7542768,37.5705474
55.7538866,37.5706556
55.7544422,37.5699152
55.7530941,37.5738051
55.7509154,37.575462
55.7518455,37.5751997
55.7525152,37.5754423
55.7525103,37.5742897
55.7605297,37.5802903
55.7593423,37.5829988
55.7565979,37.5840099
55.7530131,37.5831149
55.7529413,37.5836812
55.7725812,37.5731031
55.7798506,37.5581505
55.7847039,37.5664917
55.7863752,37.5614687
55.7875239,37.5603234
55.7870323,37.5613985
55.7783782,37.5809151
55.7794239,37.5798859
55.7858263,37.5660672
55.7782757,37.580301
55.7784481,37.580311
55.7771232,37.5835014
55.7852922,37.5672023
55.770705,37.5552282
55.7699414,37.5552643
55.786469,37.5626016
55.7833821,37.5571854
55.7801602,37.5575896
55.7801185,37.55806
55.7820035,37.554552
55.7817627,37.5549376
55.795453,37.5430156
55.802879,37.5242125
55.7970132,37.5136485
55.7689688,37.842496
55.769286,37.8417132
55.7676272,37.8442677
55.7574695,37.3980232
55.8071175,37.503993
55.7780673,37.5230086
55.7780605,37.4585367
55.7768413,37.4648629
55.7796436,37.4489425
55.7760733,37.4673808
55.8074064,37.6748387
55.7800008,37.6204381
55.7942984,37.6342826
55.8010495,37.6357088
55.7797075,37.6412894
55.772651,37.6325778
55.7763055,37.5034857
55.7777283,37.5139351
55.7761497,37.5029999
55.7760002,37.5031375
55.7762273,37.5035797
55.7874253,37.5446102
55.7873649,37.5447462
55.7826047,37.5339419
55.7736369,37.5449282
55.7782005,37.5232389
55.7781478,37.522835
55.773368,37.5485478
55.7733857,37.5488846
55.7709201,37.5553067
55.7632932,37.5605848
55.7750429,37.538422
55.7916023,37.6712934
55.6619797,37.4369317
55.6917651,37.8602603
55.6803513,37.8498578
55.8317432,37.4005929
55.8356663,37.3845483
55.8158469,37.638358
55.8192743,37.6392381
55.815887,37.6386779
55.8168753,37.6392139
55.8187782,37.6397951
55.8212951,37.6345543
55.8210887,37.6353602
55.8210853,37.6361451
55.8221378,37.6353123
55.8119106,37.6248232
55.8128798,37.6236126
55.8128737,37.6198309
55.8129046,37.618522
55.8120639,37.6193335
55.8120768,37.6186137
55.8149664,37.6325788
55.8159703,37.631294
55.8184642,37.6385242
55.8181296,37.6385861
55.8185293,37.6387866
55.8211688,37.6307417
55.8213221,37.631189
55.810702,37.6272778
55.8098554,37.6372175
55.8100637,37.6369748
55.8070275,37.6814776
55.7518706,37.570131
55.7914357,37.6649353
55.78745,37.6750484
55.7896871,37.6664336
55.7891997,37.6595967
55.6991946,37.3949639
55.6854935,37.4157539
55.6820717,37.4167913
55.6818333,37.416149
55.6820528,37.4157436
55.6825268,37.4159567
55.687894,37.43685
55.697716,37.4613893
55.6260175,37.7551275
55.619144,37.7750479
55.6188287,37.7800626
55.625708,37.7552806
55.6189442,37.7777061
55.6188895,37.7792436
55.6186003,37.7806841
55.6168915,37.7865485
55.7500614,37.4100788
55.7503014,37.4104235
55.7929393,37.505781
55.7964841,37.5112704
55.79376,37.5052197
55.7772286,37.5172836
55.6565456,37.5711065
55.6608115,37.5586858
55.6643069,37.5484161
55.6462373,37.5965236
55.7157645,37.3985473
55.7129727,37.7297973
55.7156797,37.725597
55.6320027,37.6223257
55.7060711,37.537627
55.7067955,37.5363531
55.7407664,37.6540498
55.7414839,37.6545753
55.7416789,37.6545649
55.7417846,37.6535222
55.7409888,37.6527926
55.741435,37.6531748
55.7165484,37.5173943
55.7842124,37.6229816
55.7887294,37.6223504
55.7492244,37.5826426
55.752525,37.5825151
55.7503358,37.5826915
55.7759654,37.670933
55.7794133,37.6662784
55.7711062,37.6721929
55.7720389,37.6555432
55.7697322,37.6629987
55.7721723,37.6639245
55.7723655,37.6945509
55.7727386,37.6833792
55.7741734,37.6854717
55.7751466,37.6871788
55.7482341,37.6470234
55.7489159,37.6472061
55.750291,37.6660481
55.7480102,37.6681656
55.7641054,37.6853043
55.7000182,37.6673001
55.6998241,37.6670787
55.7012109,37.6679727
55.7202891,37.6177554
55.7209027,37.6223712
55.7290999,37.6177203
55.7386799,37.6154481
55.7304977,37.6120314
55.7304856,37.6122772
55.6428696,37.588617
55.7645712,37.6055673
55.7647742,37.6052008
55.7652721,37.6042748
55.7731582,37.5906264
55.7745483,37.5882432
55.7784939,37.5810905
55.7486606,37.6091191
55.7449085,37.6679472
55.7476646,37.6682413
55.7490451,37.6675116
55.7493653,37.6672667
55.7503774,37.6661998
55.7505379,37.6658527
55.7417317,37.6550252
55.742053,37.6547069
55.7438392,37.6552966
55.7342169,37.5971793
55.7310427,37.5941649
55.7349063,37.598033
55.7357022,37.5940693
55.6727091,37.5779426
55.7456585,37.624048
55.7446047,37.6205345
55.7465635,37.6374854
55.7455758,37.6358334
55.5888133,37.5460031
55.7301025,37.617838
55.7299368,37.62326
55.730085,37.618704
55.7291849,37.619032
55.7297357,37.6163075
55.7296839,37.6255118
55.7569417,37.6153567
55.7320837,37.6051004
55.7350869,37.5946588
55.7344964,37.5963837
55.7331282,37.5929821
55.7349084,37.5942126
55.7350089,37.5938226
55.7331779,37.5928037
55.7354723,37.5938618
55.7368834,37.5825445
55.728085,37.6108015
55.7212787,37.6004261
55.7087652,37.5815557
55.7101663,37.5843591
55.70903,37.5819639
55.7073693,37.5795217
55.7063582,37.5800214
55.7069224,37.5790914
55.7078597,37.5774119
55.7070108,37.5788251
55.7077161,37.5801998
55.7081687,37.5819898
55.709446,37.5845494
55.7103741,37.5851287
55.7075952,37.5803976
55.7087013,37.5833887
55.7119254,37.5797746
55.7075415,37.5863037
55.7102901,37.5823493
55.7091856,37.5822092
55.7069234,37.5885194
55.7071555,37.587857
55.712056,37.5800347
55.6950702,37.5567628
55.694501,37.5575285
55.7071907,37.5785223
55.7067367,37.5794018
55.7041108,37.5744949
55.729962,37.6123085
55.7302672,37.6142604
55.7301835,37.6142525
55.7307607,37.6083013
55.730883,37.6084612
55.765606,37.6374762
55.7486701,37.6823232
55.7562799,37.6929912
55.758487,37.6956085
55.7563503,37.693072
55.7560376,37.6938396
55.7465615,37.6793824
55.7464195,37.6687854
55.7462948,37.6684441
55.6840348,37.6000507
55.7111832,37.621005
55.7116264,37.6210376
55.7122612,37.6223482
55.7423797,37.6155386
55.7480291,37.6121201
55.6725755,37.5469273
55.673002,37.5475795
55.6684141,37.5419425
55.6684678,37.5423066
55.6674752,37.5421052
55.6699344,37.5411739
55.7310119,37.5785122
55.7336871,37.5754326
55.7228011,37.5554027
55.7375943,37.5757166
55.698932,37.5003875
55.6943211,37.5085326
55.6945068,37.5088738
55.6991625,37.5007977
55.7056047,37.5367762
55.7088389,37.5426067
55.7093044,37.5409079
55.706333,37.535509
55.7156479,37.5665937
55.7170288,37.5704555
55.7165153,37.5683126
55.7169844,37.5701167
55.8069001,37.756983
55.8088445,37.7643044
55.8042395,37.7591664
55.7703087,37.7281102
55.7738399,37.744065
55.7673936,37.7307596
55.7586274,37.7390399
55.7620315,37.7454932
55.759153,37.6940446
55.6608873,37.5588265
55.6630139,37.5611225
55.6668538,37.5635236
55.6747554,37.5719844
55.735138,37.7053784
55.7385672,37.6932942
55.7459498,37.6810653
55.7462108,37.680161
55.7462516,37.6800278
55.7494674,37.669425
55.7480932,37.6686081
55.747637,37.6685383
55.8210849,37.4493271
55.8502034,37.402706
55.8641089,37.4337955
55.7822979,37.7225168
55.7801258,37.7181531
55.7083822,37.4819672
55.7108757,37.4731848
55.7075913,37.4833444
55.7134776,37.4745858
55.7254113,37.4941553
55.7252644,37.4955805
55.7249998,37.4964773
55.7255967,37.495933
55.803656,37.7076755
55.7959169,37.7142976
55.716952,37.782989
55.7466614,37.6802624
55.6632189,37.6137116
55.6623168,37.6196251
55.6617404,37.619609
55.6631347,37.6212702
55.7794144,37.7207803
55.7563873,37.7414314
55.7545405,37.5190095
55.7552272,37.5214779
55.7549126,37.5216122
55.7611227,37.5209729
55.8214568,37.6359702
55.8213528,37.6359017
55.8225738,37.6362024
55.8218708,37.6355628
55.8217836,37.6354969
55.8276872,37.6489043
55.8272266,37.6453208
55.8280602,37.6438382
55.7793127,37.6225175
55.7743599,37.6202608
55.7914127,37.6345515
55.8016921,37.7486412
55.8175324,37.6780894
55.8262403,37.6464428
55.7488372,37.6672362
55.7502416,37.6656001
55.7488216,37.6668325
55.7520311,37.5625779
55.7505628,37.5672549
55.7512915,37.5709199
55.6759729,37.5391073
55.6947261,37.5572287
55.7051125,37.6173335
55.6883974,37.5866645
55.6886051,37.5860401
55.6898788,37.582292
55.6905557,37.5803316
55.6760972,37.573632
55.6779514,37.5760579
55.6327816,37.4192553
55.6286718,37.4289035
55.6298275,37.4216383
55.6261555,37.4192314
55.6182375,37.7825697
55.6158236,37.7781256
55.7359138,37.7019434
55.7348458,37.7004885
55.7353962,37.7038385
55.6784705,37.5625084
55.6781246,37.561956
55.6781883,37.5630005
55.6778077,37.5625891
55.6706892,37.555002
55.7064176,37.5901622
55.612395,37.5914262
55.6129262,37.5915671
55.6123519,37.5920307
55.6127622,37.5922672
55.6891332,37.5843405
55.7307602,37.6605027
55.8027759,37.8121498
55.802804,37.7744843
55.7967579,37.8124464
55.6297177,37.4739533
55.7461612,37.6134048
55.7444911,37.6146508
55.7463651,37.6246566
55.7465037,37.6260682
55.7503703,37.6425733
55.7489134,37.6416459
55.7060362,37.6205178
55.7057792,37.6212495
55.7055864,37.592375
55.7014811,37.5789294
55.6917755,37.6021249
55.6836088,37.5595883
55.6814519,37.5664529
55.6813182,37.5663092
55.681204,37.5666507
55.6859772,37.5935493
55.7043515,37.6371482
55.7492092,37.5829107
55.7519401,37.5835082
55.7519658,37.5829779
55.6529289,37.7762656
55.6514272,37.772368
55.6562209,37.7420223
55.6629063,37.757908
55.6564584,37.7617933
55.6562617,37.7616925
55.6518272,37.7676696
55.6493634,37.7670184
55.6629458,37.7542852
55.6566531,37.7625899
55.6641549,37.7628444
55.6589692,37.7493002
55.6664331,37.7520011
55.6601351,37.7373817
55.6604879,37.7381155
55.7587943,37.5785626
55.850195,37.6761417
55.8505134,37.6772869
55.6531943,37.619148
55.595487,37.5885186
55.8370609,37.5742152
55.8373907,37.5740436
55.8410241,37.5704221
55.8373282,37.5732532
55.8490579,37.5674386
55.8393499,37.5778033
55.8414985,37.5699982
55.8409184,37.5677024
55.8399173,37.5708142
55.8544459,37.5626228
55.8631079,37.549716
55.8629335,37.5494682
55.8610985,37.5533498
55.8683374,37.5466347
55.8980854,37.5435514
55.8683394,37.5472082
55.8016149,37.7108356
55.7969747,37.7019556
55.8022237,37.7023722
55.8002693,37.7030797
55.8011506,37.708205
55.8214293,37.6167053
55.821405,37.6206873
55.7963213,37.7143644
55.7498365,37.6253085
55.7457441,37.624682
55.7463934,37.6249223
55.8472356,37.5845732
55.8470301,37.5842996
55.8472026,37.5851479
55.8435596,37.5858766
55.8468144,37.5799758
55.7214898,37.5635299
55.7653587,37.6044139
55.7506451,37.5668773
55.7330266,37.5429215
55.733385,37.5428274
55.6880658,37.4811534
55.6772687,37.4638669
55.671034,37.4514535
55.6692408,37.4460639
55.685837,37.4778468
55.6860212,37.4772442
55.6854382,37.4779576
55.6857492,37.4767629
55.6861332,37.4774486
55.6601423,37.4101067
55.6617856,37.4294714
55.6675166,37.7701014
55.677506,37.7491806
55.6771921,37.7593148
55.6768138,37.7623136
55.6753904,37.7724638
55.674965,37.7737884
55.6708596,37.7792903
55.6808939,37.749387
55.6818453,37.764297
55.6799292,37.7802284
55.6803731,37.779007
55.6817756,37.7756825
55.6816373,37.761048
55.6711313,37.748733
55.6734613,37.7578854
55.6734661,37.7594105
55.6942175,37.7542941
55.6934238,37.7443619
55.6806196,37.7451629
55.671048,37.7466602
55.6773025,37.7457413
55.6925823,37.7282194
55.6890238,37.7192947
55.6884168,37.7171167
55.6663834,37.7202061
55.6917241,37.7302619
55.7099169,37.7267817
55.712288,37.721545
55.6943026,37.755165
55.7005107,37.7502075
55.70151,37.7495428
55.7006119,37.7511082
55.7016755,37.7504176
55.6965782,37.7387454
55.6976568,37.7520576
55.6326819,37.6137651
55.6219878,37.6086361
55.6236655,37.6094237
55.6226527,37.6089449
55.6838375,37.7308887
55.6826238,37.7303622
55.6787768,37.6644516
55.6727332,37.8071274
55.7208268,37.6998623
55.8212028,37.4460417
55.8199693,37.4496653
55.8178957,37.4573916
55.7022746,37.5489462
55.7023474,37.5486001
55.7015117,37.5475029
55.6588268,37.7692423
55.8419552,37.6362714
55.6675285,37.7712169
55.6735076,37.7953505
55.674748,37.7983231
55.674287,37.798848
55.6732527,37.7964541
55.6731116,37.7590579
55.6734543,37.7609496
55.6714666,37.7609585
55.6724449,37.7598216
55.6723646,37.7605319
55.6734674,37.7584484
55.6679248,37.7722017
55.6983069,37.5495315
55.6922032,37.5386829
55.6242085,37.7102684
55.6200279,37.712351
55.6108579,37.7169383
55.6013395,37.7219792
55.6110123,37.717874
55.6129449,37.7165218
55.613334,37.7157122
55.613029,37.7162443
55.707613,37.6649253
55.710616,37.6668303
55.7085606,37.6661295
55.7082266,37.6655776
55.7089053,37.6684342
55.703362,37.6588411
55.7055189,37.6625739
55.7082743,37.6682983
55.7037075,37.6593375
55.7073002,37.6656429
55.7053518,37.6674476
55.7070726,37.6662279
55.7077602,37.6663929
55.7066258,37.6672734
55.7064728,37.6672393
55.7059733,37.6670761
55.7065619,37.6666231
55.705999,37.6680735
55.7068197,37.6681471
55.6083707,37.7182116
55.6077678,37.7188531
55.601071,37.7225412
55.6529595,37.7333578
55.6564752,37.7273028
55.656643,37.7265126
55.6879957,37.5459876
55.6941226,37.5568498
55.7007912,37.5468788
55.7012864,37.5475275
55.7720945,37.6532407
55.7724541,37.6524382
55.6686274,37.5417595
55.6666416,37.5416028
55.6804817,37.5334274
55.6862482,37.5232787
55.6802178,37.5330279
55.6860386,37.5228955
55.7995666,37.6858242
55.6312344,37.4387992
55.7813819,37.6701607
55.721258,37.7059184
55.7217295,37.7069456
55.7231374,37.6929666
55.7013296,37.6672434
55.7013794,37.6666762
55.690119,37.6658617
55.6797685,37.7356307
55.6423967,37.6695854
55.6653607,37.6297209
55.6733668,37.6565301
55.6677506,37.6604808
55.6922357,37.7555879
55.7095461,37.729618
55.8181585,37.4575125
55.820216,37.4511804
55.820937,37.4502651
55.820954,37.4485741
55.6089545,37.6652056
55.6090448,37.6653533
55.7191061,37.7824243
55.718338,37.7794755
55.7179379,37.7786267
55.7181981,37.780076
55.7184139,37.7810498
55.7186884,37.7808198
55.7189579,37.7832444
55.7168426,37.7743975
55.7123468,37.7779934
55.7093904,37.7804381
55.707374,37.7945449
55.6035032,37.5997478
55.6044502,37.6001756
55.6508253,37.7441281
55.659664,37.7404108
55.6610165,37.7407266
55.6546297,37.742662
55.6551257,37.7420534
55.6534269,37.7430957
55.7257795,37.4594979
55.6614075,37.7394874
55.7254841,37.4601516
55.71971,37.4614539
55.6622443,37.7413727
55.7205221,37.7987359
55.7210546,37.7910309
55.7217732,37.7943546
55.7227459,37.7962706
55.72189,37.7947274
55.7220781,37.7937383
55.722238,37.7932287
55.7219083,37.7936337
55.7106468,37.76274
55.7056198,37.7645911
55.705519,37.7645513
55.717996,37.4511285
55.7180869,37.4517912
55.7261272,37.4616136
55.7144241,37.462664
55.7113969,37.4545335
55.7209121,37.4687675
55.6990348,37.7330762
55.6961525,37.7337796
55.6926529,37.7350985
55.6685745,37.7405096
55.6769028,37.7390424
55.7255586,37.4611769
55.7270713,37.4787697
55.7304189,37.4892849
55.7002088,37.7973945
55.7306367,37.4825516
55.7021134,37.7929467
55.7301169,37.4821815
55.730394,37.4837201
55.7088998,37.4554567
55.6961203,37.4641286
55.6974072,37.4627128
55.6977871,37.4619567
55.6981467,37.461522
55.6918375,37.4697192
55.691917,37.4698522
55.6932879,37.4678197
55.6925154,37.4691085
55.7069296,37.4826738
55.7464212,37.5138921
55.7450385,37.5127905
55.738935,37.5072693
55.7405595,37.5035865
55.7458201,37.5120345
55.7400352,37.502963
55.7406173,37.4992483
55.8505753,37.4027744
55.7696764,37.5563489
55.7829369,37.6961338
55.7827258,37.6959466
55.7694738,37.646125
55.7615949,37.686794
55.7617171,37.6864876
55.859082,37.4889238
55.6506381,37.6594373
55.8622732,37.4217885
55.8030927,37.7972512
55.8026,37.7972636
55.8639014,37.6055623
55.7230154,37.6933211
55.615706,37.4759288
55.6210863,37.4735462
55.6474516,37.3890002
55.7207445,37.7000288
55.7188769,37.6933444
55.7186938,37.6942078
55.718133,37.6935957
55.7186322,37.6972352
55.7194892,37.6992312
55.7218311,37.6979457
55.7213058,37.699302
55.7206669,37.7023224
55.7223168,37.6993692
55.7217356,37.7056675
55.7230628,37.7102384
55.7219521,37.7013585
55.7963109,37.612825
55.7970608,37.5981423
55.778141,37.4602009
55.7690542,37.4748174
55.7752122,37.4767691
55.8235366,37.5581528
55.7877615,37.660194
55.7876469,37.6615484
55.7917867,37.6542171
55.7951455,37.5083385
55.8841781,37.5864567
55.6816763,37.7338342
55.6838413,37.7344245
55.6840718,37.7348957
55.6695775,37.4279359
55.6709598,37.4258918
55.669294,37.427145
55.6692319,37.4267508
55.8066075,37.4576359
55.6876856,37.5729578
55.6645057,37.5483022
55.6643865,37.5481773
55.7981793,37.502139
55.8040643,37.5170828
55.8019051,37.5129988
55.7998621,37.5040571
55.7987326,37.5015468
55.7986328,37.5000262
55.7970211,37.5000788
55.795549,37.4975432
55.7957218,37.4972851
55.7462656,37.5536951
55.747131,37.5550921
55.74583,37.4202529
55.7469159,37.4190611
55.5894491,37.5985017
55.5873799,37.5985638
55.5864261,37.5975415
55.595545,37.601119
55.8407334,37.5805258
55.8468289,37.5806822
55.836742,37.5791317
55.8363292,37.578436
55.8361888,37.5789255
55.8361917,37.5791784
55.8361544,37.5797012
55.8131249,37.593672
55.8109825,37.5943652
55.8110353,37.5948786
55.8192453,37.5922801
55.8622808,37.5841866
55.8622885,37.5844246
55.8622888,37.5849445
55.791562,37.5892035
55.7909101,37.5898055
55.8389831,37.4812426
55.7015618,37.5219097
55.8661634,37.5844197
55.8676316,37.5846849
55.8669733,37.5836578
55.8442769,37.5845007
55.8438011,37.5847973
55.8460927,37.5904291
55.8449871,37.5879688
55.8861119,37.5857831
55.8401866,37.5710951
55.8091904,37.5800103
55.8090401,37.5793197
55.6464715,37.5764637
55.6891151,37.4735271
55.6473817,37.4856309
55.6478048,37.4826619
55.6700518,37.5543101
55.6418556,37.4664303
55.6431453,37.4690214
55.6486032,37.4808064
55.651299,37.4865779
55.6555677,37.4957371
55.6634864,37.5089036
55.6709756,37.5199531
55.6944441,37.5562758
55.684148,37.5404471
55.6946149,37.5559528
55.819373,37.5808295
55.7912015,37.6133377
55.8069185,37.6158197
55.8070548,37.6178666
55.8050693,37.6313222
55.8044997,37.6364003
55.8273921,37.6475844
55.7470427,37.6552306
55.75624,37.6906273
55.7590516,37.6939246
55.7228252,37.7942026
55.7257168,37.7725506
55.7270884,37.7584518
55.8058689,37.5032462
55.8036572,37.4958396
55.8146107,37.6577347
55.8208111,37.6643058
55.8146944,37.6578204
55.8138567,37.6606186
55.7997426,37.481557
55.8005303,37.4829316
55.7353329,37.6993936
55.7347796,37.6999733
55.7356672,37.6985036
55.736741,37.6957007
55.7365682,37.6974161
55.8084219,37.5806157
55.8092414,37.5801834
55.8094127,37.5807296
55.7334588,37.6983647
55.734739,37.6993369
55.7907606,37.6555472
55.7905499,37.656665
55.7903804,37.656028
55.7906206,37.6562386
55.7333708,37.7122835
55.8451555,37.5849855
55.7341345,37.7013012
55.750026,37.6539095
55.7445239,37.6347615
55.7032128,37.5711219
55.7033139,37.5719295
55.6882731,37.5449246
55.6892385,37.542545
55.6880427,37.544585
55.6863978,37.5474521
55.6884772,37.5451538
55.6882897,37.5455255
55.6922958,37.5379602
55.692772,37.5376876
55.6929234,37.5366506
55.6881994,37.5448188
55.6893767,37.5427748
55.6878933,37.5453718
55.687754,37.5456235
55.7232202,37.7096465
55.7337478,37.6970534
55.7952744,37.483387
55.8181813,37.6171971
55.7773155,37.5176153
55.8172473,37.4600802
55.8036093,37.5187302
55.7099082,37.7457264
55.7200953,37.7399073
55.7201563,37.7332371
55.7277652,37.7542142
55.7275571,37.7547852
55.7307873,37.7335134
55.7077015,37.7507938
55.7099278,37.7475983
55.7357445,37.7339188
55.72395,37.4509032
55.8426236,37.3836639
55.7508191,37.5089269
55.7513757,37.5103693
55.7472706,37.4947562
55.798355,37.6126613
55.7964926,37.6191228
55.7964222,37.6161382
55.6933779,37.5358141
55.6931451,37.5370324
55.693287,37.535561
55.6934294,37.5365088
55.7003341,37.5459497
55.7184067,37.57006
55.7159053,37.5666813
55.7268745,37.581574
55.7316112,37.5915526
55.8690829,37.6216964
55.8695973,37.6209749
55.6561266,37.7416118
55.6560684,37.7413737
55.7267735,37.7595187
55.72656,37.7592555
55.7278677,37.7547736
55.7265395,37.7589781
55.7248,37.7652277
55.7272472,37.7679563
55.7233262,37.7695688
55.7231131,37.7693565
55.7258141,37.7722558
55.723233,37.7698452
55.7230202,37.7696438
55.7946101,37.6240908
55.8217279,37.602813
55.6903153,37.6657124
55.7539108,37.5196492
55.7551841,37.5226511
55.7337639,37.4244767
55.7374346,37.4245824
55.7338436,37.4119583
55.7885989,37.3832453
55.7881115,37.3821053
55.7881635,37.3814431
55.7727291,37.6545043
55.7725935,37.4239029
55.7720148,37.4247899
55.7724209,37.423986
55.7766988,37.4692232
55.7769095,37.4679066
55.7776945,37.4628168
55.811999,37.3985836
55.7505464,37.4324445
55.7536507,37.4325924
55.7352287,37.4617489
55.736488,37.4669005
55.7425534,37.4784438
55.7429668,37.4802013
55.7432653,37.4808846
55.7428155,37.4798724
55.7402531,37.4819826
55.7424055,37.4283279
55.7525223,37.405726
55.7285403,37.6528327
55.8640296,37.4360292
55.8507814,37.6765168
55.8475552,37.659649
55.8479327,37.6602108
55.8483924,37.6598276
55.8479136,37.6597361
55.8176817,37.7087254
55.8107816,37.579939
55.8106341,37.5804226
55.8120355,37.5786612
55.8109811,37.5792189
55.7118971,37.4376901
55.7209291,37.4336695
55.7197836,37.4240073
55.7375188,37.5108103
55.7374181,37.51052
55.7370806,37.5099598
55.8443127,37.4246277
55.7926327,37.492138
55.7411817,37.6548111
55.7436494,37.7076109
55.8430202,37.4788551
55.8048759,37.5163068
55.6830255,37.5372388
55.6910578,37.5398343
55.6909352,37.5396147
55.6799432,37.5115411
55.6793655,37.5112734
55.6931251,37.5362784
55.6942284,37.5343373
55.6938296,37.5346351
55.6915252,37.5330875
55.691651,37.5337063
55.6918966,37.5330424
55.6916128,37.5329096
55.690079,37.5297922
55.68604,37.5236306
55.6858345,37.5232602
55.6861431,37.522702
55.6863642,37.5231011
55.6795831,37.5118853
55.6793602,37.5108503
55.6859534,37.5230464
55.6861643,37.5234219
55.6734558,37.5246249
55.8008793,37.610339
55.7336824,37.8123927
55.7764573,37.4584229
55.7443135,37.4225879
55.7298977,37.7485956
55.729779,37.7473363
55.7317694,37.5452536
55.6393306,37.537846
55.6395401,37.5379243
55.6389764,37.5379052
55.6391726,37.5388875
55.6380247,37.54323
55.7718901,37.5001002
55.8373805,37.6367204
55.8376022,37.6373743
55.7605294,37.4661626
55.7500589,37.4330442
55.6554083,37.5399973
55.7841108,37.5968323
55.6897621,37.5303288
55.702602,37.5482182
55.7019562,37.5477969
55.7011637,37.5462565
55.7021746,37.5476096
55.7024418,37.5484524
55.7175858,37.568965
55.7165679,37.5672806
55.7259787,37.5904101
55.6784847,37.5745266
55.793322,37.5471947
55.7153726,37.5363153
55.7056179,37.5134639
55.7033531,37.5176846
55.7223876,37.5755007
55.7225193,37.575194
55.7270537,37.5813713
55.7256318,37.5794146
55.7263041,37.577757
55.7221862,37.5752227
55.73629,37.5834322
55.6530768,37.6055732
55.6530747,37.6053107
55.6534827,37.6190933
55.6530952,37.581205
55.653189,37.5812887
55.6565871,37.5709766
55.6566885,37.5710899
55.6594322,37.5627471
55.710051,37.6655363
55.7717839,37.4139166
55.772205,37.4149127
55.7718632,37.415855
55.7404564,37.4826318
55.7009414,37.4000631
55.7014137,37.3984344
55.7000266,37.4012991
55.753345,37.5750474
55.7532631,37.5735911
55.7007734,37.7526201
55.7072965,37.7495542
55.7052627,37.7644393
55.704939,37.7668675
55.7033949,37.7785823
55.7032712,37.779557
55.7019497,37.7896957
55.8346493,37.5913708
55.7058691,37.7646919
55.705545,37.7671118
55.7040303,37.7787773
55.7087857,37.7807842
55.7025893,37.7899425
55.7041975,37.7317165
55.7013209,37.748498
55.6966088,37.739099
55.6987091,37.7766075
55.6985798,37.777579
55.7064069,37.7577985
55.706062,37.7584114
55.7059817,37.7610215
55.7055899,37.7618971
55.7053121,37.7670217
55.7037577,37.7786726
55.7036535,37.7786873
55.7035262,37.7796704
55.7036473,37.7795372
55.7039351,37.7796415
55.7090579,37.7817981
55.7091769,37.7809418
55.6977447,37.752945
55.713265,37.760543
55.7103029,37.7490007
55.7169515,37.7448191
55.7162847,37.7423316
55.7140238,37.7338833
55.7141706,37.7344566
55.7025991,37.7874731
55.7014755,37.7924451
55.709564,37.7687506
55.7025506,37.7870906
55.751875,37.5107273
55.7513675,37.5079482
55.704419,37.7738141
55.7047363,37.7731581
55.6288989,37.4223533
55.8115993,37.6190749
55.7270079,37.6514657
55.8435534,37.384788
55.7936872,37.5483145
55.8524416,37.6090765
55.7789197,37.4509441
55.7488445,37.7145657
55.856681,37.5843716
55.8566818,37.5846332
55.8558429,37.5844365
55.7499852,37.7109077
55.7503677,37.7114823
55.7470877,37.7200323
55.7550815,37.6921276
55.755048,37.6913647
55.704564,37.6369655
55.7048355,37.6300952
55.7047077,37.6353431
55.7045491,37.6352852
55.7020481,37.5791238
55.7043182,37.574882
55.712762,37.4225785
55.6899292,37.4273367
55.6838471,37.5996908
55.879727,37.6201725
55.6656548,37.6298602
55.6702571,37.6277609
55.6682969,37.6286734
55.6704053,37.6259996
55.7132004,37.6770709
55.6558274,37.5390122
55.6503013,37.5331058
55.6426058,37.5261373
55.6343194,37.5203951
55.6287414,37.5159023
55.6248676,37.5114358
55.6188367,37.5042535
55.6125625,37.4943803
55.6123291,37.4939326
55.6106217,37.4907527
55.624837,37.5108521
55.6848122,37.4594173
55.6890433,37.4733136
55.6837259,37.4618699
55.6798526,37.4573945
55.6812036,37.4541705
55.6731761,37.4443677
55.6774079,37.4640815
55.6767792,37.4651295
55.7771701,37.5178073
55.7731689,37.488739
55.7693559,37.513148
55.7717273,37.4980761
55.7659755,37.5406633
55.7645181,37.5521376
55.7634338,37.5606549
55.7634113,37.5608365
55.7630025,37.5633401
55.761709,37.5709659
55.7664843,37.5362613
55.8450111,37.377985
55.6173349,37.6942251
55.6173453,37.6961864
55.6180329,37.7049613
55.621504,37.7277008
55.8123541,37.5036444
55.7162565,37.4020389
55.8209276,37.496482
55.8390845,37.4820067
55.7720467,37.4211046
55.7697196,37.5815479
55.7135687,37.5043141
55.6572597,37.525353
55.6573866,37.5253821
55.6632438,37.5089729
55.6633977,37.5087645
55.6557212,37.5389163
55.6556593,37.5391411
55.7470728,37.6557296
55.7473303,37.6552672
55.7472912,37.6557991
55.8194908,37.5813547
55.8103133,37.5798954
55.662459,37.632519
55.6631304,37.6317716
55.6621388,37.6189851
55.662674,37.6187761
55.7002268,37.5325317
55.7018906,37.5480163
55.7267858,37.7246109
55.7294507,37.7272872
55.6898695,37.7172008
55.6694506,37.6249319
55.6561204,37.619369
55.6565328,37.6052647
55.6631379,37.613301
55.6751355,37.6259909
55.6638035,37.6200498
55.664144,37.6144291
55.6641189,37.6142017
55.6635656,37.6135325
55.6634291,37.6133602
55.6634002,37.6136319
55.6635432,37.6138057
55.6640413,37.6143812
55.6633701,37.6132914
55.663471,37.6130459
55.6634343,37.6149748
55.6640216,37.6154904
55.6454939,37.6195467
55.6448815,37.6198329
55.6843932,37.6318642
55.6845539,37.6321467
55.6831382,37.6364388
55.6834675,37.6362448
55.6804467,37.6334932
55.867407,37.5857635
55.6878135,37.5457141
55.6880276,37.5451292
55.6878693,37.5448932
55.6877375,37.5451277
55.6875901,37.5453913
55.6881869,37.5453704
55.7475504,37.5761957
55.7470761,37.5764505
55.7455361,37.5761531
55.7446139,37.5753245
55.7445268,37.5757361
55.8791831,37.4818458
55.8792272,37.4828133
55.8792149,37.4818367
55.6932068,37.5361176
55.693302,37.536284
55.7498849,37.6524391
55.7281997,37.6521256
55.6244165,37.7540115
55.8308574,37.5259939
55.8251702,37.5269143
55.8252825,37.5273557
55.6971466,37.804869
55.696728,37.8046807
55.6966929,37.8052346
55.6968938,37.8055162
55.8769745,37.7189827
55.8178312,37.6395594
55.8526595,37.5841675
55.8474433,37.6728879
55.8511898,37.6762739
55.7499806,37.4353471
55.7500638,37.4358671
55.701324,37.6674342
55.8124038,37.3984881
55.7514971,37.5110111
55.7368515,37.4852092
55.8218291,37.4951041
55.8212259,37.492864
55.8207666,37.4911155
55.8168141,37.4945091
55.767815,37.554723
55.7567439,37.5363858
55.7611763,37.5510487
55.7570451,37.5633
55.7616169,37.565399
55.7623677,37.5658975
55.7602194,37.5707657
55.7615117,37.5714812
55.7569907,37.5691435
55.7544676,37.5676355
55.7687017,37.5804212
55.7692131,37.5725121
55.8604337,37.5546604
55.5904737,37.6641953
55.8631924,37.4676391
55.8075897,37.3952825
55.807531,37.3955633
55.8054584,37.3938352
55.8006933,37.3902637
55.7510125,37.6008709
55.7454118,37.5763421
55.7695079,37.5562275
55.7617742,37.5397712
55.7712278,37.5172633
55.7821526,37.5300782
55.7751341,37.5379873
55.7772621,37.5844035
55.8506799,37.4395983
55.8376255,37.4380897
55.8577385,37.5111923
55.8934048,37.542906
55.8184422,37.6387335
55.7883609,37.6136054
55.7451688,37.8147153
55.7399681,37.8166956
55.7544534,37.818199
55.7516297,37.8173485
55.7516821,37.8169912
55.6016918,37.6630589
55.5945335,37.6721844
55.5914049,37.672947
55.5910517,37.6735194
55.5912774,37.6741899
55.5918168,37.6733966
55.5895767,37.6738526
55.5909968,37.6737662
55.6100584,37.6672373
55.6115245,37.6697318
55.6110338,37.666784
55.6116763,37.6629519
55.6550762,37.3954982
55.6552647,37.396414
55.6528166,37.3950681
55.646298,37.416199
55.6471116,37.4157389
55.6469237,37.4144187
55.6432196,37.4035283
55.6429933,37.4033061
55.8502566,37.5837914
55.8191739,37.5917799
55.8115033,37.6056064
55.80021,37.3901429
55.8798566,37.586557
55.7167409,37.5168791
55.6869983,37.576514
55.7382953,37.5869818
55.7352217,37.5744046
55.6868539,37.5630855
55.709411,37.5415985
55.7373669,37.5690101
55.7033357,37.397311
55.6763887,37.572709
55.6761679,37.5726758
55.7622612,37.5626767
55.7381749,37.586798
55.7178449,37.5715905
55.7216492,37.3922907
55.6932406,37.5363741
55.6933015,37.5359423
55.679677,37.5117443
55.6770599,37.5998859
55.6769257,37.5996929
55.678954,37.5327555
55.6785161,37.5321094
55.7022892,37.5479839
55.7447901,37.6025521
55.6899725,37.5299776
55.6898853,37.5301294
55.7154719,37.5361309
55.7008946,37.5467015
55.7010152,37.5465176
55.7254236,37.3800818
55.6699223,37.5852912
55.6698542,37.5854817
55.6703097,37.5859572
55.6703792,37.5857535
55.6521585,37.5664338
55.6930709,37.53667
55.6243582,37.6467627
55.6379259,37.6498792
55.8163548,37.5200573
55.7399983,37.6528397
55.7411402,37.6547358
55.7414086,37.6551905
55.7414686,37.6553063
55.857373,37.5603299
55.8635226,37.5483992
55.7084802,37.6677136
55.7115662,37.622137
55.7299068,37.6238431
55.7054922,37.6257451
55.7056826,37.6256984
55.7116722,37.6217915
55.7035674,37.6218471
55.7630294,37.6800737
55.6486868,37.4086675
55.651302,37.551072
55.7335121,37.6689221
55.7336389,37.6690634
55.7338805,37.6686395
55.7337582,37.6685242
55.6880745,37.5733723
55.7321669,37.6674989
55.8557632,37.5667472
55.7505308,37.7106287
55.7503565,37.7107453
55.7223813,37.5551941
55.722747,37.5555504
55.7354475,37.5736352
55.7372672,37.5816993
55.7558028,37.6933542
55.7293442,37.806813
55.6414346,37.6054402
55.6414226,37.6058008
55.6413249,37.6054393
55.6413042,37.6058109
55.6441558,37.6559775
55.6441425,37.6561947
55.6420646,37.5943253
55.6419576,37.594307
55.7080041,37.6213125
55.6453821,37.605442
55.6448172,37.6054526
55.625146,37.5959296
55.653171,37.5984126
55.6525441,37.5956461
55.6524117,37.5956118
55.6453806,37.6057146
55.6685543,37.5906899
55.6588735,37.6403372
55.6448184,37.6057382
55.632392,37.619489
55.6323397,37.6197824
55.7536065,37.7158788
55.7674699,37.8354266
55.7026947,37.8229484
55.7363917,37.6986531
55.8061862,37.6842975
55.7587357,37.7535079
55.7028384,37.8227155
55.7526662,37.5840683
55.7526515,37.5757353
55.7526123,37.573797
55.8131535,37.7803058
55.8029089,37.7822628
55.7746245,37.6836652
55.7746883,37.6835393
55.7748766,37.6842358
55.7749573,37.6841306
55.7534218,37.7982765
55.749875,37.6765455
55.7796731,37.7207317
55.7668005,37.6971076
55.7538153,37.7158291
55.7507484,37.7133513
55.7869999,37.7425946
55.7726172,37.6867692
55.7962173,37.7824825
55.7978954,37.7751183
55.7526515,37.5755062
55.709333,37.669002
55.7012829,37.6213908
55.7190409,37.6941689
55.7404984,37.6167951
55.7308175,37.6607555
55.7305708,37.6606321
55.7641028,37.6564269
55.7739568,37.6850839
55.7405048,37.6518068
55.7957416,37.7143335
55.7456647,37.5710393
55.7453217,37.5693623
55.7462941,37.5584776
55.7456102,37.5650518
55.74544,37.5662287
55.7452661,37.5705848
55.7456903,37.5725027
55.7446387,37.5719003
55.7441144,37.574915
55.7394064,37.57269
55.7396159,37.5711021
55.7394961,37.5758173
55.7394382,37.5764291
55.7457075,37.5830902
55.7529399,37.5744592
55.6748388,37.5720743
55.6570415,37.4057375
55.6749649,37.571367
55.6146728,37.592209
55.6235551,37.5951434
55.6374214,37.5438941
55.7458221,37.6996127
55.8872688,37.552718
55.8872879,37.5575024
55.808635,37.5066536
55.6644509,37.4398823
55.6823711,37.4515409
55.832238,37.6590007
55.7260321,37.7420818
55.836034,37.6581959
55.8362367,37.6577364
55.8344597,37.6616817
55.8071937,37.6164222
55.8073893,37.6159453
55.7975193,37.6190729
55.5938643,37.5334963
55.5939683,37.5326064
55.5944454,37.5337859
55.6615783,37.4281851
55.6603013,37.4102271
55.6601765,37.408482
55.659901,37.4084585
55.6525635,37.3875981
55.6211422,37.4740758
55.7073843,37.8541632
55.6556397,37.3949081
55.6524254,37.3876536
55.8576878,37.5623386
55.862557,37.5617133
55.8635053,37.5666391
55.6466385,37.4869566
55.7278459,37.5836002
55.7586442,37.8200377
55.7569457,37.8321306
55.6656817,37.4846092
55.6636189,37.437147
55.6705783,37.4950155
55.6759275,37.4845186
55.8547108,37.5666751
55.8548522,37.5660511
55.8537112,37.5304609
55.8622709,37.5407429
55.6941573,37.5352438
55.8851262,37.5304932
55.8842344,37.5300759
55.8853741,37.528226
55.8848012,37.5302151
55.6840015,37.5998231
55.7064904,37.6571247
55.7052126,37.6213552
55.7173804,37.5684024
55.8065417,37.5100968
55.6792045,37.5966689
55.6750005,37.6034655
55.6751204,37.6036563
55.5988514,37.7239695
55.6708084,37.6262592
55.7098566,37.6557781
55.7100709,37.6661302
55.7090619,37.6671441
55.7737136,37.6847203
55.7943812,37.6162546
55.7501046,37.7798323
55.7509724,37.7847553
55.752235,37.7914792
55.7523109,37.7917979
55.7534957,37.7982315
55.75175,37.8170215
55.7516993,37.8173786
55.7461598,37.7818622
55.7461002,37.782302
55.7499011,37.7797261
55.7501166,37.7795966
55.747859,37.7665305
55.7473383,37.7659569
55.7563706,37.7757105
55.6636406,37.6193086
55.774748,37.6518535
55.7724924,37.646494
55.7703989,37.6436321
55.7659614,37.6366807
55.7925841,37.6792651
55.7234335,37.3817436
55.8163516,37.7137085
55.7060619,37.6563184
55.7063251,37.6558905
55.705878,37.6550633
55.6552112,37.5386738
55.6560199,37.5395139
55.6554682,37.5386777
55.6231574,37.5955558
55.6556373,37.5396932
55.6561532,37.53934
55.6559456,37.5385133
55.6558461,37.538391
55.8011015,37.6154417
55.8031087,37.6157873
55.801265,37.6160996
55.6691081,37.4282675
55.6689258,37.4293849
55.6688833,37.428473
55.683695,37.7377945
55.6331336,37.6023166
55.6330567,37.6026178
55.736482,37.4855264
55.7367471,37.4864784
55.6553325,37.3924104
55.8155839,37.6927356
55.7560172,37.8427029
55.7857367,37.5642163
55.6964271,37.8048864
55.6979594,37.7916862
55.7221158,37.5753956
55.7219983,37.5756671
55.7189175,37.5827717
55.7223161,37.575667
55.7221983,37.5759413
55.7191375,37.5830478
55.6361829,37.6955337
55.8023729,37.7803913
55.6928323,37.4108457
55.6933953,37.5361075
55.6934493,37.5360171
55.6907127,37.859756
55.8115539,37.725861
55.8987045,37.5738774
55.7877591,37.7455759
55.7875416,37.7464158
55.7810757,37.6696015
55.7807063,37.6702695
55.7810297,37.6708396
55.7837244,37.665504
55.7811893,37.6693499
55.7814996,37.6699276
55.78387,37.6657042
55.8110256,37.6847268
55.8302303,37.6650417
55.8290509,37.6686
55.7121351,37.6215527
55.7904203,37.6950379
55.7153692,37.7756162
55.7171318,37.7827584
55.816771,37.793205
55.7194184,37.5109306
55.73687,37.6763456
55.7257386,37.535104
55.7258494,37.5351431
55.7261465,37.534957
55.7213304,37.7916143
55.7244761,37.7990877
55.7194137,37.7849791
55.7188833,37.7829445
55.7190296,37.7821328
55.7229063,37.7695353
55.7230069,37.7692462
55.7248939,37.7637666
55.7089405,37.8295729
55.7187316,37.7846084
55.7193087,37.7845868
55.7196813,37.7847012
55.7193773,37.7834715
55.7191652,37.7840572
55.7332495,37.7121818
55.7295982,37.7483657
55.7300784,37.7447086
55.7292128,37.7481271
55.7294429,37.7478784
55.729456,37.74838
55.736248,37.7009149
55.7363224,37.6995437
55.7390573,37.6733161
55.7363592,37.730111
55.7445775,37.7341925
55.7487419,37.7247695
55.9020617,37.5421704
55.7319842,37.5919893
55.7364942,37.5163296
55.7805221,37.6333553
55.7862688,37.6350884
55.7839713,37.6348975
55.7773476,37.6325867
55.7728514,37.6322946
55.7784219,37.6311793
55.7901328,37.6348511
55.8242954,37.6396439
55.8249677,37.6409548
55.8243371,37.6395755
55.8249918,37.6408422
55.897404,37.5517147
55.7558394,37.6915623
55.6840634,37.552358
55.7282402,37.6533091
55.727449,37.6519015
55.7329367,37.5437514
55.7327979,37.5437796
55.7916453,37.569612
55.8983765,37.5430632
55.7413449,37.6713793
55.7451732,37.7376774
55.7308387,37.7235575
55.8123045,37.5829658
55.8120639,37.5833474
55.7232323,37.6938397
55.8261099,37.5718608
55.6635752,37.6193972
55.7756733,37.4758277
55.774277,37.4803403
55.7717321,37.6883
55.6329455,37.8042986
55.7777068,37.6896423
55.7760181,37.6925609
55.7768765,37.6909721
55.8093176,37.4930748
55.7900918,37.5564566
55.7906165,37.5539887
55.7888531,37.5573689
55.6998156,37.7066516
55.7487383,37.8801881
55.8360522,37.657161
55.704009,37.6515529
55.703545,37.6513834
55.7036274,37.6471302
55.711728,37.6728294
55.7115436,37.6720384
55.7742607,37.6540388
55.6570305,37.8371466
55.7797244,37.5434002
55.7684021,37.8416552
55.7690608,37.8455548
55.7670621,37.8408781
55.7667571,37.8401317
55.7669901,37.8408718
55.8291781,37.8250136
55.829407,37.8264412
55.829582,37.8253946
55.893077,37.6738706
55.7438187,37.8393018
55.7669888,37.8405983
55.7670317,37.8401619
55.7187859,37.8378452
55.8316851,37.4054483
55.8327849,37.4072536
55.834321,37.3918408
55.8341998,37.3909477
55.8347111,37.3877865
55.7323687,37.3813686
55.7026548,37.4001364
55.7007806,37.397647
55.703402,37.4008669
55.6831389,37.4177597
55.6685951,37.4288888
55.7702753,37.6434683
55.7454416,37.5828905
55.851443,37.3977761
55.6200714,37.7176802
55.6193606,37.7133514
55.6193126,37.7130701
55.8103585,37.5799678
55.8101675,37.580438
55.8052462,37.5825344
55.8057184,37.5828211
55.7914876,37.5905861
55.7935586,37.5867129
55.7929352,37.5854717
55.7924895,37.585426
55.7917635,37.5854059
55.7893503,37.5884181
55.6860301,37.691483
55.6858306,37.6921564
55.7773642,37.6323802
55.7433278,37.850239
55.6612987,37.5572416
55.7003894,37.7487802
55.773455,37.6181279
55.7737828,37.6181258
55.6055874,37.51145
55.6138351,37.4972787
55.7715958,37.6936965
55.7721071,37.6940803
55.7724721,37.6942483
55.7708343,37.6936037
55.8416895,37.5665187
55.7293839,37.6168183
55.7290365,37.6165895
55.6788158,37.5959664
55.70779,37.5767528
55.7829531,37.4813297
55.7881773,37.4851581
55.6696527,37.586085
55.6700574,37.5866367
55.7549959,37.5355033
55.8164944,37.7982553
55.8171488,37.7982077
55.7048213,37.654064
55.6638811,37.5788043
55.7287199,37.4060576
55.7950157,37.4960811
55.7997359,37.5042425
55.801099,37.506478
55.8055983,37.5113587
55.7505283,37.6656603
55.7463375,37.6690079
55.6828501,37.4152949
55.8006697,37.3891407
55.7300023,37.4618994
55.8157979,37.8612445
55.8201577,37.871596
55.8187242,37.8727753
55.6885109,37.5859425
55.6883314,37.5865921
55.6772522,37.5807139
55.8273684,37.5791598
55.6022487,37.7263174
55.7119948,37.5057826
55.7127136,37.5097921
55.7137216,37.5116104
55.79709,37.5130811
55.8869526,37.6737681
55.887739,37.6739613
55.8869695,37.6735912
55.6829229,37.5807868
55.6831302,37.5801675
55.6780804,37.576194
55.6782507,37.5757104
55.6786152,37.5746618
55.6844332,37.5700876
55.684543,37.5697662
55.6815981,37.5785134
55.6814009,37.5791323
55.9016092,37.5205429
55.711375,37.5067405
55.7112171,37.5062354
55.6769035,37.5790744
55.6770337,37.5791996
55.6864638,37.5723056
55.8716526,37.4129313
55.8203987,37.8713917
55.8200915,37.8701975
55.8198748,37.8704754
55.8170095,37.8596926
55.8171597,37.8598908
55.7110626,37.8436346
55.7130084,37.8310682
55.8627504,37.4860846
55.8627785,37.4863058
55.8503918,37.4911791
55.7698892,37.691505
55.9028332,37.5419816
55.7924329,37.5899695
55.8626783,37.5043875
55.8619132,37.5040927
55.7102507,37.5059106
55.7789466,37.6011195
55.7779231,37.4606294
55.7532263,37.6010412
55.753247,37.6004456
55.7014728,37.5217601
55.7016554,37.5221786
55.703882,37.5261444
55.7077452,37.5330261
55.7082329,37.533899
55.7692117,37.5953721
55.7732161,37.6089518
55.7767111,37.584692
55.7775612,37.5847132
55.7656736,37.6075389
55.766517,37.5389418
55.7624863,37.5659593
55.7504467,37.6325694
55.6899928,37.4275831
55.750052,37.564798
55.7637243,37.5609928
55.8066843,37.3903491
55.7734434,37.5544274
55.7814528,37.4371643
55.7383776,37.8168313
55.748833,37.7222003
55.808412,37.3898597
55.8080917,37.3909828
55.7993884,37.4066763
55.8307198,37.4038239
55.8448804,37.4205083
55.8179345,37.7124781
55.7725875,37.6760202
55.878115,37.5454898
55.7362368,37.8278104
55.7460331,37.8148738
55.761594,37.5709091
55.6329473,37.6141929
55.6331853,37.6133817
55.6331959,37.6144736
55.6342633,37.6197701
55.6336076,37.6192553
55.656947,37.5285587
55.7710224,37.672255
55.6589803,37.4046059
55.7276227,37.6806472
55.680157,37.7384528
55.8113487,37.6189123
55.8086348,37.4913322
55.8084294,37.7274675
55.7039496,37.6175117
55.7040412,37.6168256
55.8161805,37.5210358
55.8161383,37.519818
55.712763,37.4117045
55.7125596,37.4120581
55.6687122,37.5904724
55.7790793,37.6011322
55.7729868,37.6048776
55.8956627,37.5867882
55.8961888,37.5861011
55.8957305,37.5870433
55.9010178,37.5877888
55.7532095,37.4139085
55.7526184,37.4139268
55.7657188,37.4718502
55.793588,37.5183325
55.8395763,37.4807872
55.8398093,37.4814947
55.8795969,37.4812756
55.7304216,37.658887
55.7301514,37.6588305
55.7302028,37.6576289
55.7301242,37.6577866
55.7275986,37.6506068
55.7275354,37.651303
55.7279973,37.6798984
55.7275577,37.6813335
55.7276438,37.6816317
55.7279763,37.6807313
55.7282435,37.6804437
55.7461257,37.6680594
55.7952168,37.559187
55.6706236,37.5850092
55.6701566,37.5846366
55.7368844,37.5383613
55.6685569,37.7403021
55.7041805,37.7315432
55.6990167,37.7328501
55.6801524,37.7382614
55.6836985,37.7376306
55.6961349,37.7336107
55.6926365,37.734903
55.6621717,37.7411455
55.6611441,37.7405999
55.6298306,37.4218024
55.6288556,37.4383858
55.6271623,37.4392629
55.7172819,37.6638458
55.7840338,37.6346828
55.7051295,37.5146926
55.7445898,37.8105666
55.7450692,37.808563
55.7443322,37.80822
55.7438926,37.8096293
55.5895852,37.6351562
55.6029912,37.6371004
55.5937432,37.6143054
55.5941228,37.6162286
55.6469266,37.4154042
55.6410779,37.410573
55.793337,37.3830349
55.7501871,37.7105864
55.7131604,37.6639884
55.7131546,37.6651764
55.7701495,37.5563121
55.7272859,37.6371349
55.7183278,37.7501226
55.7385078,37.5861203
55.7374538,37.5835244
55.7385754,37.5860447
55.7369507,37.5824418
55.7331716,37.5732562
55.7327239,37.573002
55.7329781,37.5735835
55.7314856,37.5701268
55.8234522,37.822483
55.7481331,37.6479712
55.821315,37.632377
55.8215081,37.6323779
55.6056483,37.5346186
55.6061335,37.5323643
55.6077647,37.5247488
55.618676,37.5047907
55.6040515,37.5426131
55.6112765,37.5184285
55.7190725,37.5832027
55.7309988,37.5943391
55.7188559,37.5829313
55.7341946,37.5973786
55.7313406,37.594614
55.7259182,37.5905743
55.7357964,37.5997944
55.7347621,37.5980659
55.7464269,37.6099744
55.7474944,37.6398738
55.7470541,37.6409945
55.7458789,37.6418756
55.7365772,37.6492704
55.7459202,37.7819507
55.7723049,37.8200839
55.7721956,37.8221733
55.7453751,37.6362256
55.7476854,37.6123345
55.6732112,37.5469646
55.6788409,37.5329913
55.6784082,37.5323488
55.7151199,37.3968115
55.7058589,37.5129001
55.7061465,37.498297
55.7070064,37.5117281
55.7260264,37.5339669
55.6799669,37.5332309
55.7240436,37.6041692
55.6538221,37.731904
55.6737333,37.5708835
55.6739002,37.5702563
55.6741156,37.5704938
55.6739257,37.5710954
55.8632875,37.4340692
55.7021589,37.5780303
55.7023055,37.5783205
55.7022224,37.5784653
55.7020653,37.578189
55.7041504,37.575178
55.7039518,37.5747962
55.6767985,37.5066258
55.666136,37.4855476
55.6706006,37.4954434
55.6704982,37.4952691
55.7784189,37.840811
55.778143,37.8423763
55.7628623,37.770001
55.8415805,37.5821559
55.739262,37.8179059
55.6775277,37.5635477
55.6777966,37.5638827
55.7147429,37.7601406
55.7207647,37.7425172
55.8696072,37.6645923
55.8693785,37.6644773
55.8847653,37.6723953
55.859656,37.6603233
55.8512916,37.6704357
55.8513329,37.6713516
55.8501538,37.6710253
55.7057823,37.6675193
55.7210908,37.433645
55.7219861,37.4444782
55.7085952,37.5093146
55.7066071,37.5128135
55.7077208,37.5760657
55.7035018,37.4205033
55.7379499,37.6479935
55.7378926,37.6478451
55.7426446,37.607042
55.7754443,37.4793401
55.6747471,37.5407138
55.7012782,37.5214222
55.8669619,37.485007
55.8988439,37.6231284
55.8961137,37.6104409
55.8949938,37.6127533
55.8952867,37.6131415
55.8960603,37.6115443
55.8963863,37.6108678
55.8990704,37.6228126
55.6398356,37.8220076
55.889866,37.585715
55.8902144,37.6198386
55.8851229,37.5327902
55.8857599,37.5334484
55.6621331,37.7588919
55.6558409,37.7625679
55.6566581,37.7623111
55.8922056,37.7072429
55.7452344,37.8138602
55.8696054,37.6649443
55.8877075,37.6620002
55.8782137,37.6361054
55.8781759,37.6364884
55.8785725,37.6366134
55.8786175,37.6362453
55.8773556,37.6477276
55.7083185,37.5337427
55.8767011,37.5864455
55.8767395,37.5870583
55.869296,37.6216466
55.8701495,37.6293771
55.8704873,37.6322716
55.8710392,37.6383577
55.8718281,37.6466712
55.8697413,37.6644686
55.8715635,37.6525029
55.8697135,37.6646419
55.8773434,37.6469794
55.8721635,37.5958284
55.7552941,37.7367859
55.7916574,37.4902093
55.7558226,37.6923824
55.7560522,37.6931796
55.8048718,37.6359935
55.7115951,37.6216279
55.8871789,37.6745314
55.887423,37.675157
55.8875474,37.6745694
55.6836086,37.6235122
55.891542,37.6199287
55.8906339,37.6202489
55.7957839,37.714576
55.876705,37.5862054
55.6408787,37.4103818
55.6490396,37.5640696
55.892878,37.6729185
55.8930319,37.6733005
55.8881267,37.645592
55.8876006,37.661973
55.6492663,37.5645982
55.6391904,37.5383546
55.8907872,37.6219289
55.8797518,37.5871608
55.8011749,37.5062542
55.8014121,37.5078046
55.8013082,37.5067604
55.7459116,37.7820863
55.5940724,37.5328744
55.6917514,37.6072516
55.6589638,37.516073
55.6588524,37.5159548
55.6994766,37.5013751
55.6992284,37.5018791
55.7052109,37.5117326
55.7049827,37.5122808
55.7054621,37.6674799
55.7052182,37.6676324
55.7055582,37.6673645
55.7094334,37.6678249
55.7095686,37.6672033
55.8459172,37.6357465
55.8458691,37.6359661
55.846579,37.6404034
55.7285881,37.7328474
55.699346,37.8557233
55.6897582,37.4842827
55.7386236,37.4846896
55.8243099,37.758256
55.5960202,37.5875624
55.6038388,37.5996435
55.6040335,37.5994031
55.604235,37.5995211
55.6043164,37.5998871
55.6042419,37.6000898
55.6038009,37.5998591
55.6033683,37.5997424
55.6038298,37.6000156
55.6041343,37.600181
55.6046782,37.600362
55.7079449,37.8532981
55.708031,37.8595163
55.7322194,37.6437834
55.7880419,37.7789132
55.7192206,37.83197
55.7193839,37.8321015
55.719318,37.8324404
55.7191215,37.8322821
55.7816362,37.6696468
55.7813288,37.669068
55.7814863,37.6687505
55.7818214,37.6692985
55.7809667,37.6698059
55.7812833,37.6703411
55.7810672,37.670757
55.7807308,37.6702282
55.7053274,37.5129174
55.7056241,37.5124634
55.7048147,37.5159349
55.8639451,37.6054287
55.8678882,37.6131721
55.6407567,37.411355
55.712564,37.5100605
55.7135715,37.5118658
55.7150384,37.5145051
55.7165852,37.5173008
55.7188631,37.521314
55.7423213,37.6155805
55.7310583,37.7230248
55.6748548,37.4427425
55.802812,37.7543401
55.7627302,37.6834786
55.7917762,37.6871911
55.7619909,37.6797558
55.6768916,37.7388551
55.6544149,37.542281
55.7050377,37.8436861
55.705142,37.843847
55.7585847,37.6957197
55.7231418,37.4484064
55.7237906,37.4508866
55.6796967,37.5645701
55.6795799,37.5648961
55.7765779,37.5849373
55.7688937,37.7481063
55.7520737,37.5102885
55.8271504,37.648351
55.7454549,37.6360717
55.7488452,37.641278
55.7486233,37.6456484
55.5911963,37.6001349
55.7478543,37.6465002
55.7477171,37.6464911
55.7490552,37.6450604
55.7392152,37.6498578
55.7175114,37.6633947
55.7483109,37.6470899
55.7497251,37.6250566
55.7580812,37.534101
55.7588995,37.754366
55.7686468,37.74511
55.7722584,37.6864856
55.7113263,37.6815471
55.7113703,37.6817318
55.7148115,37.6791732
55.7798034,37.720537
55.7805924,37.7169093
55.761785,37.7524318
55.7617161,37.7521279
55.8007248,37.6359253
55.8007531,37.6364165
55.6285144,37.5163685
55.7609434,37.6852557
55.7608354,37.6856496
55.6531968,37.619664
55.7793579,37.6223609
55.7842616,37.6231449
55.7887324,37.6224998
55.8582029,37.5947203
55.8579823,37.5951321
55.6910812,37.5406298
55.7719874,37.6522345
55.7740891,37.6525831
55.7739814,37.6528592
55.7746019,37.6520851
55.7746514,37.6522698
55.7755718,37.6574787
55.7759534,37.6574936
55.821543,37.6293603
55.8213401,37.6293638
55.8216181,37.6178971
55.6943016,37.534496
55.8168353,37.859421
55.8193389,37.5917296
55.8215264,37.590055
55.8169978,37.7977292
55.7088567,37.70086
55.7091591,37.7008437
55.7089942,37.7012078
55.7964151,37.6159965
55.7984504,37.6158864
55.8029935,37.6156276
55.8095909,37.6090288
55.8097514,37.6087399
55.8068105,37.6154711
55.807219,37.6156838
55.8074973,37.6158645
55.8214891,37.5899012
55.8211811,37.5904208
55.8213903,37.5900592
55.8195971,37.5929148
55.8139045,37.6018896
55.8115341,37.6056716
55.6821734,37.8427694
55.7083859,37.851471
55.6815259,37.5909151
55.8299062,37.6504922
55.8300579,37.6506517
55.680405,37.5338641
55.7933105,37.4938877
55.83133,37.6521386
55.8314679,37.6517471
55.6879133,37.545546
55.6880827,37.5450297
55.7263788,37.5485142
55.7237144,37.6592903
55.7296285,37.6553106
55.7293532,37.6556297
55.7331914,37.65047
55.7361659,37.6488184
55.7463998,37.6132195
55.7285937,37.6529492
55.7363273,37.6458564
55.7355434,37.6462533
55.7462658,37.6381824
55.7479289,37.6183378
55.7485519,37.6251886
55.7014561,37.6263678
55.7013742,37.6263658
55.7282913,37.6534068
55.7417119,37.6142415
55.6797057,37.6646516
55.7291432,37.5479997
55.7218928,37.5589043
55.7203384,37.5642975
55.7200096,37.5652737
55.7184312,37.5703953
55.7184944,37.5701957
55.7186036,37.5698504
55.7183321,37.5707137
55.7180194,37.5715889
55.7274913,37.5493329
55.7228507,37.5556305
55.7229031,37.5554946
55.7540991,37.560662
55.7541718,37.570241
55.7540168,37.5701623
55.7541722,37.5706138
55.7539941,37.5702551
55.7539212,37.5701663
55.7374367,37.5688656
55.7396423,37.5709342
55.7473058,37.5761743
55.747634,37.5759955
55.750888,37.575338
55.7529219,37.5744305
55.7301818,37.6120341
55.7302673,37.611456
55.7112743,37.6212974
55.8258748,37.529875
55.8258033,37.529854
55.8295117,37.5308633
55.8341993,37.5347191
55.8342366,37.5345212
55.8391562,37.5461117
55.8444806,37.56009
55.6702402,37.4531453
55.663159,37.4383546
55.7023395,37.5796094
55.6832546,37.5683941
55.6831407,37.5687236
55.686429,37.5718146
55.6863283,37.5721531
55.6865861,37.5719853
55.8625104,37.465434
55.8625697,37.4672024
55.8620519,37.4678364
55.8628729,37.4659425
55.8633691,37.470698
55.684326,37.5400706
55.6608221,37.4816504
55.6607478,37.4820812
55.7402082,37.5358224
55.6579935,37.5416615
55.6469437,37.5982229
55.6468063,37.5985237
55.7542074,37.5607505
55.7541219,37.5608267
55.7567116,37.5588318
55.7589522,37.5582072
55.7613353,37.6844509
55.7616143,37.6837866
55.7615738,37.6842083
55.7622653,37.6839702
55.7616915,37.6845463
55.7626962,37.6841616
55.7508366,37.5070175
55.7511229,37.5083863
55.7516683,37.5099869
55.7515715,37.510071
55.7517775,37.5108094
55.754816,37.5216973
55.7553898,37.535223
55.7554541,37.5373937
55.7563804,37.5410283
55.7921009,37.5947224
55.7916849,37.592242
55.6548769,37.6477462
55.8136289,37.4729315
55.7884013,37.6605308
55.7818131,37.6149396
55.6755748,37.5695021
55.6756975,37.5696249
55.7247542,37.8000913
55.6562909,37.4379122
55.7720261,37.4963441
55.7714064,37.4252667
55.7519396,37.5099238
55.7516837,37.5106635
55.8090597,37.495063
55.7984984,37.5365837
55.7379767,37.5846793
55.7308247,37.728247
55.733929,37.4072015
55.8093236,37.7790716
55.8025363,37.7691326
55.8024102,37.7691921
55.720609,37.869223
55.6605579,37.4170937
55.6606009,37.4156139
55.6595947,37.740127
55.7371079,37.6963619
55.7368281,37.6958391
55.7719006,37.4236457
55.8002035,37.5321896
55.8227515,37.8253907
55.8227832,37.4950798
55.7637528,37.7510415
55.7763121,37.4685774
55.7764372,37.4692233
55.7762979,37.4716526
55.7750856,37.4763109
55.7786988,37.479327
55.7792981,37.479492
55.8985961,37.5842665
55.7925424,37.5112919
55.7921685,37.5112151
55.7149536,37.622351
55.7149874,37.6229876
55.7767465,37.4681749
55.7057336,37.4585802
55.766835,37.6970165
55.6954825,37.727616
55.8962307,37.5876414
55.8980886,37.5842958
55.6833513,37.9217819
55.8027114,37.5241194
55.8016149,37.5283391
55.7516561,37.6013182
55.7079965,37.5100174
55.7959748,37.7145191
55.7960601,37.71487
55.7958849,37.7151567
55.7964009,37.7148772
55.663291,37.6135113
55.7707852,37.5973336
55.7538575,37.7154165
55.7513928,37.6007668
55.8499113,37.4902886
55.8500267,37.489671
55.8506529,37.490924
55.8505528,37.4899485
55.8501865,37.4895145
55.8514575,37.4938675
55.8412938,37.4930142
55.6908294,37.5405491
55.671517,37.5823727
55.6729847,37.5782459
55.8989042,37.6236138
55.8980744,37.5877024
55.8985142,37.5877078
55.7091951,37.8770556
55.7082003,37.8598739
55.771731,37.4243387
55.8424541,37.3833562
55.7759228,37.4740084
55.6408908,37.8185739
55.7173153,37.5683152
55.8211863,37.6495952
55.8213902,37.6496588
55.602818,37.6371795
55.8412281,37.664176
55.8697813,37.5183826
55.6809647,37.6650701
55.7345004,37.6435824
55.7114697,37.6243816
55.7115403,37.6226095
55.7112911,37.6220482
55.7112933,37.6224359
55.7026223,37.523577
55.7025311,37.5237383
55.5882578,37.5995627
55.720358,37.9007683
55.8660554,37.4764525
55.745984,37.7809389
55.7377925,37.5158212
55.6698078,37.5550333
55.6704432,37.5557336
55.817125,37.7012505
55.6628436,37.4838216
55.7599508,37.7372334
55.7618594,37.769822
55.6153506,37.500002
55.6287745,37.6181399
55.6296139,37.6189378
55.6488601,37.6056677
55.746344,37.6798166
55.8000485,37.6344391
55.7545843,37.6570765
55.7891829,37.8194517
55.6578795,37.4126774
55.6413716,37.6056701
55.8037865,37.8299695
55.7933657,37.5589112
55.7973501,37.5537077
55.7981164,37.5539081
55.8024027,37.7684029
55.7325926,37.5729085
55.6901884,37.5413484
55.6902729,37.5414822
55.6968699,37.3899457
55.7780482,37.5135896
55.8031888,37.5203898
55.6673233,37.7732662
55.7032233,37.6171439
55.6542724,37.3963118
55.8558508,37.6549335
55.7207969,37.9010761
55.7211183,37.9005006
55.7220049,37.9033604
55.7768342,37.6814117
55.7533597,37.5324991
55.8446186,37.4202129
55.8444892,37.4213526
55.778552,37.676355
55.7783179,37.676381
55.7772748,37.6804948
55.7276138,37.5492436
55.7275676,37.5490127
55.7267796,37.5468608
55.8328101,37.405356
55.8321423,37.4055761
55.8334856,37.3986944
55.8334695,37.3988317
55.7245424,37.79902
55.7977601,37.5388207
55.798703,37.5368389
55.7921221,37.5517934
55.7917779,37.5507628
55.7916121,37.5511374
55.8355188,37.3955304
55.8343611,37.3909147
55.8362041,37.4129936
55.8361087,37.4133275
55.8880084,37.6452004
55.6748999,37.6036615
55.7850187,37.5657994
55.7207584,37.6586917
55.7207762,37.6585972
55.7597671,37.7163651
55.8093964,37.381192
55.8095577,37.3815138
55.8625825,37.4861516
55.8626114,37.4863715
55.8093758,37.6093631
55.8095935,37.6095471
55.6817431,37.6242389
55.7607137,37.5780323
55.5961497,37.7268817
55.7964068,37.5505166
55.8034159,37.5220752
55.7787227,37.7205069
55.7797214,37.72024
55.7789489,37.7205072
55.7515329,37.5105253
55.7518964,37.5101825
55.7505066,37.5315531
55.7948182,37.5086337
55.8170427,37.7977906
55.8165956,37.7977985
55.8165888,37.7986317
55.8170545,37.7986311
55.8204423,37.7860193
55.7586547,37.7396715
55.8091126,37.4921786
55.8282119,37.8262886
55.7037293,37.3963102
55.7990314,37.5152967
55.7429469,37.4797061
55.7744895,37.6839181
55.729922,37.6120197
55.8798636,37.5752149
55.6519566,37.3873908
55.6521398,37.3867535
55.8087794,37.7160708
55.8093998,37.71577
55.8024822,37.752203
55.7476407,37.765795
55.6205644,37.7124534
55.6091158,37.6654926
55.7088826,37.8518941
55.701304,37.3981513
55.7045057,37.3952561
55.8905067,37.620581
55.771493,37.4644765
55.8271263,37.6454866
55.7112431,37.6659885
55.7109847,37.6660665
55.7104704,37.6662558
55.7323013,37.6676406
55.7316836,37.6706355
55.7319121,37.6693232
55.7686177,37.6130703
55.773042,37.632475
55.7722475,37.6370974
55.6674144,37.6591956
55.7725023,37.4931473
55.7734595,37.4979497
55.6973699,37.3909118
55.6994768,37.3945671
55.6050047,37.5897794
55.8985525,37.5861758
55.8985281,37.5868993
55.8980824,37.586877
55.898524,37.5871522
55.8017812,37.6362
55.8288125,37.669318
55.7555898,37.7361188
55.8280417,37.8246997
55.6543446,37.3888909
55.6549465,37.3910293
55.7367228,37.6968728
55.7083304,37.8543407
55.7085971,37.8516138
55.7368745,37.7018365
55.7321822,37.7032981
55.7233423,37.7102756
55.7222234,37.7090355
55.7060321,37.8497674
55.7187883,37.8329103
55.7857378,37.6764239
55.7616245,37.7700769
55.7403419,37.653637
55.7401931,37.653378
55.7419286,37.6546634
55.74216,37.6542339
55.7421133,37.6538701
55.7554078,37.6918349
55.7585388,37.6860472
55.7599368,37.6841238
55.7830504,37.7008675
55.7830596,37.7014487
55.762594,37.6840213
55.7624604,37.6844423
55.8774432,37.6469908
55.6208975,37.4736414
55.7802616,37.71782
55.7817218,37.7115175
55.7775129,37.4640005
55.7738981,37.4770771
55.8702267,37.459443
55.8688021,37.4607885
55.6465282,37.4156086
55.6465409,37.4160647
55.6468907,37.4158488
55.7663698,37.5357057
55.7679046,37.5228577
55.7682459,37.522975
55.7691967,37.5130873
55.7704808,37.5568573
55.7744521,37.5525563
55.7746154,37.5533886
55.7797878,37.5576799
55.7705102,37.5424765
55.7633187,37.561461
55.744422,37.8299898
55.744313,37.8305701
55.7508365,37.5682504
55.7512911,37.571102
55.7509902,37.5681005
55.7519421,37.5699876
55.7512192,37.5710186
55.7017309,37.3987484
55.8742492,37.4544516
55.8758483,37.4518447
55.870439,37.4596897
55.8758185,37.4522928
55.7742439,37.4760963
55.877244,37.4505485
55.7365814,37.484908
55.7760586,37.4770679
55.7760299,37.478273
55.7437951,37.8416257
55.7436056,37.8420965
55.7657936,37.5420796
55.6059023,37.6279866
55.7724431,37.4958783
55.8023569,37.7631862
55.8669081,37.7056677
55.7479469,37.6679662
55.8982486,37.5336461
55.8985402,37.5337043
55.8983167,37.5338169
55.797628,37.5532963
55.7976687,37.5541279
55.7976472,37.5536895
55.7978386,37.5536975
55.7491733,37.6086213
55.7008105,37.3974678
55.7131494,37.8365824
55.7522516,37.7453498
55.7617359,37.7473859
55.7662594,37.7476294
55.7478568,37.7498796
55.748072,37.7512291
55.7531045,37.7399312
55.7643671,37.7476877
55.7586171,37.753734
55.7572323,37.7476432
55.7537362,37.7405289
55.7460555,37.7377528
55.7527158,37.7396491
55.7661644,37.7473142
55.7595157,37.7481495
55.7491787,37.7480294
55.7505874,37.7443323
55.7124501,37.757347
55.7730182,37.488435
55.7371364,37.4868639
55.7030971,37.6544139
55.7037414,37.6459223
55.8920597,37.5297388
55.6614007,37.5573213
55.8504834,37.4033488
55.7795024,37.7224713
55.7375324,37.5101039
55.7364954,37.5172181
55.67684,37.5792682
55.8057341,37.4114335
55.8262761,37.6474574
55.7309937,37.5443628
55.7315632,37.5440311
55.7709755,37.5014394
55.7715601,37.4979947
55.6128674,37.5921328
55.6123953,37.5921473
55.8284665,37.5792705
55.8282746,37.5789863
55.8283935,37.5790927
55.6650798,37.5403525
55.8722928,37.5974958
55.872578,37.5973678
55.8721048,37.5956303
55.8718194,37.5957799
55.8750565,37.6123649
55.8753497,37.6125359
55.8753026,37.6101115
55.8120202,37.5830497
55.7630014,37.6819056
55.7627269,37.6839202
55.7283779,37.5438928
55.8454506,37.5850786
55.6280572,37.6568853
55.7402591,37.5024271
55.8116597,37.6543483
55.618618,37.5933758
55.806516,37.7240882
55.8065122,37.7249242
55.7288069,37.4050969
55.745626,37.5771943
55.745967,37.5763482
55.778336,37.5801195
55.7746282,37.5001481
55.7159633,37.3851554
55.7128322,37.3858697
55.7129767,37.3866699
55.6724922,37.6217743
55.7787855,37.5812915
55.8466891,37.4994263
55.8507147,37.6711393
55.8216013,37.642481
55.7515104,37.7172387
55.7516134,37.7171762
55.7859832,37.6763926
55.6533838,37.5984089
55.7736347,37.4858801
55.6153847,37.4873183
55.800411,37.6355553
55.7790819,37.4878566
55.7532362,37.6389471
55.753426,37.6334692
55.7764197,37.5038837
55.7300683,37.4467637
55.6185944,37.5936729
55.6256964,37.7540932
55.7039968,37.598638
55.7901723,37.5886417
55.7917648,37.5887298
55.7823908,37.6985687
55.7634539,37.4797276
55.7888442,37.8188555
55.7737623,37.6528971
55.8165523,37.6400723
55.7063478,37.6877361
55.7744428,37.4997749
55.8107426,37.8393977
55.8135971,37.8387338
55.8136101,37.8390854
55.8103211,37.8390907
55.8141261,37.8386676
55.8141403,37.839019
55.8169142,37.8382116
55.8169376,37.8385614
55.8292064,37.8279218
55.8296948,37.8281624
55.8300281,37.8293211
55.8300903,37.8292053
55.8287208,37.8303505
55.827542,37.8316511
55.8292577,37.8289867
55.8301024,37.8279035
55.8295711,37.8289088
55.7421859,37.8651984
55.744284,37.8787115
55.7426257,37.8650978
55.7441722,37.8798888
55.7447592,37.8793506
55.7427794,37.8659604
55.7400623,37.7318892
55.7520534,37.6241552
55.7565342,37.6303992
55.8257909,37.5727287
55.8557091,37.5844378
55.8561269,37.5853247
55.6634935,37.7544956
55.6567923,37.7617838
55.8816367,37.7244968
55.8312364,37.8251461
55.8816296,37.7268483
55.8825991,37.7249579
55.88204,37.7266895
55.8827354,37.7253195
55.8785671,37.7331919
55.8801757,37.7299472
55.8796041,37.7318521
55.8826678,37.7262065
55.8825207,37.7264097
55.8808824,37.723977
55.8818736,37.7249539
55.8841823,37.7288065
55.881931,37.7254656
55.7002081,37.3965785
55.897473,37.672186
55.8953785,37.6766588
55.8945932,37.6734281
55.8932852,37.6734492
55.8929056,37.6737904
55.8950356,37.6831749
55.8957447,37.6728897
55.8944383,37.6732028
55.8921841,37.7060304
55.891443,37.7078453
55.8853811,37.720144
55.8852119,37.7198521
55.897524,37.6725442
55.9082771,37.5434616
55.9084852,37.547452
55.90562,37.5429665
55.9057363,37.5432458
55.9076576,37.5437272
55.9078554,37.5431955
55.9072844,37.5397069
55.9088107,37.5518824
55.9075061,37.5398227
55.9087434,37.5533627
55.9107714,37.5809061
55.9002204,37.587211
55.9003047,37.5869543
55.9045112,37.5873411
55.9093314,37.5879536
55.9085612,37.5874709
55.9057308,37.5870735
55.9057278,37.5873793
55.9077113,37.587485
55.9090994,37.5881063
55.9104834,37.5856221
55.9101187,37.5855589
55.9084617,37.5941325
55.9115094,37.5895748
55.9123479,37.5901832
55.9077338,37.5439736
55.6889127,37.8294406
55.7094142,37.8360121
55.7140661,37.8379138
55.7206673,37.8389947
55.7125143,37.8376436
55.7183959,37.8387176
55.7191085,37.8388046
55.7202335,37.839358
55.7287282,37.8403828
55.7268307,37.8397389
55.6826912,37.8319668
55.691027,37.8292807
55.7047114,37.8330814
55.7165561,37.8389095
55.7165747,37.8384955
55.6827428,37.8323718
55.6919969,37.8295693
55.7155128,37.8387407
55.7076225,37.8350586
55.7076895,37.8346608
55.7083576,37.8332346
55.7077328,37.8367085
55.7189603,37.8333707
55.6879662,37.4320406
55.7365163,37.8282775
55.7379098,37.5847841
55.7362881,37.8279821
55.6570761,37.8359731
55.6418324,37.8213882
55.6409972,37.8201094
55.640662,37.8201443
55.6372411,37.8143851
55.6390767,37.8177172
55.6427119,37.8232828
55.6565613,37.8391914
55.6574594,37.8390496
55.6491635,37.8330626
55.8824127,37.4833611
55.8885164,37.4873966
55.885679,37.4792722
55.8837213,37.484593
55.8855793,37.4810439
55.8841416,37.4846538
55.8852722,37.4756688
55.8913268,37.4976442
55.89189,37.4967502
55.8913243,37.4974097
55.8881272,37.4868571
55.8883261,37.4867919
55.8935496,37.500093
55.8901279,37.4923141
55.8918006,37.4955334
55.8902536,37.4920339
55.8923119,37.4959217
55.8926551,37.4980644
55.9027228,37.5209186
55.8867383,37.4825036
55.8866226,37.4820611
55.6389157,37.6904262
55.7436525,37.832507
55.6151693,37.4993304
55.8791885,37.4482862
55.8792364,37.4477943
55.8834532,37.4669487
55.8803986,37.4401382
55.8815835,37.4442253
55.8817026,37.4447969
55.8827553,37.4533036
55.8824678,37.4530996
55.8813922,37.4447006
55.8803371,37.4406708
55.8851928,37.4744802
55.8820835,37.444776
55.8819925,37.4443768
55.8811302,37.4454464
55.8812099,37.4458473
55.8815588,37.44553
55.6174154,37.7829007
55.6163262,37.7790946
55.6182567,37.783739
55.7788157,37.5792028
55.7752427,37.5545856
55.5909872,37.7282901
55.5951121,37.7370626
55.5933934,37.7324834
55.5922919,37.7291615
55.5874011,37.7185171
55.8500521,37.3926348
55.8674834,37.4057907
55.8658165,37.4035897
55.8649133,37.4029283
55.8755757,37.4247304
55.8726737,37.4165817
55.874794,37.4229224
55.8774397,37.4313996
55.8770899,37.4295715
55.8779235,37.4322075
55.8762948,37.4276912
55.878268,37.4340813
55.876105,37.4264208
55.7905046,37.6570736
55.7905644,37.6569959
55.8340389,37.3901604
55.8327537,37.3902025
55.8488657,37.3852004
55.8316748,37.3985675
55.8327725,37.3944918
55.8482366,37.3918261
55.8343545,37.3986896
55.8416934,37.3940097
55.8511369,37.3875768
55.8514858,37.3884987
55.8339345,37.3888676
55.8327154,37.3920861
55.83224,37.3965757
55.8355939,37.3878316
55.8326037,37.3944082
55.8333765,37.391132
55.8326232,37.3877571
55.8514345,37.389217
55.851586,37.3902565
55.8511132,37.3873547
55.8305038,37.3946269
55.8303531,37.3951695
55.7421327,37.865287
55.8980398,37.5911351
55.83369,37.3991892
55.7337509,37.5753446
55.6192431,37.543317
55.7494724,37.8308066
55.749993,37.8320072
55.6186192,37.5427222
55.7380891,37.8690066
55.7381588,37.8687204
55.7381105,37.8680741
55.7378393,37.867902
55.7378111,37.8688754
55.7682288,37.8405028
55.7679343,37.8401198
55.7376063,37.8682883
55.8214849,37.6357776
55.8215832,37.6358501
55.7526611,37.5826925
55.8186958,37.6383751
55.8786712,37.7216426
55.6682611,37.6608562
55.6682087,37.6616649
55.7426822,37.8669375
55.7423379,37.8650332
55.7423046,37.866303
55.7426044,37.8662778
55.7422646,37.8662711
55.6184678,37.7785168
55.7726798,37.4954075
55.7721115,37.4755084
55.623492,37.5957255
55.6210717,37.6246407
55.7490953,37.8833386
55.793833,37.6948166
55.8310182,37.3803282
55.8322919,37.3879251
55.8317992,37.3829177
55.808711,37.3905194
55.8012423,37.3840297
55.802127,37.3848176
55.7952435,37.3782902
55.7961245,37.3787423
55.7956654,37.3783091
55.8064817,37.3872277
55.8100472,37.3885494
55.8101282,37.3889981
55.8089299,37.3881992
55.80741,37.3880668
55.8075651,37.3877001
55.8158889,37.3908263
55.8138302,37.3897515
55.8085741,37.3903316
55.8085215,37.3910118
55.8086183,37.3865362
55.8071182,37.386761
55.8090435,37.3864604
55.809381,37.3861045
55.8096661,37.3876807
55.8091202,37.3855855
55.8088662,37.3874518
55.8089887,37.3861619
55.8142861,37.3903193
55.7446134,37.8515529
55.8277421,37.5790998
55.7454665,37.8630975
55.7922204,37.5847506
55.739891,37.5364304
55.8180327,37.6037465
55.5958667,37.7179558
55.8267783,37.6479804
55.7372632,37.8282208
55.7443504,37.8098236
55.7441819,37.8089583
55.7445885,37.8087543
55.7441468,37.809083
55.7442903,37.8097758
55.7495513,37.8016721
55.7473979,37.7663096
55.7219115,37.8251971
55.6422202,37.5919906
55.6421292,37.5919399
55.6531955,37.619393
55.7787508,37.4512937
55.7782393,37.452666
55.7791108,37.4539931
55.8266124,37.6476594
55.787769,37.5616339
55.7217221,37.8238155
55.7871056,37.5677689
55.7831358,37.5626104
55.7828221,37.5617971
55.7864413,37.5672704
55.787366,37.5686002
55.788539,37.5697519
55.7882954,37.5698197
55.7861444,37.564154
55.7881583,37.55958
55.7850677,37.5668251
55.8188551,37.5809693
55.8193506,37.5815736
55.6937248,37.3838165
55.6933603,37.3832088
55.6935049,37.3829393
55.6938371,37.3835902
55.7257465,37.5340072
55.7809773,37.6315323
55.7797604,37.6123389
55.8198769,37.639789
55.8196385,37.6404379
55.7709774,37.499374
55.6240887,37.7110245
55.614854,37.7153367
55.614326,37.7152175
55.7313595,37.6723662
55.8090428,37.4943824
55.7822507,37.6997894
55.7822259,37.6989001
55.7831357,37.6987825
55.7899355,37.5885676
55.6864458,37.9193517
55.6860252,37.9172031
55.6863043,37.9181009
55.6866281,37.9185472
55.6865866,37.9174848
55.686331,37.9182506
55.6761338,37.6782448
55.6766661,37.6886614
55.6770207,37.6882987
55.7725123,37.605063
55.7926895,37.5237224
55.792228,37.5233396
55.5882811,37.6348461
55.5884452,37.6350273
55.5881943,37.6353572
55.7160108,37.7971577
55.5897077,37.5282521
55.5907228,37.5278181
55.591793,37.5300557
55.5963265,37.5110909
55.592414,37.5258061
55.5916625,37.528945
55.5909132,37.5310146
55.591536,37.5284132
55.5911983,37.5308843
55.6058168,37.6678997
55.6019699,37.6703248
55.6022396,37.6702884
55.6017826,37.6700208
55.6119746,37.4903495
55.6393008,37.4609409
55.6407786,37.4567668
55.6296465,37.4734936
55.6274859,37.4731685
55.6138,37.4886661
55.6826821,37.4160496
55.6838627,37.4198734
55.669023,37.4282985
55.6848755,37.4151177
55.6680687,37.4263327
55.6623346,37.436703
55.6613959,37.4327693
55.6841105,37.4148826
55.7449166,37.8544879
55.7457464,37.8647915
55.7492116,37.882606
55.6818153,37.4173229
55.8795104,37.4822171
55.7444217,37.8495697
55.7443171,37.8499089
55.8789722,37.4824144
55.7068167,37.5807757
55.8204881,37.5915489
55.6755046,37.4373897
55.6731828,37.4463301
55.6984166,37.461789
55.6957414,37.4659337
55.6883615,37.4371643
55.7143535,37.3859609
55.7126694,37.3815901
55.7323532,37.3777848
55.8461974,37.6359302
55.7740809,37.654096
55.763502,37.4791153
55.7696631,37.5556225
55.7746494,37.5543291
55.7689812,37.6501453
55.7684267,37.6502194
55.7695848,37.6544715
55.7344833,37.6444937
55.8101577,37.6367646
55.7308147,37.6412261
55.7296579,37.6202038
55.7388015,37.6502004
55.7295961,37.6161282
55.7388545,37.6499745
55.7297644,37.6200738
55.7391097,37.6502546
55.729703,37.6161141
55.7369246,37.5954478
55.7454097,37.582335
55.7589308,37.584566
55.7595093,37.5851267
55.7552318,37.5837131
55.7450968,37.5830522
55.6407641,37.6192189
55.6406158,37.6192263
55.7055345,37.5938581
55.7707891,37.5828722
55.7836442,37.4562004
55.7170735,37.5706712
55.7230894,37.6638015
55.7664722,37.5348472
55.7746818,37.6844894
55.7211961,37.5734098
55.7191456,37.5706242
55.7193497,37.5713744
55.7631869,37.4788906
55.7077373,37.8545765
55.7764721,37.5033093
55.7918916,37.4900498
55.7965887,37.5003135
55.8847384,37.5297796
55.873283,37.5214881
55.8009187,37.4716025
55.6469133,37.7122065
55.7783169,37.7205639
55.7994739,37.4064087
55.7994705,37.4056918
55.7998841,37.4066773
55.7591897,37.7383416
55.8093265,37.5058827
55.7960098,37.4967687
55.5956752,37.5967339
55.7423034,37.6070245
55.6793635,37.5719643
55.6794974,37.5721091
55.8079718,37.5016427
55.79033,37.4880684
55.7282575,37.6511295
55.7390815,37.6739324
55.6167322,37.778451
55.7077691,37.9180553
55.7038982,37.5167342
55.7045432,37.5164029
55.7053144,37.5157996
55.707888,37.4828142
55.7907457,37.5698265
55.7273609,37.560608
55.727267,37.5604363
55.7822449,37.7186985
55.7826225,37.6963413
55.6315744,37.6188605
55.6323042,37.6199747
55.7016975,37.39954
55.8406631,37.523335
55.681816,37.6252862
55.8529399,37.5300211
55.8009519,37.4708767
55.7996944,37.3899492
55.7993173,37.3902499
55.7995113,37.3899932
55.7993306,37.3894727
55.7905482,37.4652211
55.8445246,37.4210648
55.8017059,37.5073954
55.7221395,37.82427
55.7218259,37.8252378
55.7213946,37.8248203
55.722154,37.8243733
55.7446799,37.8173735
55.7449564,37.8145348
55.7671566,37.8337239
55.7674829,37.8336436
55.7679609,37.8400575
55.7705219,37.841777
55.8007618,37.7424015
55.8604533,37.692059
55.8580614,37.6861301
55.8185846,37.8266772
55.8186572,37.8271872
55.8034705,37.829619
55.8030927,37.829555
55.8167689,37.8274746
55.8142744,37.828893
55.8135461,37.8316172
55.8130751,37.8286962
55.8131408,37.8292153
55.8168351,37.8279882
55.806799,37.6156235
55.8070252,37.6151262
55.6735438,37.5463509
55.8445841,37.4205203
55.6769739,37.5169073
55.8133797,37.7984083
55.7141309,37.6786558
55.7198183,37.7114778
55.7140643,37.6785667
55.7191754,37.6943536
55.7204215,37.7014994
55.7202457,37.6983862
55.7190822,37.6944536
55.7192334,37.6945067
55.7158264,37.6854814
55.712049,37.6742841
55.7247548,37.7999192
55.8104449,37.8091904
55.700264,37.4984682
55.776712,37.4573213
55.6268178,37.4240849
55.6283105,37.42955
55.7049185,37.4149544
55.7752717,37.4749112
55.8165653,37.7978572
55.8165633,37.79858
55.8170138,37.7986932
55.8136783,37.8379586
55.8138707,37.837994
55.8139495,37.8398775
55.8141773,37.8401463
55.7951746,37.7045467
55.844868,37.6690313
55.8053985,37.512114
55.8187418,37.5231127
55.8789144,37.5871264
55.7705807,37.5001923
55.7708207,37.5000142
55.7632301,37.5610971
55.763309,37.7773008
55.7629646,37.562812
55.7643868,37.5609558
55.7169841,37.7968939
55.7666259,37.5281809
55.7708766,37.5039965
55.7731977,37.4979183
55.8530075,37.6063989
55.6867602,37.9175654
55.7584072,37.5340157
55.7823675,37.6972108
55.7490252,37.6414062
55.7106054,37.8366442
55.7219682,37.5546457
55.713111,37.8396624
55.7094567,37.8501346
55.6836375,37.4736285
55.6841121,37.4741621
55.8099347,37.791182
55.7467082,37.5562744
55.8474476,37.6549679
55.8483134,37.6547439
55.8534684,37.6491372
55.6632341,37.755452
55.6601433,37.7544078
55.6602321,37.7526097
55.7080661,37.8527365
55.7086233,37.8529564
55.6867466,37.9273917
55.6759388,37.5732605
55.7102162,37.763101
55.7632691,37.4793685
55.7722097,37.4147769
55.6749745,37.5412132
55.8741269,37.420125
55.7371077,37.5899619
55.7745318,37.4770856
55.7457608,37.5801177
55.715244,37.5752534
55.7151473,37.5758569
55.7183365,37.570266
55.7272604,37.5606288
55.7315608,37.5917749
55.7319938,37.5922416
55.7356987,37.5934259
55.735767,37.5937327
55.7370963,37.5951234
55.7372979,37.5950039
55.7369805,37.5897849
55.7465259,37.6802328
55.7465647,37.6811105
55.7217342,37.567895
55.7223084,37.574923
55.7228463,37.5664513
55.7230504,37.5707768
55.7235738,37.5719257
55.7237635,37.5723287
55.7247406,37.5639858
55.7249361,37.5637344
55.7260121,37.5664864
55.726408,37.5611327
55.7269452,37.5602474
55.7271419,37.5601811
55.729385,37.5735914
55.7311502,37.5783533
55.7314319,37.5702219
55.7469305,37.7662856
55.7501337,37.7788387
55.793028,37.5607369
55.7922772,37.5773099
55.8620177,37.4643078
55.8621748,37.4642225
55.8632241,37.5489588
55.8633261,37.5493614
55.8634229,37.5493357
55.8639406,37.5479482
55.864047,37.5474806
55.8669357,37.5415839
55.7922856,37.6287585
55.8720262,37.5185272
55.7274764,37.6096518
55.7286967,37.405577
55.7761899,37.5033399
55.747489,37.7500507
55.7300669,37.8401273
55.7311369,37.8449835
55.7312772,37.8452042
55.7348327,37.8411211
55.7666184,37.6986922
55.8401757,37.5250971
55.8982538,37.5346173
55.7770207,37.7031735
55.6788538,37.9295665
55.6810525,37.9292779
55.7468361,37.6410741
55.746906,37.640637
55.8203318,37.4980787
55.6566743,37.7634892
55.6562083,37.7631599
55.7493736,37.6513575
55.6558612,37.7614151
55.7493499,37.655649
55.7493397,37.6533383
55.7498179,37.6559683
55.7504481,37.6557521
55.7502417,37.6582434
55.7506547,37.6589164
55.7507936,37.6562891
55.7509814,37.6586679
55.8061954,37.5113586
55.7105789,37.8455289
55.7106454,37.8460147
55.7113989,37.8434515
55.7116132,37.8389712
55.7118805,37.8376554
55.7118558,37.8390852
55.7121504,37.8350086
55.7119204,37.8369054
55.7125761,37.8313638
55.713204,37.8341547
55.7132495,37.8298338
55.7090265,37.8496345
55.7111485,37.8417167
55.7422139,37.8642887
55.7424785,37.8649523
55.7427238,37.8662123
55.6578627,37.7106922
55.901255,37.6139314
55.9033539,37.5431006
55.9034106,37.5428856
55.6507301,37.7684126
55.6508616,37.7676757
55.6510358,37.7692387
55.6512853,37.767793
55.6514899,37.7692316
55.6515569,37.7686234
55.7697046,37.6682048
55.7006362,37.6151431
55.9057377,37.5864048
55.7285148,37.5456745
55.7010469,37.6116848
55.6985456,37.9283673
55.7001267,37.9190936
55.7019618,37.9216099
55.7080192,37.9321108
55.6821694,37.7313621
55.7459596,37.6204278
55.8153774,37.7310916
55.8156894,37.7313859
55.7718723,37.6515244
55.7612451,37.5271728
55.7061705,37.8357376
55.7473822,37.6117541
55.7479475,37.6136202
55.7498993,37.6093614
55.6360817,37.6956524
55.6885353,37.5270144
55.6885566,37.5274302
55.8146385,37.6946862
55.8172003,37.6882173
55.8214244,37.6179081
55.8830095,37.5180926
55.8064934,37.5073915
55.807288,37.5066963
55.8703462,37.4403062
55.6581102,37.5483166
55.7919943,37.5776938
55.7446725,37.6141588
55.8802129,37.4474077
55.6233082,37.6095857
55.6260445,37.7096926
55.7519895,37.7170908
55.752159,37.7172908
55.7146356,37.6790647
55.7212848,37.6737875
55.7596569,37.7162617
55.7302515,37.4055986
55.7303762,37.4060492
55.7310596,37.4054576
55.5949183,37.6723744
55.7852888,37.6046803
55.7930825,37.586858
55.871883,37.5865492
55.8719535,37.5853507
55.871988,37.5863393
55.8722226,37.5865148
55.8722334,37.58529
55.8724648,37.5854356
55.8724868,37.5864589
55.8266562,37.6478451
55.7690934,37.6476659
55.8210802,37.6642315
55.820954,37.6646859
55.7223412,37.6959942
55.8667282,37.5850798
55.8668485,37.585053
55.867557,37.5844233
55.8675632,37.5846675
55.8675918,37.583844
55.8700615,37.5860339
55.8749461,37.5854046
55.8771873,37.5857151
55.8774438,37.5870804
55.864206,37.6277888
55.8642551,37.6279434
55.7514599,37.5108565
55.7518627,37.5104537
55.7521114,37.5103889
55.7546387,37.5222306
55.7548327,37.521936
55.7585093,37.5234147
55.7517164,37.5365778
55.7548746,37.5351178
55.7577043,37.5337397
55.7591578,37.5253768
55.7590806,37.5251781
55.7593792,37.5228659
55.7598907,37.5235806
55.760287,37.5250568
55.760512,37.5215119
55.7606586,37.5219346
55.7612601,37.5351502
55.7610649,37.5210417
55.762531,37.5220547
55.7659694,37.5188308
55.7660081,37.5190519
55.767873,37.5173986
55.7689859,37.5142759
55.6309082,37.4384925
55.6319077,37.4422738
55.63317,37.4465923
55.8459753,37.5906605
55.8466108,37.5913015
55.8466439,37.5904486
55.8469622,37.6400434
55.6506651,37.6975495
55.7439223,37.8335756
55.7608295,37.5241122
55.8501916,37.6159315
55.8122232,37.8245155
55.8127328,37.8364916
55.812949,37.8365654
55.8127947,37.8369236
55.720837,37.5596875
55.7221213,37.5553526
55.7225703,37.5560698
55.7227694,37.5553741
55.7266942,37.5469475
55.6496286,37.5787189
55.6601989,37.5741803
55.7177379,37.5718736
55.7179198,37.5719649
55.7340535,37.5970132
55.7293949,37.6235674
55.7541972,37.5833253
55.7283112,37.4927772
55.8121085,37.3991259
55.8122161,37.3983901
55.81228,37.398642
55.8123223,37.398551
55.8123384,37.3986098
55.8123424,37.3988047
55.8123605,37.3984704
55.8124445,37.3982382
55.8211595,37.6639565
55.8212848,37.6635334
55.8252007,37.6516624
55.8265892,37.6477655
55.8266399,37.6481549
55.7202827,37.5653893
55.7399685,37.8172718
55.6588662,37.4046763
55.8793754,37.5906539
55.7071467,37.4036226
55.7208947,37.5588389
55.8201732,37.5248559
55.8202617,37.5246437
55.6990558,37.7333389
55.699658,37.7329108
55.5953984,37.6028363
55.7150768,37.7886597
55.6219481,37.7429916
55.7090684,37.829596
55.7666136,37.6234863
55.766998,37.6236816
55.7085223,37.5827441
55.5906217,37.598873
55.5908215,37.5989512
55.8980798,37.5871368
55.87987,37.4474766
55.9065038,37.5543246
55.829269,37.8248281
55.7694353,37.6926667
55.7450895,37.5722493
55.7450915,37.5724655
55.7456851,37.5726697
55.7448151,37.6145058
55.7508772,37.6024692
55.7510539,37.6004379
55.7511474,37.6011953
55.7485376,37.6109816
55.7493991,37.609352
55.8669488,37.4847378
55.7249837,37.5351382
55.7106199,37.5067364
55.7106899,37.5066607
55.7335661,37.4684592
55.7388078,37.4841422
55.8544347,37.4740903
55.7233913,37.6364042
55.7601586,37.6790958
55.8827162,37.6619102
55.6761566,37.7674058
55.6635434,37.7823549
55.6651206,37.7857544
55.6723305,37.7953054
55.6977296,37.4982445
55.7498529,37.5333879
55.7501102,37.5330223
55.7234419,37.3824261
55.7234603,37.3821406
55.63381,37.3881925
55.770128,37.8449324
55.7502563,37.7795119
55.885043,37.5298637
55.8848674,37.5302336
55.8031512,37.4505736
55.7076247,37.7308277
55.7074546,37.7306803
55.7089037,37.7389382
55.7564076,37.7759173
55.7087721,37.6661981
55.7711865,37.8204471
55.9016836,37.5424644
55.8768916,37.4276773
55.900919,37.5443531
55.9005519,37.5452921
55.818626,37.5178809
55.6600398,37.4101448
55.8762476,37.4509433
55.612518,37.6106599
55.613293,37.6107405
55.6100779,37.6102707
55.6099667,37.6102326
55.6078894,37.6081557
55.6126527,37.6101567
55.6118338,37.6091819
55.6082539,37.6075806
55.6103862,37.6084864
55.6070369,37.6074554
55.6102797,37.6084422
55.8462037,37.5679342
55.7190281,37.8326137
55.8070352,37.6128749
55.8772074,37.5855717
55.8528869,37.564344
55.853125,37.5644873
55.9017611,37.5187584
55.9005257,37.5205788
55.7871613,37.6611713
55.7888685,37.6599273
55.7890497,37.6589711
55.7925926,37.6593612
55.7594503,37.6786569
55.7955739,37.5841418
55.7162377,37.7975205
55.7162843,37.7976961
55.7162841,37.7968651
55.7163901,37.7982668
55.716431,37.7966167
55.716447,37.7979296
55.7165025,37.7983428
55.7165555,37.7979971
55.71666,37.7965449
55.7167111,37.7962449
55.7167971,37.7979296
55.7168357,37.7963146
55.7169661,37.7976665
55.7170107,37.7969966
55.7172629,37.7974897
55.7032243,37.4933728
55.699965,37.4991914
55.6998195,37.4989411
55.7988317,37.5347408
55.7932394,37.7058591
55.7685893,37.6675821
55.7561792,37.3997744
55.7583698,37.3942336
55.8630002,37.6966665
55.8934194,37.5366145
55.8936229,37.5360258
55.8917367,37.5297366
55.6571109,37.8380599
55.802109,37.5254769
55.7606871,37.7526891
55.7607398,37.7529991
55.772081,37.7461705
55.7796942,37.7445128
55.7078168,37.5793871
55.7081251,37.5767419
55.6814562,37.6644158
55.7357507,37.6979461
55.8851733,37.4763516
55.6599299,37.8398735
55.712563,37.8404099
55.75831,37.7512873
55.7014512,37.922621
55.7008961,37.9322586
55.7035891,37.9185538
55.7037412,37.9262884
55.7038048,37.9259485
55.7040598,37.9261156
55.7041437,37.9251031
55.7043895,37.925501
55.7046096,37.9241964
55.7048633,37.9245999
55.7056906,37.9220909
55.705748,37.9219782
55.7060478,37.9223085
55.7077157,37.9169297
55.7077249,37.9190528
55.7077513,37.9195601
55.7081196,37.9173986
55.7083021,37.9170252
55.7085432,37.9175023
55.7627052,37.5221637
55.5917213,37.6008931
55.5947833,37.6023511
55.7516903,37.5371558
55.7563438,37.5273823
55.7537879,37.5300787
55.7564039,37.5280255
55.7676537,37.5168781
55.7565962,37.5275269
55.7570828,37.5331783
55.7668584,37.5185387
55.7665003,37.5193441
55.7541274,37.5321683
55.7549064,37.5286493
55.7229516,37.664077
55.6085792,37.6089656
55.587171,37.5992945
55.5864825,37.5985512
55.5898834,37.600055
55.5953047,37.6036256
55.5921979,37.5996284
55.5947377,37.6032535
55.5950592,37.5998305
55.5949232,37.6008529
55.5956089,37.5999201
55.5979522,37.6027784
55.5985764,37.6033849
55.5978622,37.6036017
55.603849,37.6064743
55.6030191,37.6063117
55.6045676,37.6065387
55.697935,37.9399663
55.7246587,37.6883541
55.7000122,37.9196932
55.7003737,37.9208708
55.7009395,37.9199658
55.77569,37.4882572
55.7756018,37.4882814
55.8398007,37.5693884
55.7850376,37.5660432
55.8022935,37.7572942
55.8033467,37.7563961
55.7762679,37.4660679
55.7766985,37.4576406
55.7768407,37.4571325
55.777602,37.4598336
55.862745,37.4002848
55.7935624,37.5107315
55.7991657,37.5148033
55.8030882,37.520178
55.6592019,37.7788372
55.8544651,37.474213
55.6673383,37.7706959
55.8622358,37.5045034
55.86252,37.505179
55.862532,37.5050314
55.862302,37.5045172
55.8619292,37.5049959
55.8980482,37.5433195
55.7268818,37.3793637
55.9020028,37.5419909
55.7935013,37.5182853
55.7061444,37.5910577
55.7063457,37.5879623
55.7073133,37.5892269
55.7191497,37.5644848
55.718119,37.7057599
55.7193602,37.7028505
55.6663331,37.768366
55.898852,37.5432541
55.8807063,37.4838736
55.8836899,37.4863339
55.88335,37.4856
55.8838651,37.4863335
55.8830745,37.4855298
55.8838837,37.4867199
55.8833558,37.485113
55.7243785,37.714769
55.8091118,37.577477
55.8112011,37.5796485
55.6664003,37.5271365
55.6665054,37.526306
55.800684,37.5323399
55.8040671,37.5192955
55.8050175,37.5135006
55.8062726,37.5110573
55.8066705,37.5067223
55.8076385,37.5075853
55.8091624,37.5060171
55.8125878,37.5032819
55.8176378,37.4991986
55.817909,37.4992725
55.8219944,37.4951874
55.7929656,37.743904
55.8865831,37.5055249
55.8864533,37.5065473
55.8100715,37.7906261
55.8755713,37.7178317
55.7731239,37.6042291
55.7734654,37.6117152
55.84091,37.4886976
55.7767355,37.6812355
55.7769737,37.6804094
55.7770979,37.6807377
55.7774819,37.6796783
55.7168765,37.4084474
55.6343958,37.6036822
55.6343554,37.6033156
55.7223279,37.642886
55.7222074,37.6420645
55.6466767,37.4857311
55.6469557,37.4863175
55.6473248,37.484046
55.6498003,37.4828359
55.6508155,37.4855502
55.8062321,37.7225622
55.8064194,37.7220671
55.9001071,37.5547577
55.7011254,37.578819
55.8456581,37.5851859
55.7969804,37.7023528
55.701757,37.5691753
55.7021443,37.5692296
55.7023078,37.5701451
55.7022445,37.5694058
55.7273558,37.6814319
55.8785098,37.4341015
55.5962462,37.7256547
55.5966787,37.7249077
55.5972111,37.7253102
55.5977845,37.7253697
55.5978275,37.7248943
55.5985669,37.7248506
55.5996662,37.7241342
55.6003308,37.7232758
55.6010359,37.7205024
55.6015322,37.722918
55.6223415,37.6143391
55.7667456,37.697297
55.6852901,37.7090893
55.8184572,37.7210926
55.8825321,37.4553027
55.6355289,37.6962636
55.6341406,37.7009297
55.6348157,37.7002844
55.6232746,37.6159946
55.623965,37.6158299
55.6343148,37.6999183
55.634575,37.7000656
55.6345813,37.7003743
55.7072071,37.8896009
55.707363,37.890325
55.7075283,37.8775321
55.7075583,37.8961166
55.7090094,37.8779799
55.7090556,37.8770274
55.7091476,37.8779616
55.709529,37.8779313
55.7100957,37.877866
55.7111973,37.8536128
55.7098336,37.7359236
55.7099587,37.7365122
55.6548323,37.5564944
55.6207368,37.6137055
55.6599255,37.7568227
55.6627102,37.7590662
55.6627923,37.7581404
55.6681576,37.6241748
55.7375429,37.4852751
55.737487,37.4851417
55.7361564,37.4863368
55.7361993,37.4864908
55.6015596,37.7249376
55.6011922,37.723142
55.6006591,37.7186251
55.7510765,37.5756721
55.7664252,37.5377606
55.7662783,37.5376992
55.8205819,37.7853218
55.8617939,37.5056429
55.8621946,37.5055704
55.8621424,37.5055471
55.6226914,37.5093464
55.6227451,37.5089937
55.6193256,37.5055312
55.6195026,37.5050356
55.6197489,37.5043995
55.7842037,37.5972208
55.7927495,37.5231386
55.6416463,37.619341
55.7699592,37.5975738
55.7202947,37.4241225
55.6221432,37.6154515
55.8656102,37.5156609
55.6243455,37.7112114
55.6194228,37.7137064
55.60882,37.7189639
55.6105345,37.7181164
55.6515738,37.6559768
55.6485508,37.6572526
55.6507254,37.6586276
55.6510809,37.6576721
55.6528592,37.6542094
55.6535589,37.6519024
55.6539534,37.6515217
55.6567064,37.6533071
55.8426063,37.5861962
55.8429217,37.5864382
55.6878939,37.4812888
55.6853002,37.4769082
55.6855689,37.4764478
55.6862796,37.4786595
55.6865641,37.4782134
55.7114229,37.3878087
55.714024,37.3906844
55.7159254,37.3841868
55.7753134,37.5384973
55.7666996,37.623024
55.7670449,37.6233282
55.7745555,37.6206905
55.723371,37.450456
55.630622,37.6187429
55.7124135,37.8144903
55.6413674,37.6202432
55.6513861,37.6196845
55.6453031,37.6201209
55.6447856,37.6198356
55.6377129,37.6199824
55.6396422,37.620332
55.6232472,37.6147747
55.6239166,37.6155396
55.766695,37.5351425
55.6006954,37.7206778
55.6082402,37.7192656
55.6011168,37.7227681
55.853909,37.4718371
55.7060621,37.8158095
55.7569458,37.3965708
55.6576071,37.5492025
55.657682,37.548951
55.6590048,37.8111973
55.8495605,37.5667003
55.8493765,37.5671268
55.863188,37.6973827
55.8599777,37.6911395
55.8604221,37.6904679
55.8608315,37.6928148
55.8608555,37.691217
55.8612675,37.6920307
55.7087155,37.6664233
55.6240139,37.7113759
55.6261876,37.7099413
55.7935457,37.5870484
55.6995543,37.8080561
55.6996741,37.8090111
55.7042034,37.8166666
55.601902,37.7246601
55.7940131,37.5539255
55.6240355,37.7107033
55.6236925,37.710527
55.7198226,37.4242112
55.7200769,37.4262238
55.8038023,37.5093218
55.8039567,37.5087783
55.7174522,37.4083115
55.7826868,37.6154085
55.7828366,37.6153517
55.7105138,37.7633206
55.6082251,37.7189197
55.8436183,37.667843
55.6853988,37.477091
55.6864305,37.4779927
55.8185573,37.6397046
55.8067657,37.5057698
55.8071354,37.506035
55.7384214,37.5271423
55.8509343,37.6767416
55.8521403,37.6779731
55.8538042,37.680645
55.8544015,37.682377
55.8543766,37.6810346
55.8558875,37.6837081
55.8475402,37.6613311
55.7914098,37.5696293
55.8278606,37.6434533
55.7239276,37.6044053
55.7666113,37.4753701
55.7228389,37.4481498
55.846199,37.5686417
55.7492832,37.6412496
55.7501008,37.6422328
55.7505312,37.6424973
55.643431,37.7451308
55.8782825,37.7223498
55.8704578,37.711738
55.8706502,37.7112208
55.8649537,37.7013123
55.8656989,37.7025262
55.8652548,37.7012463
55.8661298,37.7026023
55.8675337,37.705635
55.5881631,37.6351345
55.8417813,37.5698855
55.8415615,37.5702427
55.8138672,37.6869786
55.8140483,37.686963
55.8152732,37.6848105
55.8153064,37.6852272
55.8174339,37.6779813
55.8176017,37.522208
55.7285815,37.4932242
55.6510019,37.6191723
55.651701,37.6194236
55.6734299,37.6230784
55.7427931,37.5339054
55.5950648,37.4788006
55.5959144,37.4789161
55.6813587,37.6242583
55.6821486,37.6241229
55.8784244,37.720467
55.8798476,37.7217373
55.88087,37.723044
55.7504705,37.6427557
55.618017,37.5040051
55.618188,37.5033827
55.7205814,37.4314962
55.6468636,37.744971
55.6467974,37.7439059
55.7277709,37.4706848
55.6263604,37.7544112
55.6259125,37.7543045
55.6260093,37.7548726
55.7235751,37.4000866
55.8091617,37.5140019
55.7040114,37.9253391
55.7026759,37.9232206
55.7023763,37.9223015
55.7019011,37.9233384
55.7023807,37.9236517
55.6336621,37.5417208
55.6339381,37.5410192
55.7742358,37.7119512
55.6816527,37.734377
55.622803,37.7116407
55.6233982,37.7116929
55.7520818,37.7400085
55.8926171,37.4957183
55.8924479,37.4970004
55.7158207,37.3996626
55.7931407,37.6001727
55.6665833,37.4287064
55.6125784,37.4975877
55.8088317,37.4917475
55.8089307,37.4909329
55.7565198,37.6144754
55.6562167,37.4385287
55.8129363,37.4749469
55.7567103,37.7439366
55.8125262,37.4768134
55.6597351,37.4082111
55.6905704,37.8601918
55.7388414,37.6735971
55.7366941,37.7025784
55.705411,37.5887601
55.7309233,37.7320343
55.7313388,37.7294058
55.7484831,37.741135
55.760402,37.5785893
55.7252091,37.6058686
55.7250944,37.6061323
55.6383154,37.749405
55.6379541,37.7478387
55.6301052,37.7506115
55.6302341,37.7515027
55.9010292,37.5450449
55.6196897,37.6135213
55.620331,37.6135234
55.6187802,37.6133811
55.619504,37.6140636
55.6995403,37.9195183
55.6817992,37.775321
55.9026683,37.5413654
55.7064845,37.4988086
55.8075851,37.6153977
55.8079561,37.6155564
55.8384968,37.544334
55.9114485,37.5898153
55.9118836,37.5903596
55.9127814,37.5907264
55.7131598,37.3853677
55.7137677,37.3850524
55.7139837,37.386547
55.6823302,37.8428709
55.7581632,37.7495656
55.8941303,37.5008139
55.8043588,37.5255082
55.6686048,37.5411275
55.668886,37.5409421
55.845239,37.5851966
55.592145,37.6005938
55.5932718,37.6016494
55.5987543,37.60376
55.6775868,37.658061
55.6748595,37.6553569
55.8477543,37.6603388
55.7064758,37.5881444
55.7690613,37.5557675
55.768999,37.5567979
55.7691784,37.5564522
55.7912346,37.5702492
55.7912432,37.5704066
55.7732389,37.4974669
55.8437619,37.6666721
55.8475982,37.6583812
55.7920619,37.6317492
55.6175908,37.7145958
55.6169894,37.7145021
55.7263119,37.5613133
55.6914892,37.6662963
55.7718282,37.4148899
55.663287,37.6164808
55.9019139,37.5444292
55.9011942,37.5448764
55.9034785,37.543879
55.748596,37.6668826
55.6138728,37.7160631
55.6145592,37.7161411
55.6791141,37.5125853
55.790494,37.5555728
55.7366845,37.6764951
55.7367928,37.6769096
55.7369296,37.6765643
55.7922295,37.5877872
55.792321,37.587664
55.775999,37.5826501
55.6481319,37.3851602
55.6883336,37.5867704
55.6886105,37.5859181
55.8693434,37.6642792
55.8695575,37.6652512
55.8696929,37.6640178
55.8698214,37.6639591
55.8700245,37.6646088
55.6234286,37.608965
55.6212997,37.6087102
55.6213364,37.6079146
55.6215859,37.6088472
55.6229269,37.6094698
55.6234297,37.6093064
55.7155502,37.4004338
55.789956,37.5711429
55.6549186,37.5568778
55.6560183,37.5591365
55.7030297,37.6680181
55.7030516,37.6686369
55.7030601,37.6670286
55.7031094,37.6679567
55.7031291,37.6671103
55.7160702,37.6782246
55.8086207,37.3905704
55.6331767,37.7502899
55.6335144,37.7493293
55.6341356,37.749106
55.6350028,37.7495675
55.6169801,37.7850922
55.7466113,37.5406535
55.665956,37.6242098
55.680905,37.5927225
55.9083426,37.5497526
55.8123925,37.6195344
55.8128845,37.6193842
55.6639779,37.6239558
55.6632137,37.6244731
55.7590252,37.7565278
55.7594491,37.758868
55.7598233,37.7600265
55.595256,37.5987912
55.5953219,37.5968351
55.5956278,37.5991577
55.5956662,37.5952976
55.6367917,37.4557491
55.6370575,37.4609336
55.9082875,37.5459788
55.8105829,37.8091255
55.8106515,37.807528
55.8109081,37.8117261
55.8120694,37.8209437
55.8124337,37.8287631
55.8136135,37.8326153
55.7401738,37.6527585
55.8081847,37.6161803
55.8081132,37.6156502
55.8082912,37.615774
55.807419,37.6168057
55.8075068,37.6171566
55.8084701,37.615771
55.6854445,37.8349927
55.7915552,37.6366242
55.7933985,37.6333308
55.7939986,37.6341592
55.7945822,37.6352727
55.802485,37.5961244
55.7888719,37.81948
55.6849168,37.8300778
55.730547,37.6494403
55.6621173,37.4365866
55.7283021,37.6509685
55.7278682,37.6509183
55.7282424,37.6510424
55.7786422,37.7207291
55.7143909,37.3899472
55.7281507,37.6508651
55.8393365,37.4824095
55.8393413,37.4824883
55.8393895,37.4809319
55.8394247,37.4817739
55.7926088,37.582778
55.6488617,37.6053718
55.6560554,37.5596627
55.7389818,37.673865
55.6850461,37.8310676
55.6864111,37.8302636
55.7074874,37.3917668
55.7136038,37.3884014
55.7210623,37.4368652
55.7385248,37.6735616
55.6849976,37.8315227
55.68594,37.8314072
55.6876101,37.8307933
55.6890778,37.8301058
55.7598337,37.6728835
55.7054427,37.5150727
55.7552229,37.6815832
55.6520228,37.6443852
55.6527161,37.6435392
55.9009321,37.5449918
55.7568529,37.6306849
55.757477,37.6309482
55.7570484,37.6316351
55.7567358,37.7472346
55.7286526,37.4788339
55.8983283,37.5426554
55.6886199,37.8264772
55.686982,37.4148544
55.6876271,37.4143251
55.6898453,37.8304727
55.8142214,37.8283685
55.7960318,37.5183145
55.7969267,37.5135809
55.7932803,37.5608603
55.7477238,37.7541135
55.8186089,37.6034899
55.7735299,37.6134101
55.8789815,37.4824786
55.6633242,37.435916
55.8210535,37.6305317
55.8213321,37.6301519
55.8212477,37.6304467
55.8836651,37.4828032
55.8838899,37.4827614
55.8844628,37.4826464
55.8824719,37.4821992
55.8844303,37.4801408
55.8872477,37.4799614
55.8827644,37.4829134
55.883252,37.4814181
55.6795034,37.8487711
55.6774369,37.8542385
55.679541,37.8497436
55.6776823,37.8537006
55.6792392,37.8493355
55.7724173,37.6866055
55.8899413,37.585908
55.7721693,37.683635
55.8928663,37.6735535
55.8394429,37.49377
55.7204967,37.4261096
55.7111893,37.819277
55.5938674,37.7273314
55.6569707,37.5249867
55.6573272,37.5246187
55.647887,37.6908008
55.7242877,37.5511014
55.5923999,37.7311695
55.5932505,37.73093
55.7714325,37.8184052
55.6756186,37.5383179
55.7191845,37.3828687
55.5912385,37.5296557
55.7033301,37.6511691
55.66065,37.4202448
55.6668443,37.4289724
55.8004856,37.6347083
55.8048165,37.6360023
55.8022897,37.6309072
55.7762383,37.8394174
55.764995,37.6860062
55.8077015,37.6166705
55.8080327,37.6161504
55.6609008,37.7778595
55.8093992,37.6093288
55.8095232,37.609509
55.7724414,37.8232598
55.6347306,37.7499306
55.6348358,37.7507181
55.6310735,37.7513503
55.6312415,37.7520954
55.6600328,37.7380129
55.5928086,37.4815339
55.7410539,37.6714251
55.7732263,37.6447595
55.6468068,37.4754251
55.8988377,37.6239739
55.718122,37.3838075
55.7286257,37.4933981
55.7285928,37.4940448
55.6296321,37.6619753
55.6571084,37.4383012
55.6601814,37.4350464
55.6629707,37.4323705
55.6640838,37.4303855
55.6643421,37.4310034
55.7265673,37.3790686
55.715493,37.4524142
55.7216555,37.4497801
55.9077698,37.5434413
55.8300752,37.5111027
55.7301134,37.7425776
55.7310823,37.7365493
55.7313445,37.7345765
55.7132989,37.8117373
55.7080134,37.4581835
55.8645178,37.5100944
55.8646713,37.5105843
55.8663029,37.5136145
55.8675389,37.5141574
55.8677442,37.5138527
55.869858,37.5169797
55.8695687,37.5067852
55.870903,37.5182364
55.871515,37.5186181
55.8717547,37.5192754
55.8717696,37.5012795
55.7079694,37.7449095
55.7003887,37.8312158
55.7051281,37.8339839
55.7069192,37.8342524
55.7070856,37.834774
55.7078976,37.8339597
55.7161578,37.4045186
55.7164549,37.4061612
55.6591278,37.4351857
55.7971632,37.5385506
55.7136214,37.8109198
55.7065797,37.92977
55.7046897,37.9315161
55.7048722,37.934968
55.7050105,37.9349359
55.7052712,37.9418988
55.7170602,37.7824696
55.6786161,37.6659382
55.8855451,37.6730165
55.885573,37.6728424
55.7216502,37.4423009
55.8893795,37.4834936
55.8833019,37.4675409
55.8639159,37.5091599
55.6334149,37.6131022
55.8865884,37.480884
55.7113596,37.6061571
55.7115595,37.6072763
55.7120082,37.6067669
55.8828702,37.4824687
55.85716,37.5602585
55.7121931,37.7774059
55.7119607,37.7782978
55.7110058,37.6221548
55.7115816,37.6218549
55.7122059,37.6223131
55.7841348,37.4715279
55.8403857,37.4894598
55.880744,37.4965996
55.8393296,37.4939251
55.8393585,37.4936103
55.8982265,37.5431799
55.6758238,37.4372475
55.6758726,37.4377361
55.6786041,37.4343444
55.7724824,37.4260125
55.6056637,37.6291359
55.607188,37.6246407
55.8542527,37.5430911
55.8445723,37.5598052
55.8644531,37.5189971
55.6024436,37.638264
55.6021155,37.6371537
55.6024205,37.6631606
55.8543764,37.543405
55.7399088,37.6165079
55.771145,37.8209962
55.7434709,37.53355
55.8060159,37.51209
55.6384009,37.6916515
55.6377691,37.6921956
55.6381583,37.6922489
55.8067874,37.5119777
55.8069476,37.5114537
55.7782015,37.6306641
55.7060506,37.5142278
55.6330137,37.6144267
55.6333401,37.6135436
55.6330387,37.6135286
55.6380117,37.6919587
55.7498303,37.43055
55.7496635,37.4354685
55.7500547,37.4314512
55.7074526,37.9195578
55.8247702,37.5293049
55.7837736,37.6359478
55.6419303,37.6703835
55.7613051,37.7687234
55.7616564,37.769517
55.8382266,37.5430577
55.6379158,37.4600688
55.7021465,37.5487897
55.6630822,37.6235115
55.810391,37.5151225
55.8105705,37.5146073
55.7121673,37.4538371
55.7080594,37.4551134
55.7079915,37.4557969
55.8158618,37.5200312
55.8159025,37.5212865
55.7299786,37.4861852
55.7307667,37.4867159
55.7899357,37.7449879
55.7975643,37.7483337
55.8006662,37.7490875
55.7885565,37.7455684
55.8001238,37.7493425
55.802033,37.7522258
55.7831029,37.7436674
55.7932092,37.7460036
55.7955415,37.7464124
55.7972267,37.7475194
55.7996028,37.7486494
55.8025828,37.7520579
55.8048402,37.7492471
55.8044271,37.7590916
55.8104366,37.8117007
55.8110089,37.8166277
55.612589,37.4940268
55.7134727,37.7292451
55.7627127,37.7719994
55.7640678,37.7811816
55.8185762,37.5232492
55.6853325,37.6906959
55.6854409,37.6905853
55.6855418,37.6925011
55.686418,37.6921117
55.7386447,37.6733084
55.8538328,37.5305229
55.6038399,37.5007665
55.6064424,37.496744
55.6078624,37.4967155
55.6081127,37.488899
55.6093467,37.4934349
55.6097664,37.4943695
55.6112434,37.493689
55.6114509,37.4924469
55.6116199,37.4926102
55.612278,37.4912598
55.6122993,37.4899849
55.6133883,37.4899121
55.6131703,37.4889273
55.6194406,37.4820882
55.7367019,37.648626
55.6574244,37.5234766
55.6575401,37.5235362
55.7132278,37.3818861
55.6448499,37.452392
55.8117979,37.8293713
55.8117967,37.8288418
55.704201,37.772324
55.7045709,37.7717427
55.7827776,37.6969023
55.8362778,37.5394813
55.8678554,37.5103132
55.7427994,37.4802844
55.7428666,37.4804267
55.6994066,37.4608397
55.7002127,37.4621533
55.7009813,37.4709864
55.7008172,37.4670498
55.7019419,37.4771097
55.705553,37.4974455
55.7058823,37.4967964
55.7712898,37.6713584
55.7065271,37.6553069
55.706291,37.655829
55.6948631,37.6605051
55.8254246,37.5295311
55.8256066,37.5291526
55.8210268,37.4463648
55.8250344,37.4306307
55.8253907,37.4309119
55.7605539,37.7457122
55.7093582,37.7298063
55.7094084,37.7368033
55.7094378,37.7360767
55.7104133,37.7304773
55.7115251,37.7301553
55.717722,37.7188316
55.6450194,37.473043
55.7054806,37.5763848
55.8798252,37.4853338
55.7933621,37.6158711
55.9059519,37.5433785
55.7926156,37.6277522
55.7928137,37.6241655
55.5914752,37.6730511
55.5917519,37.6728645
55.7502455,37.4096804
55.6417683,37.4656758
55.6361022,37.4626407
55.71483,37.3938203
55.6513885,37.4447396
55.7083012,37.4576137
55.7087217,37.3896149
55.7107674,37.3872924
55.714154,37.3851483
55.7175534,37.3833928
55.7498395,37.4097731
55.7823058,37.6966061
55.6394679,37.4582762
55.7364683,37.4860686
55.7365003,37.4861839
55.7371128,37.4854824
55.7371472,37.4856006
55.7888347,37.6592532
55.7059193,37.5139977
55.791623,37.6354631
55.8438089,37.5029624
55.8444949,37.5025375
55.8896868,37.5874519
55.8978436,37.5571016
55.7739845,37.6530913
55.7749354,37.6515536
55.7061094,37.589956
55.8025777,37.5954589
55.8025823,37.5959037
55.8025925,37.595795
55.8026839,37.5961599
55.8027367,37.5956111
55.7084374,37.8319377
55.7494666,37.6325726
55.7495847,37.632342
55.7496301,37.6319933
55.749829,37.6252357
55.6607441,37.4196415
55.6609538,37.4206999
55.6965165,37.4960829
55.6945261,37.4935318
55.6283852,37.515488
55.6288274,37.5153323
55.7459589,37.5806223
55.6364856,37.4541837
55.6378695,37.4563528
55.6068427,37.4592017
55.607425,37.4593467
55.7707289,37.8205865
55.7046028,37.4175786
55.7051675,37.4165145
55.7052236,37.4150952
55.7053015,37.4153889
55.7052856,37.4149396
55.7055192,37.4152606
55.7056379,37.4154134
55.7058568,37.4158579
55.7069754,37.4036165
55.7090425,37.4067006
55.7095583,37.4059927
55.7098341,37.4081352
55.7100903,37.4067957
55.710315,37.4052659
55.7114345,37.409363
55.7115947,37.406666
55.8227642,37.4408266
55.8362028,37.5386031
55.836397,37.5380581
55.7085404,37.8780426
55.7942827,37.7689186
55.5949096,37.4790385
55.6012973,37.4835743
55.6045172,37.4855763
55.771572,37.6874769
55.8458017,37.5680982
55.8458754,37.5687533
55.8466921,37.5677586
55.8467724,37.5684262
55.701405,37.6211383
55.8368137,37.5389354
55.8366125,37.5394895
55.8449794,37.5614885
55.8461013,37.5679742
55.819993,37.7505175
55.8201007,37.7496548
55.8101293,37.4900202
55.714755,37.3949827
55.7263176,37.7589669
55.7261013,37.7594936
55.7252162,37.7620952
55.8100538,37.8394727
55.8105152,37.8394225
55.6192592,37.7127492
55.7772219,37.5844889
55.6728948,37.6157077
55.7385661,37.5864281
55.6278301,37.5151391
55.8354339,37.3978186
55.8357398,37.39752
55.7162133,37.6609228
55.7237107,37.6591956
55.8749798,37.6102661
55.7034517,37.4189911
55.7052207,37.4159894
55.7529196,37.6461578
55.7526413,37.6465691
55.7529842,37.5134829
55.6281775,37.64762
55.6282836,37.6476493
55.6453458,37.4523689
55.7090376,37.4550603
55.7088791,37.4547896
55.7079388,37.3911387
55.7123431,37.7302321
55.7130073,37.7299149
55.7131523,37.7304786
55.7853258,37.7221432
55.6367761,37.4623526
55.7203331,37.6983137
55.7097417,37.826502
55.7096487,37.8263068
55.8180955,37.7121475
55.8181383,37.7125909
55.8184542,37.7214208
55.8184549,37.7213165
55.818551,37.7216997
55.8187068,37.7214041
55.6382588,37.4587248
55.6402812,37.4630265
55.6741829,37.443322
55.8095466,37.5948113
55.6332205,37.6692518
55.6331216,37.6694201
55.6750244,37.6547714
55.7203204,37.6982703
55.6730774,37.6159139
55.7148901,37.5137406
55.8194492,37.6703581
55.6385164,37.6471708
55.6390229,37.6413462
55.6391415,37.641375
55.6405767,37.6244101
55.6996115,37.4601191
55.7055988,37.4562022
55.7231175,37.6937997
55.7231838,37.6939881
55.8075805,37.6169447
55.806674,37.7248749
55.8067512,37.7246322
55.7263658,37.7592218
55.6844858,37.4304554
55.6846271,37.4306465
55.6873334,37.4285242
55.6874346,37.4291109
55.6875525,37.4290491
55.6086269,37.6657163
55.6059461,37.6682189
55.6014488,37.6709315
55.6085575,37.6655261
55.601461,37.6707017
55.6083119,37.6661022
55.6036102,37.6696806
55.6870021,37.4287065
55.6870937,37.4293015
55.6877679,37.4282869
55.6878818,37.4288685
55.7147616,37.5140146
55.7151582,37.5142844
55.7069918,37.7533824
55.7086661,37.7431174
55.7092262,37.7333246
55.7069851,37.7516523
55.7072109,37.7526868
55.7077013,37.7470226
55.8263722,37.4262581
55.5933885,37.7342838
55.7393511,37.6151016
55.5886779,37.7217054
55.5905794,37.7254149
55.5955209,37.7386329
55.5915408,37.7280891
55.5925881,37.730601
55.5931285,37.7323145
55.5932532,37.7339347
55.782564,37.6968463
55.7018556,37.8506507
55.6992642,37.8555914
55.7524354,37.5312243
55.7535438,37.5317283
55.7569365,37.6149286
55.8615939,37.466878
55.8616093,37.4660783
55.6987428,37.4222796
55.6993801,37.42221
55.7054243,37.4206956
55.8546381,37.4748952
55.7052221,37.9424064
55.7059302,37.922524
55.7064838,37.9295973
55.7023076,37.9294947
55.7046781,37.9312822
55.7986667,37.5027382
55.8106891,37.4838291
55.8112709,37.483038
55.8111829,37.4850128
55.718029,37.6649444
55.7089832,37.8784702
55.7090952,37.8787438
55.6289505,37.4718863
55.6296477,37.4710647
55.6324948,37.4676409
55.6330755,37.4666359
55.8013983,37.74548
55.8237019,37.6447748
55.8087682,37.4954025
55.6286324,37.6633193
55.6290613,37.6633139
55.6287924,37.662508
55.7087415,37.7424895
55.7082923,37.7422863
55.6040056,37.6694621
55.6041335,37.6693958
55.7054143,37.9418689
55.7048166,37.9314949
55.7048019,37.9312691
55.706207,37.9416336
55.7062625,37.9420921
55.8535392,37.4716142
55.8576039,37.5608194
55.8551731,37.5666135
55.8551601,37.5664926
55.816406,37.6389375
55.6042129,37.6697637
55.7184469,37.5708704
55.7186273,37.5706526
55.8173708,37.7981926
55.7167873,37.7965978
55.6878921,37.5723625
55.6882719,37.5727955
55.657783,37.6535091
55.8094004,37.4933977
55.7022161,37.9296865
55.796028,37.512526
55.7961688,37.5125317
55.6754657,37.7920504
55.802995,37.8210639
55.8032773,37.8210549
55.835628,37.5910124
55.8357694,37.5913856
55.8752936,37.7164334
55.8761766,37.7142033
55.7082145,37.7429296
55.7094769,37.7343882
55.7093571,37.7327207
55.7090763,37.7344805
55.7081298,37.7473995
55.8074653,37.3955202
55.8075253,37.3952394
55.8084105,37.3911279
55.7845738,37.4821574
55.7846047,37.481905
55.788498,37.4855684
55.7075824,37.4559287
55.7075193,37.4553183
55.7085212,37.7478062
55.7080856,37.7477715
55.7076384,37.7475248
55.6070443,37.4055051
55.6099438,37.3886022
55.6042699,37.4031808
55.6012987,37.4066206
55.600668,37.4081904
55.6050108,37.404265
55.6101847,37.3890755
55.5902803,37.4758504
55.6022154,37.4838239
55.6002302,37.4821746
55.5959373,37.4800741
55.5874768,37.4734786
55.5811337,37.4660545
55.8123538,37.8244673
55.8126735,37.8256562
55.8135899,37.835772
55.6033345,37.7211478
55.6027244,37.7211211
55.8060475,37.7658978
55.8058416,37.7643441
55.8090515,37.7761295
55.8122223,37.8258397
55.7287286,37.3837403
55.7285911,37.3809632
55.7282693,37.4054398
55.7270209,37.4055407
55.7261483,37.4053206
55.7242441,37.3996471
55.7237459,37.4065365
55.7457357,37.5357054
55.7510934,37.6008449
55.8095733,37.4915691
55.8109196,37.4844667
55.7343898,37.4993448
55.7351918,37.5026932
55.7475209,37.5241396
55.7474505,37.5314792
55.7498851,37.5295088
55.602506,37.6630805
55.6036763,37.6701756
55.6040835,37.6698741
55.597277,37.479887
55.5934908,37.4785799
55.5885718,37.4739245
55.5866063,37.4732647
55.6015979,37.670402
55.6022061,37.4844957
55.6065323,37.4876409
55.7936219,37.4937903
55.7933437,37.4933334
55.7938222,37.4929351
55.7933656,37.4930132
55.7080684,37.7479204
55.7827514,37.4814426
55.7826616,37.4811901
55.7828755,37.4808156
55.7829841,37.4810849
55.6044358,37.4017373
55.5996646,37.4094501
55.7467831,37.4240272
55.7423753,37.4186613
55.7442669,37.4219908
55.7446702,37.4212208
55.7459245,37.42301
55.746106,37.4222054
55.7469456,37.425665
55.7501307,37.410793
55.7472157,37.4169259
55.7467908,37.4174223
55.7450209,37.4211322
55.8443029,37.559185
55.8482376,37.5536473
55.7871999,37.4839815
55.7873604,37.4834248
55.7876102,37.4844639
55.7878114,37.4839078
55.8138955,37.6017051
55.8102666,37.8076824
55.7236204,37.407146
55.7236615,37.4065539
55.8096295,37.3809323
55.7293599,37.747229
55.8099174,37.7818867
55.7729169,37.6043643
55.7589072,37.5848159
55.741248,37.417206
55.740955,37.416746
55.6406351,37.6203001
55.6407867,37.6202957
55.8216065,37.6028379
55.7176914,37.4512624
55.717773,37.4519295
55.7182828,37.4510101
55.7183721,37.4516628
55.7183004,37.4506553
55.7194212,37.4505047
55.8301164,37.6513233
55.8054002,37.4514419
55.7557999,37.7372058
55.8854077,37.5324099
55.8854155,37.5329804
55.8854517,37.5325781
55.7552289,37.5839601
55.7687935,37.6499957
55.766927,37.6643778
55.8557299,37.4783619
55.8553816,37.4773089
55.7501533,37.7386106
55.8307851,37.6510464
55.7667922,37.6972501
55.7570581,37.7405024
55.7568709,37.7398313
55.8938759,37.5429949
55.8936534,37.5424464
55.6677952,37.525355
55.7404279,37.7586195
55.7473131,37.7450189
55.7441426,37.7518464
55.7400863,37.7589085
55.7471712,37.744874
55.7477494,37.7433613
55.7240589,37.795409
55.725236,37.7918298
55.7246412,37.7956804
55.7311915,37.775441
55.7311609,37.7758475
55.737622,37.76472
55.6370745,37.6197076
55.6380711,37.6192027
55.6441013,37.6201168
55.7113842,37.6220718
55.7113826,37.6219942
55.6983239,37.5002744
55.6985997,37.4997813
55.7298716,37.6114726
55.7293482,37.6119796
55.7234528,37.3796149
55.723623,37.3796257
55.6558616,37.7621607
55.6554472,37.7634203
55.6560147,37.7630357
55.6597034,37.7583008
55.6604129,37.7582598
55.7824735,37.6967067
55.7464063,37.5565696
55.6832287,37.4176652
55.6847433,37.4217537
55.6709497,37.4516535
55.6723183,37.4486619
55.6710724,37.4515768
55.7673077,37.621543
55.7671577,37.6211333
55.8100415,37.7995938
55.8104117,37.7995295
55.6373864,37.4566072
55.6368945,37.4561618
55.8259258,37.515592
55.7275724,37.6094604
55.6629053,37.6239124
55.7062336,37.9226218
55.7061422,37.9228781
55.7011883,37.629865
55.7496967,37.430651
55.7486896,37.4432236
55.7489466,37.4437919
55.7482336,37.4403179
55.8263755,37.7139478
55.8228993,37.7231104
55.8047957,37.7480565
55.8068345,37.748326
55.588959,37.4751837
55.5876402,37.4742803
55.7481307,37.7436334
55.809883,37.7927886
55.7085347,37.9406833
55.7080674,37.9410967
55.7063737,37.9298083
55.7064758,37.9299722
55.7079212,37.9322905
55.6818507,37.7342238
55.7008223,37.9321383
55.6982625,37.9398924
55.9060923,37.5540698
55.906308,37.5538329
55.7216165,37.3813557
55.7235904,37.3818322
55.7234999,37.3818793
55.7221232,37.3803073
55.7221147,37.3804551
55.7218078,37.3806782
55.7231117,37.3795344
55.722293,37.3809198
55.7225972,37.3808979
55.7240485,37.380168
55.7253321,37.3796657
55.7082389,37.9409515
55.7433971,37.6151083
55.7440205,37.6143468
55.7378932,37.524772
55.7374109,37.5222827
55.7377456,37.5225196
55.7689971,37.685136
55.8392062,37.5679893
55.8426856,37.5618803
55.8482516,37.554327
55.8418672,37.5637282
55.8412943,37.5639032
55.8418603,37.5633465
55.839558,37.5669156
55.770139,37.5977467
55.7911024,37.6133454
55.7155749,37.4527035
55.7094309,37.4545155
55.6997342,37.4545142
55.7095268,37.455166
55.6991357,37.4518673
55.6996058,37.4528647
55.6986488,37.4537844
55.688298,37.4336117
55.7029032,37.4578977
55.7003781,37.4570864
55.6969252,37.451716
55.7020271,37.4591276
55.7121958,37.4541343
55.7053612,37.4565715
55.7026168,37.9299977
55.8489012,37.5679893
55.848639,37.5676342
55.7763127,37.5831063
55.7768009,37.5837955
55.7769924,37.5841574
55.7771784,37.583789
55.7816205,37.6963318
55.7769376,37.5838719
55.7768834,37.5839785
55.7193412,37.3827887
55.5893725,37.452511
55.8248725,37.768702
55.8252035,37.7688371
55.6185637,37.4204871
55.6001073,37.410302
55.5986749,37.4131613
55.6015092,37.4084379
55.7459731,37.6125106
55.835039,37.4968781
55.7920207,37.6347618
55.7914573,37.6347901
55.8095281,37.781996
55.8085865,37.7765124
55.8002141,37.7411215
55.637936,37.6546499
55.6559354,37.6508952
55.8984347,37.5342011
55.8078918,37.7727845
55.8084288,37.7739014
55.8075048,37.7719675
55.6031594,37.6361441
55.8117967,37.8188159
55.8117841,37.8201068
55.8116501,37.8201678
55.811331,37.8190497
55.8114929,37.8164464
55.7515203,37.6241269
55.8986153,37.6234885
55.7982331,37.7285825
55.7756916,37.5841866
55.7763657,37.5853165
55.776294,37.5851706
55.7002892,37.4596537
55.7003443,37.4599036
55.7559926,37.7402853
55.8088872,37.4839717
55.7854844,37.7223489
55.7361253,37.5926732
55.7297056,37.6257516
55.7290856,37.6254611
55.7301307,37.6235956
55.8020922,37.6308734
55.8022447,37.6305895
55.6398443,37.6192323
55.6398451,37.6203209
55.608658,37.4951404
55.6046817,37.4993351
55.5993677,37.5061822
55.6084523,37.4886025
55.7883494,37.7627238
55.7899542,37.7704124
55.7915248,37.7755995
55.7918989,37.7769491
55.7919908,37.7774872
55.7927636,37.7830057
55.7931815,37.7994345
55.7935121,37.8192136
55.7935759,37.8235306
55.7667482,37.5347096
55.7667875,37.5336726
55.5913416,37.4757901
55.5925427,37.4770314
55.8082577,37.4648301
55.8079149,37.4655575
55.8086341,37.4640868
55.8083352,37.4661587
55.8082426,37.4650827
55.8082666,37.465342
55.8080784,37.4653254
55.7734657,37.6108454
55.7726554,37.6044205
55.7838098,37.4574666
55.7831428,37.4563852
55.7833454,37.45639
55.7833691,37.4566202
55.797914,37.4665317
55.7978228,37.4656591
55.7988294,37.5004233
55.799025,37.4996747
55.7967949,37.4997025
55.7891473,37.4656724
55.7719544,37.6372271
55.7725527,37.6333548
55.7719957,37.637591
55.7744371,37.6202372
55.7950863,37.5082108
55.7921768,37.5098674
55.7920195,37.5103586
55.7806752,37.6313582
55.7055909,37.9423184
55.8277112,37.6437301
55.7883704,37.4854111
55.8096435,37.3798812
55.7447027,37.6014325
55.7100525,37.4088008
55.8306846,37.8267946
55.7823976,37.6968777
55.7824339,37.6968015
55.7826038,37.6969335
55.7826037,37.69686
55.7108453,37.9370168
55.7109533,37.9367986
55.7134641,37.9267074
55.7134652,37.926476
55.607279,37.6246841
55.898353,37.5345858
55.8357162,37.4542908
55.7526177,37.6948938
55.7456746,37.6555889
55.7456767,37.6550417
55.6955123,37.4943031
55.6951283,37.4946374
55.6947966,37.4930562
55.7450707,37.6020625
55.8232801,37.450853
55.8230578,37.4510146
55.7936471,37.5187777
55.7938082,37.5184816
55.7934638,37.5186599
55.7962965,37.5120555
55.8033315,37.5198264
55.7543685,37.567599
55.7062211,37.5147365
55.7072466,37.5160937
55.7071493,37.5165288
55.7611868,37.5790729
55.7592169,37.6263408
55.8198484,37.4975803
55.8203145,37.4971359
55.7834961,37.746231
55.7470634,37.5761514
55.7471471,37.5763985
55.7505856,37.5756746
55.7027563,37.4792613
55.7009564,37.4610491
55.7064361,37.4992768
55.7344229,37.4066172
55.7011514,37.470923
55.7914886,37.6371125
55.7726884,37.6322895
55.6869388,37.6624514
55.7481822,37.6253551
55.7484211,37.6246749
55.7785612,37.5810005
55.7784452,37.5807031
55.8118635,37.475846
55.8113595,37.4759046
55.8118039,37.4754649
55.8120247,37.4801243
55.7470146,37.6687998
55.6631916,37.6262587
55.7443828,37.6140417
55.7459345,37.6212374
55.748838,37.6098147
55.7442972,37.5337096
55.731256,37.73211
55.7568084,37.5240165
55.7565819,37.5246388
55.7567625,37.5247777
55.7568996,37.5246719
55.756584,37.524914
55.7564104,37.5251602
55.7925967,37.5236429
55.7872639,37.5446059
55.787322,37.5444755
55.7855939,37.6640876
55.8652786,37.5472605
55.6205591,37.7879995
55.6147682,37.7765076
55.6217591,37.7895178
55.6171624,37.7817689
55.6149068,37.7776688
55.6137249,37.7752365
55.6185215,37.7830741
55.6190261,37.7779239
55.7180976,37.494927
55.7225393,37.4987185
55.7213915,37.4997552
55.7203276,37.4959194
55.7222176,37.5020361
55.7214374,37.4999517
55.7218251,37.4995886
55.7225022,37.5002389
55.7201547,37.4964412
55.7932169,37.5588789
55.6376267,37.6539463
55.7547518,37.6568731
55.754565,37.5220136
55.7820779,37.5300266
55.6630958,37.6280327
55.729331,37.6368722
55.7283455,37.6371355
55.8115259,37.4826277
55.8102832,37.4903809
55.7235078,37.6363257
55.7235245,37.6365222
55.7658094,37.3779764
55.766023,37.3783613
55.8005522,37.742038
55.5885267,37.4815543
55.7262189,37.4058402
55.7830765,37.7426554
55.7823982,37.7225005
55.7490905,37.4402955
55.7273774,37.4046708
55.7258278,37.4010545
55.6683346,37.4265319
55.7428708,37.4799862
55.7430896,37.4805363
55.6017728,37.6057528
55.6008786,37.6047649
55.7229391,37.4012333
55.722748,37.4008394
55.700588,37.6362054
55.7046069,37.6296017
55.769093,37.6929868
55.6929645,37.8160475
55.6927798,37.816527
55.6929806,37.8164147
55.7368938,37.4852221
55.7371221,37.4860935
55.6679494,37.4271638
55.8482872,37.572523
55.8790045,37.7215191
55.7445588,37.6013581
55.7447677,37.6013015
55.7311259,37.4056802
55.7339384,37.4058936
55.7387609,37.4131219
55.737275,37.4108915
55.7419515,37.4180283
55.7420513,37.4178277
55.7409567,37.4164271
55.7414844,37.4169615
55.7595423,37.6731914
55.733849,37.4055639
55.7339524,37.4046184
55.7406142,37.5363633
55.7201201,37.5649326
55.7202342,37.5653093
55.7832078,37.7426682
55.726661,37.5614164
55.7264542,37.5613054
55.8984201,37.5340399
55.8982511,37.5340862
55.7059617,37.6911869
55.8295701,37.4108234
55.7168488,37.4083013
55.7174268,37.4081778
55.7484968,37.4148263
55.7390329,37.4352724
55.7379191,37.4367896
55.5974106,37.4133901
55.598283,37.4138306
55.6044015,37.4029236
55.6031198,37.4057051
55.7042324,37.9258
55.8524066,37.5452128
55.8425376,37.5631032
55.8491581,37.5521519
55.7406395,37.4305791
55.7239775,37.7996063
55.7316464,37.7182896
55.7331188,37.7120752
55.7348685,37.705838
55.6046085,37.720706
55.6040267,37.7213591
55.6122943,37.7172501
55.6390834,37.6418772
55.6394114,37.6414421
55.6854632,37.4153587
55.6809498,37.417691
55.6839721,37.4154103
55.6807905,37.4188489
55.6782354,37.4204462
55.684211,37.4202329
55.8783822,37.6343332
55.8788146,37.6344704
55.8788603,37.634041
55.8784325,37.6338278
55.8797346,37.6224272
55.8795612,37.6224287
55.8795341,37.6227906
55.8797307,37.6228419
55.7506063,37.6560329
55.7294399,37.6235506
55.8681243,37.5463037
55.8661606,37.5466332
55.6982535,37.9402357
55.6982006,37.9399107
55.6919031,37.6641092
55.7859597,37.6767091
55.8235569,37.8225939
55.8412791,37.564805
55.831231,37.4022885
55.8334062,37.3951676
55.833712,37.3952159
55.8395877,37.3947814
55.8386404,37.3964122
55.8371372,37.3967475
55.833208,37.39641
55.7110464,37.937314
55.710453,37.9384164
55.7102423,37.9380693
55.7079569,37.9406236
55.7688758,37.4724842
55.768981,37.4738009
55.7687643,37.4739493
55.703688,37.918535
55.7811103,37.5926651
55.784018,37.5969158
55.7839006,37.5968009
55.7448466,37.6353993
55.7449071,37.6352911
55.7603693,37.626615
55.7600721,37.6270522
55.7724452,37.6870594
55.6074677,37.4587692
55.7590646,37.7567486
55.7590876,37.7568687
55.7459382,37.638642
55.7657811,37.5387469
55.7424871,37.654142
55.749751,37.625347
55.7498007,37.6252626
55.684117,37.5514329
55.7022356,37.9294045
55.7021381,37.9295826
55.6247424,37.4183138
55.7332112,37.6415466
55.7299398,37.6230817
55.6386371,37.6472187
55.6389855,37.6413352
55.6744395,37.7979264
55.6514825,37.4864765
55.6516767,37.4862127
55.6502896,37.4818967
55.6501301,37.4816613
55.8154719,37.692972
55.7412929,37.6554967
55.6420581,37.6709858
55.6940506,37.5102237
55.7394366,37.6508271
55.7737802,37.6252697
55.7734693,37.6288391
55.773132,37.6302786
55.7024973,37.9301782
55.6987093,37.928004
55.6984636,37.9279979
55.6273706,37.4239481
55.6249564,37.4189064
55.6915576,37.6679358
55.6015635,37.4059139
55.77505,37.6127655
55.8399283,37.580002
55.839665,37.5805259
55.6529968,37.5984193
55.6869482,37.6625608
55.7747273,37.6521875
55.7798675,37.6442295
55.6161409,37.6124275
55.6154799,37.6121119
55.6157412,37.6129381
55.8115641,37.6535321
55.7742881,37.6843395
55.6909962,37.664163
55.7063568,37.6917617
55.7721995,37.4758582
55.6888769,37.6710887
55.6589254,37.7169707
55.6186089,37.5054634
55.6189274,37.5050678
55.8277781,37.6435008
55.8276953,37.643444
55.8272024,37.6451192
55.827174,37.645236
55.8272698,37.6452247
55.5903708,37.4502355
55.7109076,37.6579153
55.7107104,37.6582319
55.744708,37.6026661
55.744333,37.6005894
55.7445203,37.6018656
55.7449166,37.6030567
55.7465479,37.6063225
55.7465058,37.6257417
55.6983896,37.6675782
55.6992767,37.6671936
55.7466349,37.6260245
55.6908211,37.6657821
55.7458117,37.5366261
55.7456282,37.5360016
55.6821552,37.4148315
55.6839568,37.4164124
55.6791261,37.4193299
55.8469774,37.5735336
55.6387636,37.6412813
55.6392273,37.6407105
55.8097067,37.492039
55.6162549,37.7797959
55.6962413,37.4966086
55.5981256,37.5081801
55.7402543,37.5030008
55.6997438,37.8075848
55.6994681,37.8082693
55.7464041,37.534729
55.8511726,37.5495262
55.5996247,37.4820121
55.7272542,37.7230652
55.7462734,37.7340983
55.7459829,37.7342069
55.7470029,37.7312149
55.7440458,37.7335547
55.7438719,37.7341362
55.7371418,37.7291486
55.737246,37.7281263
55.7411378,37.7301098
55.7419787,37.7311329
55.7418191,37.7313922
55.7409343,37.7310432
55.7382551,37.7287878
55.7394743,37.7289116
55.7385036,37.7292334
55.7367548,37.7279612
55.7393488,37.7298832
55.7365608,37.7289681
55.7298425,37.7256832
55.7303742,37.7256663
55.7292641,37.7248039
55.7278521,37.724236
55.7282495,37.7233316
55.7259297,37.7186618
55.7273566,37.7253618
55.7265257,37.724784
55.7252195,37.7164457
55.7257053,37.7161261
55.7258628,37.7184481
55.7260461,37.7194576
55.7264093,37.7205648
55.7258399,37.720349
55.7230498,37.7098632
55.7282384,37.7238348
55.7305792,37.7246214
55.7328717,37.7261866
55.7302819,37.7261388
55.7290328,37.725112
55.7325232,37.7254361
55.7454275,37.7372217
55.7221599,37.6995301
55.7533092,37.5146377
55.7337679,37.4887366
55.7332978,37.4891677
55.7722688,37.6944396
55.8292868,37.4112726
55.7695802,37.5653869
55.7698327,37.5655239
55.7696685,37.5656104
55.7696114,37.5652238
55.7698384,37.5652514
55.6212321,37.608262
55.6212424,37.6085735
55.6232383,37.6096436
55.8112977,37.8148938
55.8108724,37.812947
55.8108426,37.8151958
55.8108378,37.8138641
55.620444,37.7128126
55.6209599,37.7129147
55.7622581,37.4671303
55.7626919,37.4671408
55.6881546,37.4371669
55.6880599,37.4356584
55.6888739,37.4391614
55.7073498,37.8782407
55.6389591,37.6418633
55.638862,37.6413516
55.6074399,37.6237905
55.640618,37.6230974
55.640156,37.6236777
55.6439535,37.6193027
55.644498,37.6195565
55.7489377,37.7228799
55.7489318,37.7227739
55.7485924,37.7230854
55.7487378,37.7225125
55.5988004,37.4138653
55.5970349,37.4140128
55.5862227,37.4344475
55.5857971,37.4361387
55.5854681,37.4346268
55.5862528,37.4331151
55.5931929,37.4209731
55.592414,37.4216685
55.5925146,37.420665
55.5929948,37.4195736
55.641888,37.670756
55.7057011,37.6865169
55.7053155,37.686483
55.7721425,37.6536867
55.8389168,37.6725323
55.7351841,37.5373422
55.7772259,37.6486305
55.7226707,37.4988338
55.6885668,37.6710222
55.8400236,37.5712541
55.639112,37.6406557
55.7034009,37.4938314
55.7034605,37.4937151
55.7750516,37.4746066
55.842773,37.6692438
55.8422029,37.6606715
55.8394807,37.6700136
55.8417371,37.6639728
55.8450756,37.6518042
55.8451826,37.6503436
55.8446041,37.6539204
55.8433331,37.6583299
55.8470347,37.5806331
55.8468236,37.5804217
55.8471468,37.5802313
55.8474278,37.5805457
55.8469334,37.5826769
55.8469902,37.5835591
55.847262,37.5835577
55.8473226,37.5825683
55.8470332,37.5851727
55.8470045,37.5868115
55.8477544,37.5951397
55.8487593,37.5942857
55.8482443,37.5979652
55.8485346,37.5969048
55.8484571,37.5972779
55.846625,37.5983557
55.8485969,37.5959429
55.8489464,37.5964611
55.8488001,37.5966324
55.8487555,37.5966396
55.8485455,37.5963857
55.8454316,37.6534349
55.8466664,37.6419082
55.8471618,37.6260495
55.8474652,37.6266035
55.8473985,37.6232863
55.8477826,37.6234381
55.8472058,37.6204529
55.8477619,37.6024514
55.8476441,37.606197
55.8473602,37.6166465
55.8470775,37.6266573
55.8477196,37.6236157
55.8474689,37.6026956
55.8471119,37.6238149
55.8468637,37.6181156
55.847251,37.605855
55.8470929,37.6207327
55.8475887,37.6030523
55.7134856,37.7275176
55.7089836,37.7375489
55.712039,37.7199858
55.7119226,37.7226198
55.7123941,37.7226466
55.7109502,37.7254711
55.7110721,37.7247138
55.7038566,37.7270744
55.7022574,37.7277898
55.7019487,37.7291136
55.6981169,37.7275437
55.6930377,37.7311492
55.7092064,37.7266283
55.7125905,37.7267879
55.7229639,37.7282843
55.7230437,37.7285495
55.7179762,37.7812752
55.9050054,37.5879137
55.7054252,37.9428421
55.6866719,37.5225831
55.6864921,37.5221964
55.6875058,37.5211939
55.7309797,37.4446451
55.7307119,37.4443082
55.8192637,37.7328279
55.8190942,37.7310674
55.8199455,37.730727
55.7749997,37.538056
55.751542,37.5384402
55.7612335,37.5271426
55.7598119,37.5225817
55.7548774,37.5262097
55.7499066,37.5273058
55.758946,37.756148
55.7572839,37.7489071
55.8688747,37.5145938
55.6285388,37.422824
55.6282328,37.4266631
55.6274556,37.4265965
55.6257734,37.4249206
55.626596,37.4240014
55.6257374,37.4192025
55.6249283,37.4160137
55.6224445,37.4057588
55.6236043,37.4191922
55.7332719,37.669317
55.7333664,37.6694995
55.5944935,37.6218882
55.5915879,37.618238
55.5914331,37.6200017
55.5921305,37.6184347
55.5941857,37.6211089
55.5944153,37.6220923
55.5939038,37.6216614
55.5922609,37.6194245
55.5915318,37.6186278
55.5915637,37.6196444
55.5983321,37.6256847
55.6015163,37.6297285
55.6030228,37.6311916
55.6014541,37.629315
55.5905391,37.6177669
55.5788434,37.6147043
55.8286098,37.5787868
55.7086702,37.9425535
55.7127763,37.940045
55.7111786,37.9370612
55.712827,37.9393902
55.7131439,37.9267033
55.8035095,37.8296907
55.6815702,37.7759007
55.6816274,37.7757486
55.6817472,37.7760548
55.7618205,37.6865393
55.7922594,37.5820719
55.7923818,37.5831922
55.8987561,37.564141
55.5969242,37.4130562
55.7308875,37.6358584
55.7726221,37.6470182
55.7727234,37.6468169
55.8465113,37.6331035
55.7588905,37.7566243
55.6263823,37.4219483
55.6787543,37.5132454
55.586683,37.4818123
55.5867009,37.4820482
55.580986,37.4777114
55.641852,37.6893542
55.6984133,37.9393428
55.6987551,37.9399659
55.698723,37.9405019
55.6984661,37.5020537
55.6982489,37.5016372
55.6958035,37.5059312
55.6959998,37.5062876
55.7602401,37.7450172
55.7583831,37.73927
55.7290255,37.4796188
55.7287156,37.4788631
55.7288639,37.4783471
55.8318186,37.3979429
55.7152543,37.9431376
55.7145369,37.9421875
55.7154148,37.9421265
55.7159755,37.9425906
55.7158991,37.9429317
55.7153587,37.9424796
55.7160918,37.9418435
55.7156214,37.9410524
55.7156904,37.9263198
55.7157851,37.9271519
55.7129859,37.9188492
55.7101481,37.9151137
55.710666,37.914976
55.7110882,37.9157656
55.7163165,37.9326945
55.7157197,37.9437625
55.7140056,37.9493136
55.7097384,37.915303
55.7102816,37.9140759
55.713884,37.9491684
55.7160648,37.9350401
55.716043,37.9327351
55.7134817,37.9198026
55.7107793,37.9163318
55.7105264,37.9159319
55.7103095,37.9154796
55.7098706,37.9143414
55.7107905,37.9152448
55.7099612,37.915716
55.7138067,37.9196285
55.7150321,37.9222444
55.7852361,37.7185487
55.7855917,37.7186364
55.7859256,37.7227863
55.7856665,37.7230346
55.8411411,37.3948877
55.8350059,37.3967072
55.831829,37.3960108
55.6708177,37.4507602
55.6713069,37.4508099
55.7241532,37.5064447
55.723791,37.5046141
55.7521729,37.7169569
55.7346433,37.5425519
55.7342509,37.5429842
55.7831582,37.6996153
55.8390345,37.4820437
55.7932659,37.5587133
55.7450332,37.5724282
55.74503,37.5722101
55.7450105,37.5713712
55.6808086,37.4938447
55.8488177,37.5958422
55.8320999,37.396747
55.8315898,37.401344
55.7499553,37.6433886
55.6224779,37.6443377
55.763095,37.5628727
55.8216439,37.4952545
55.7090142,37.8961088
55.7091504,37.8956703
55.709392,37.8981737
55.709403,37.9039115
55.7093499,37.9082867
55.7091433,37.9081735
55.7092177,37.9036447
55.7089288,37.8984667
55.7085798,37.897082
55.7087005,37.8953111
55.7090481,37.8949606
55.7085416,37.8947451
55.7089235,37.8960751
55.7080572,37.8954198
55.7080103,37.8951013
55.7092588,37.8963792
55.7081887,37.8963468
55.6754515,37.6549111
55.8308867,37.3947494
55.8340474,37.3950425
55.8349845,37.3949358
55.6719951,37.4489741
55.6721202,37.4491476
55.5915483,37.6729085
55.8306695,37.3952854
55.8303388,37.4056565
55.8305697,37.4048057
55.7270342,37.7482193
55.6924673,37.6667294
55.7047771,37.6299763
55.7976607,37.5537077
55.7978172,37.5537201
55.8822424,37.4501283
55.9097521,37.5921774
55.9101028,37.5877854
55.9080455,37.5876671
55.9079305,37.5950962
55.9086469,37.5919774
55.909388,37.5891343
55.9097624,37.5874767
55.6311181,37.4208041
55.7439837,37.8408234
55.744416,37.8479294
55.7447181,37.8516467
55.611561,37.6634146
55.7445603,37.8510034
55.8954252,37.6693824
55.8947344,37.6739403
55.8948497,37.6811388
55.8947536,37.6772636
55.8947739,37.6724705
55.8953017,37.6664834
55.8954312,37.6638008
55.8949461,37.6774813
55.8956313,37.672185
55.8955936,37.6736799
55.8957038,37.6731606
55.8958329,37.6610708
55.895595,37.6689327
55.895418,37.6760463
55.8951742,37.6778881
55.8576747,37.5598379
55.7052629,37.4149772
55.810948,37.6537749
55.8113785,37.6543731
55.8111295,37.6540129
55.8111399,37.6541828
55.8114455,37.6542487
55.8114347,37.654167
55.723545,37.4499187
55.7228851,37.4474091
55.8683426,37.5459882
55.8688828,37.5467798
55.8683396,37.5463947
55.7632191,37.479319
55.6923243,37.7317952
55.6814233,37.7350406
55.7184716,37.7812887
55.7081268,37.9404796
55.772236,37.6464709
55.7487669,37.5276728
55.7449836,37.516787
55.745838,37.8421842
55.6909227,37.8598548
55.6905932,37.8596995
55.7605646,37.4659625
55.8189216,37.6717234
55.8190317,37.6718106
55.8193414,37.670267
55.762579,37.472751
55.6004619,37.4146509
55.7437197,37.8371773
55.8526799,37.6800053
55.8528307,37.6796008
55.8521823,37.6790535
55.6354222,37.6847092
55.6369493,37.6849681
55.635555,37.6834126
55.6365718,37.6815204
55.637137,37.6834805
55.6367311,37.6860333
55.6361993,37.6846603
55.636368,37.6842437
55.6430415,37.6791169
55.6462799,37.6908288
55.6466989,37.6912889
55.6466656,37.6918334
55.6456469,37.6919353
55.6439839,37.6941241
55.6458259,37.6935963
55.6459905,37.6913559
55.6443607,37.6923409
55.7937214,37.5103895
55.6462646,37.6451516
55.6463542,37.6453936
55.6239821,37.644436
55.6245545,37.6439252
55.6251713,37.6447189
55.625152,37.6449857
55.6244373,37.645588
55.6343712,37.6472198
55.6343996,37.6469144
55.5903952,37.4499373
55.7276267,37.611976
55.6839586,37.5525421
55.7091586,37.849275
55.7115342,37.6062234
55.7942109,37.5850502
55.7948394,37.5841066
55.7117726,37.9384521
55.7830052,37.6984007
55.7815749,37.6964863
55.7826786,37.7013122
55.7824309,37.7011967
55.7080528,37.575981
55.6825818,37.5365427
55.7086602,37.7393433
55.7250354,37.7140267
55.7733781,37.4874576
55.7736715,37.4881734
55.677498,37.6641836
55.6767771,37.6631003
55.7350829,37.6569792
55.7352263,37.6571904
55.7348038,37.6569987
55.734851,37.6566816
55.6313485,37.4681641
55.7144811,37.9423989
55.8501101,37.5856334
55.8454168,37.6359879
55.723347,37.693122
55.7233943,37.6933505
55.7235642,37.6936251
55.7616278,37.5715453
55.7653305,37.5457429
55.7633644,37.5611526
55.7346524,37.6433209
55.6631571,37.4839736
55.8432075,37.6660567
55.8436929,37.6671074
55.8463283,37.6400717
55.8491615,37.4401268
55.7468847,37.5230649
55.6770559,37.6631704
55.6770217,37.6640823
55.6770295,37.6659663
55.6773428,37.6655306
55.6769877,37.6650245
55.6770849,37.6653646
55.6767187,37.6695366
55.6768105,37.6695523
55.8270205,37.4224162
55.7883235,37.4840517
55.7880403,37.4841948
55.8473636,37.6238087
55.8473103,37.6246204
55.8475684,37.623885
55.8471142,37.623948
55.8473545,37.6239466
55.8468509,37.5899104
55.723016,37.6270608
55.7213126,37.6273067
55.7259787,37.4055398
55.8475687,37.6549617
55.8467301,37.6406889
55.8467076,37.6400597
55.8468466,37.5912157
55.7455937,37.6205438
55.7778074,37.5132623
55.7444258,37.8155474
55.6632828,37.4833874
55.6634405,37.4834794
55.6854268,37.7085973
55.7427042,37.4987825
55.6865502,37.5477242
55.7513624,37.5378769
55.7513848,37.5376518
55.7511792,37.5368553
55.7056498,37.4858308
55.7056039,37.4856868
55.7053052,37.4860901
55.7053529,37.4862315
55.7447441,37.6145577
55.7447172,37.6149452
55.7370334,37.6455015
55.736718,37.4864707
55.7530501,37.5137041
55.6246814,37.5116041
55.6245866,37.5111138
55.656491,37.65008
55.7917968,37.5569387
55.7490837,37.4448956
55.7521972,37.4559208
55.7827015,37.702197
55.6504686,37.6992179
55.6500402,37.698926
55.7302209,37.6100004
55.7276107,37.7226486
55.7160528,37.3987605
55.7854116,37.7219352
55.7349555,37.5009239
55.6468809,37.8291182
55.6435793,37.8249031
55.6403236,37.8196262
55.6359302,37.8123799
55.6373985,37.8132945
55.6555083,37.8387167
55.6530846,37.8367731
55.6574815,37.8385515
55.6585679,37.8389981
55.6510444,37.834908
55.725274,37.7638263
55.7255846,37.7621851
55.6692111,37.7242271
55.6697715,37.7232364
55.6700427,37.7248324
55.8506585,37.5505931
55.6588359,37.7101372
55.658533,37.7112554
55.6566531,37.7096143
55.6568817,37.70862
55.6609269,37.7134944
55.7890183,37.6597674
55.7890243,37.6592623
55.7890702,37.659348
55.6403425,37.3831619
55.7438731,37.8323388
55.7436305,37.8325389
55.7436059,37.8324077
55.8568464,37.5846194
55.8568039,37.5847836
55.8569261,37.5851475
55.8369882,37.3818968
55.8370842,37.3820478
55.7025086,37.5480473
55.7735099,37.6543964
55.6368014,37.6806537
55.7162694,37.4051492
55.8302138,37.6460556
55.8297399,37.6457213
55.7881205,37.4855929
55.8560571,37.6544097
55.7337145,37.4312863
55.7340566,37.4316109
55.669153,37.44623
55.7697588,37.5644609
55.7830395,37.7001876
55.7735355,37.6850943
55.7732917,37.6841333
55.773895,37.6849903
55.7738666,37.6845508
55.7829966,37.6974901
55.7824142,37.7001499
55.7828334,37.696633
55.7075018,37.4832441
55.8186205,37.7213524
55.8184965,37.7216067
55.8185113,37.7213039
55.8185979,37.7213174
55.8186284,37.7215526
55.8186087,37.7215928
55.8097839,37.7856221
55.8096041,37.7843967
55.6840384,37.5521344
55.6683702,37.5910093
55.8802528,37.5644528
55.8801887,37.5618186
55.8798901,37.5672193
55.8800267,37.5585423
55.8798744,37.5567873
55.8782656,37.5466583
55.8781647,37.5459692
55.8795685,37.5579758
55.8795724,37.5572723
55.880487,37.5572389
55.8805083,37.5579561
55.8803475,37.558349
55.7466269,37.5215569
55.7463089,37.5218184
55.7449597,37.5170447
55.7336179,37.5015262
55.7358452,37.5137717
55.7198976,37.5652548
55.8466171,37.6366733
55.8464798,37.6366157
55.8466174,37.6355191
55.8464847,37.6358044
55.769342,37.4747924
55.7693333,37.4739486
55.7655618,37.6866597
55.7123385,37.7209574
55.7130264,37.7189287
55.704238,37.5172013
55.7047205,37.5168562
55.6757544,37.4840099
55.6756186,37.4848143
55.8441229,37.5591351
55.7047264,37.8194315
55.7070671,37.4837802
55.7071172,37.4828491
55.6598177,37.4080589
55.8549208,37.566583
55.6114005,37.6632008
55.7026446,37.4721301
55.808915,37.6966055
55.7255692,37.7610224
55.6593769,37.7107171
55.7596221,37.5017016
55.7444492,37.5233477
55.7454955,37.5228328
55.7472361,37.5205207
55.7524014,37.5141359
55.8478507,37.6597194
55.8475793,37.6607252
55.8476132,37.6602564
55.8476559,37.659668
55.8477054,37.6589629
55.8800628,37.5843599
55.7411495,37.5385724
55.6284157,37.4360259
55.6282498,37.4281843
55.6290433,37.4324878
55.7273489,37.6371309
55.8114262,37.700577
55.8111972,37.7001227
55.705727,37.5763756
55.8216095,37.4439376
55.8222137,37.4422844
55.6430876,37.6908658
55.7848303,37.6062259
55.7847733,37.6059537
55.6672614,37.6600693
55.8014634,37.7444839
55.7290607,37.4669799
55.7066523,37.9292069
55.7067505,37.9293608
55.7111083,37.6061689
55.7283121,37.4609804
55.8731657,37.5216283
55.783949,37.4727901
55.7239803,37.3995606
55.8084097,37.4916207
55.6521049,37.7032739
55.6540618,37.7059733
55.6541325,37.7057967
55.6521674,37.7030985
55.6784787,37.6658137
55.6952351,37.5325896
55.6953218,37.5319897
55.6958836,37.5322756
55.6955457,37.5323222
55.6975157,37.5294452
55.6974207,37.5290459
55.6973315,37.5289494
55.6971492,37.5288001
55.6881481,37.545748
55.7219427,37.6637792
55.721947,37.6635251
55.7244686,37.6637886
55.7244599,37.663509
55.7464593,37.6676438
55.7484284,37.704032
55.7725232,37.819882
55.809317,37.780011
55.8098536,37.7824109
55.6544439,37.6487336
55.6111538,37.6035084
55.7920415,37.6332598
55.7050733,37.8171435
55.7051261,37.8169956
55.7057068,37.8167442
55.7060564,37.8174602
55.70581,37.8175047
55.7052833,37.8179602
55.7054959,37.8173526
55.7055467,37.8172015
55.7057412,37.8168622
55.7056074,37.8172323
55.7055558,37.8173822
55.70534,37.8180166
55.7065785,37.8177725
55.7199021,37.7785614
55.7198173,37.7780052
55.7200846,37.7779204
55.6687747,37.7639432
55.6685574,37.7630241
55.6607566,37.8107652
55.6724148,37.8075386
55.6578533,37.8121423
55.6606892,37.7799305
55.6602106,37.7794294
55.6605041,37.7792575
55.6605074,37.7796275
55.6604769,37.779778
55.6604174,37.7795675
55.6603784,37.7797073
55.6605924,37.7792077
55.6601646,37.7795584
55.6616857,37.7805193
55.6606801,37.7797428
55.6572659,37.8178945
55.6575488,37.8163503
55.659121,37.8125368
55.657506,37.7964153
55.6576126,37.7964221
55.66041,37.7801009
55.6575459,37.812669
55.6602935,37.7800365
55.7200386,37.5651843
55.6730362,37.5460007
55.6731368,37.5459204
55.6826434,37.5888307
55.6824639,37.5885493
55.6823487,37.5888554
55.6825386,37.5890581
55.6986921,37.8654709
55.740398,37.5021662
55.6919871,37.5619322
55.6841449,37.5522057
55.6841706,37.5524833
55.6856275,37.5539948
55.6840393,37.5520842
55.6840559,37.5521032
55.6807751,37.5475483
55.6808311,37.547425
55.6835148,37.5516572
55.6835687,37.5514899
55.6837082,37.5519428
55.6838485,37.5518646
55.6843253,37.5524025
55.6916377,37.5613349
55.6756553,37.5397869
55.6755949,37.5399092
55.6545269,37.3964279
55.733643,37.4898159
55.836437,37.5390956
55.836359,37.5389285
55.8307505,37.5521493
55.8382491,37.5318857
55.8381325,37.5323199
55.8365149,37.5382936
55.8366015,37.5384667
55.8919034,37.5307368
55.8920568,37.5306925
55.7461064,37.5356118
55.8639939,37.4718959
55.7898985,37.5716737
55.6349435,37.3866495
55.635843,37.3854474
55.5974921,37.4132454
55.5983682,37.4136833
55.7399702,37.6509625
55.6694409,37.7641867
55.6692811,37.7634242
55.6691973,37.7635206
55.810626,37.4901445
55.7491753,37.6556386
55.6085181,37.488365
55.7584649,37.4434972
55.7043427,37.6898286
55.7043076,37.6899975
55.6887225,37.6713614
55.6887229,37.6716263
55.6888394,37.671596
55.6863838,37.6551568
55.6868857,37.662573
55.7403281,37.7305497
55.7419678,37.4998428
55.7408871,37.502139
55.7402626,37.5034933
55.7402611,37.5033002
55.741325,37.5009334
55.7375319,37.5096074
55.6598441,37.5744455
55.6602449,37.5748737
55.7195081,37.6094381
55.7120203,37.606405
55.7113405,37.6063416
55.7113718,37.6059504
55.7112812,37.6061274
55.7147408,37.607433
55.7195326,37.6092691
55.7120133,37.6065882
55.7146215,37.6075836
55.708758,37.5917742
55.7088482,37.5916137
55.7073687,37.5890148
55.7072481,37.589109
55.7065892,37.5876427
55.7064487,37.5878716
55.7063722,37.5875611
55.7022456,37.5799824
55.7017493,37.5793994
55.7016377,37.5789164
55.7016952,37.57901
55.7012253,37.5784648
55.7275065,37.6120272
55.7278463,37.6146104
55.7276441,37.6109286
55.7276568,37.6099756
55.7275753,37.6144302
55.7275127,37.6117846
55.7156937,37.6782669
55.7212412,37.6741437
55.7207926,37.6744498
55.7157827,37.677846
55.7160657,37.677975
55.7158541,37.6781461
55.7148894,37.6794519
55.7144726,37.6794209
55.7122159,37.6811041
55.71412,37.6794703
55.7119957,37.6812687
55.7216607,37.673933
55.7214614,37.6740034
55.7119613,37.6811041
55.6768674,37.5796274
55.7360668,37.6963248
55.7388193,37.6731637
55.7378485,37.6747376
55.7592841,37.6787777
55.7592892,37.678469
55.7767253,37.4575599
55.7766355,37.457375
55.6185286,37.5051962
55.6184791,37.5045736
55.6123935,37.4940587
55.6131879,37.4966512
55.8102387,37.6371029
55.8104751,37.6372768
55.7447647,37.8521245
55.8210064,37.4466904
55.7575854,37.7505602
55.7577608,37.7514596
55.7574015,37.7510986
55.7881888,37.7624117
55.7625169,37.769465
55.7629677,37.7691782
55.707288,37.8377424
55.6949101,37.6605775
55.6913738,37.6640376
55.6916044,37.664171
55.6913618,37.664153
55.6913278,37.6638673
55.6912739,37.664247
55.6918358,37.6642469
55.691047,37.6636869
55.686876,37.662462
55.7047832,37.6296597
55.7050004,37.6296741
55.7048295,37.6298201
55.7047044,37.6294994
55.7004967,37.6361513
55.7010405,37.6298335
55.7049002,37.6297322
55.7050605,37.6298222
55.7747038,37.6514092
55.7388465,37.6925697
55.7002859,37.4719033
55.6959971,37.4661408
55.6959583,37.4656415
55.7061674,37.4583281
55.7060662,37.4577034
55.7057777,37.4566395
55.871453,37.5185326
55.7324587,37.3789309
55.7324034,37.3787835
55.7134858,37.3860135
55.7003104,37.7289918
55.6752456,37.6834973
55.6753366,37.683782
55.6753283,37.683418
55.6615956,37.7530374
55.7912621,37.8193131
55.7912262,37.8193155
55.7927271,37.609347
55.7927468,37.6098523
55.7925901,37.6096265
55.7710432,37.6720798
55.7245448,37.4063797
55.5957773,37.6192323
55.5959069,37.6190109
55.5956032,37.6185807
55.5957845,37.6188547
55.7723314,37.6546651
55.7740726,37.6534753
55.7720257,37.6553379
55.7721865,37.6544666
55.772146,37.6537236
55.7722978,37.6544409
55.7721625,37.6545401
55.7723169,37.6544671
55.7722752,37.6547413
55.7720584,37.6546161
55.7375424,37.7642584
55.7439198,37.7521811
55.7376196,37.7645877
55.7756712,37.7141972
55.7755543,37.7142952
55.7760473,37.7152808
55.7787125,37.7205789
55.7786698,37.7205065
55.778446,37.7200935
55.7744995,37.7121739
55.7786927,37.7202624
55.7802476,37.7181447
55.7803099,37.7183535
55.7821048,37.7191419
55.7822655,37.719159
55.7851522,37.7176388
55.7851659,37.7178047
55.7854971,37.7175261
55.785512,37.7177014
55.780167,37.7184245
55.7853811,37.7175691
55.8160381,37.6851111
55.8156116,37.6850004
55.8015634,37.7275228
55.7984558,37.7289972
55.8015358,37.7273546
55.8030825,37.7266955
55.7273776,37.4203185
55.8458489,37.5897731
55.8457794,37.5898979
55.8181328,37.6035695
55.818027,37.603343
55.8625258,37.5225214
55.8624281,37.5219837
55.7653811,37.474789
55.7869064,37.6609656
55.730183,37.4463309
55.7076523,37.501135
55.7075645,37.501284
55.7686712,37.6846405
55.7687183,37.6847952
55.7687926,37.6846738
55.7689109,37.6849026
55.7688366,37.685024
55.6623439,37.7418382
55.6625921,37.7414976
55.7105735,37.9604967
55.6800212,37.7360089
55.7384917,37.6934987
55.7386249,37.6931361
55.7387629,37.6931371
55.7385967,37.6934751
55.6853239,37.7082539
55.6852922,37.708663
55.6297563,37.6623592
55.7951577,37.6353863
55.7497873,37.5757734
55.7497995,37.5759204
55.7500369,37.5769965
55.6431666,37.6782354
55.6372706,37.6744779
55.7481404,37.5236535
55.7457549,37.5318528
55.7454741,37.532668
55.7459785,37.5359353
55.7271892,37.4127204
55.7100809,37.7280301
55.6461841,37.7112295
55.6463962,37.7109334
55.7457674,37.5360893
55.8530241,37.5299751
55.7455372,37.5314266
55.6379306,37.6617778
55.737324,37.5951147
55.6861075,37.6507913
55.6232342,37.5949868
55.8941527,37.5434076
55.8941573,37.5430276
55.7313323,37.7344045
55.6785897,37.6488758
55.6788056,37.6483688
55.6787911,37.6471772
55.6785038,37.6495737
55.6786734,37.6481419
55.6788103,37.6481922
55.6784979,37.6494795
55.6573657,37.8163977
55.6572339,37.8161629
55.7484076,37.7003984
55.8443664,37.6683548
55.6767163,37.6640113
55.677525,37.6632835
55.7783913,37.6289976
55.7782938,37.6290335
55.7783261,37.6294854
55.8865127,37.6619016
55.8864725,37.6618991
55.8092204,37.5056962
55.6648769,37.5406207
55.7840723,37.5969697
55.763915,37.5556015
55.76407,37.5556631
55.8120265,37.3982743
55.777905,37.459514
55.7777746,37.4603207
55.7241562,37.7994147
55.7542433,37.5140572
55.8794487,37.5889705
55.8791703,37.587142
55.8790099,37.5890578
55.8790593,37.5875511
55.6786334,37.6496326
55.6783306,37.6516157
55.6777824,37.6563723
55.6773057,37.6615094
55.677184,37.6614797
55.6047723,37.5897228
55.6253488,37.5966084
55.6254225,37.5960688
55.6145704,37.5925089
55.61488,37.592599
55.6149213,37.5922828
55.7747326,37.6526271
55.654453,37.3961221
55.7064076,37.55415
55.7061075,37.5532694
55.7063567,37.5533409
55.7064319,37.553705
55.7551851,37.5240696
55.7547315,37.5226344
55.7552549,37.5257941
55.7552976,37.5260051
55.7550313,37.5244474
55.7554361,37.5243761
55.7549196,37.5236079
55.8176455,37.5225744
55.8177237,37.5223383
55.7436108,37.5295132
55.7457771,37.699725
55.6974742,37.914329
55.8808206,37.5670878
55.8876856,37.6582886
55.8877871,37.6582992
55.8875291,37.6700091
55.8874301,37.6699989
55.8875508,37.6690976
55.8874534,37.6690919
55.7052336,37.4155321
55.7052076,37.4152981
55.6570015,37.8286739
55.8184758,37.6390961
55.7725821,37.6331143
55.7727365,37.6331779
55.7728993,37.6319457
55.7727437,37.6318797
55.7726478,37.6049828
55.8189098,37.6390156
55.8169704,37.6383344
55.8179414,37.6385523
55.7008985,37.7925737
55.7011967,37.7931914
55.7162036,37.9356498
55.7067188,37.6566036
55.7064657,37.6570783
55.6697594,37.7235411
55.705209,37.576534
55.6986369,37.5630654
55.6985695,37.5635635
55.7495424,37.654953
55.6504289,37.4851397
55.8792725,37.5576062
55.8807928,37.5575903
55.8801799,37.5585037
55.7434321,37.881519
55.7434542,37.8805416
55.7433583,37.8804109
55.743982,37.8802731
55.7465085,37.6673234
55.7084301,37.9402215
55.6566236,37.4380531
55.8801298,37.5705978
55.8799306,37.5705973
55.6711445,37.5195529
55.6738668,37.5236011
55.6739048,37.5236821
55.6587193,37.8393195
55.6731663,37.6567117
55.67327,37.6568631
55.673241,37.6569841
55.673107,37.6569553
55.7463468,37.52195
55.7463765,37.5220529
55.745977,37.5223446
55.7257502,37.5795798
55.7258415,37.5801184
55.749197,37.6085356
55.7057956,37.8943399
55.8444733,37.4201749
55.8445639,37.4205342
55.8444725,37.4205089
55.844432,37.4204241
55.7724858,37.6042682
55.6579147,37.4133148
55.6576123,37.4128152
55.6864853,37.6385557
55.7840405,37.596896
55.7464363,37.6688451
55.7353797,37.6993452
55.7530875,37.7117888
55.7723207,37.6036933
55.7721862,37.6038072
55.6971563,37.3905001
55.7009051,37.397732
55.70915,37.8778976
55.8170228,37.8590744
55.8174926,37.8596764
55.7095368,37.8778682
55.7085355,37.877976
55.7090127,37.8779114
55.8032608,37.8291291
55.7083954,37.7269634
55.7527232,37.5313775
55.7524547,37.5311556
55.7912622,37.5561631
55.7913105,37.5562403
55.7912184,37.5564854
55.791133,37.5563198
55.761843,37.4798282
55.7619641,37.4792883
55.7485072,37.6420233
55.7478448,37.6463236
55.7338402,37.4058106
55.6406245,37.8174774
55.7489476,37.7042415
55.7265598,37.7242893
55.7382405,37.7206324
55.7381588,37.7207456
55.633059,37.6689388
55.63296,37.6691071
55.758422,37.685424
55.7583718,37.6855537
55.7063854,37.8967004
55.788932,37.6600867
55.8803553,37.5609528
55.8802019,37.5588658
55.6651315,37.6435065
55.6650263,37.6435551
55.6650804,37.6439065
55.6651863,37.6438579
55.7970546,37.5982566
55.7967843,37.598476
55.6557881,37.3841311
55.6560513,37.3840375
55.6559254,37.3841099
55.6558956,37.3839779
55.6154957,37.475999
55.6155176,37.4759948
55.6155844,37.4761257
55.6154437,37.4761131
55.6725905,37.8074076
55.6726125,37.8073842
55.6727193,37.8074646
55.6725804,37.8076126
55.7559676,37.6925542
55.755492,37.6919438
55.7556774,37.6918726
55.7557023,37.6918365
55.7558514,37.6918632
55.7558755,37.692126
55.7556624,37.6921376
55.7525986,37.5148245
55.7519201,37.5145518
55.7845278,37.6062797
55.7846793,37.6061629
55.7829356,37.6112023
55.7848383,37.6055403
55.7852821,37.6046948
55.7619965,37.4795672
55.7660549,37.4753389
55.7660488,37.4752129
55.7659723,37.4742498
55.8393326,37.4875122
55.8396291,37.487323
55.7617822,37.4791589
55.7347924,37.6443511
55.7415451,37.7315321
55.6791853,37.5127075
55.6788175,37.5133655
55.6985466,37.8653837
55.6827117,37.5678126
55.682598,37.5681414
55.6810556,37.535232
55.6810987,37.5359147
55.7446355,37.5579907
55.6752086,37.5256523
55.6751905,37.5261605
55.8796888,37.5807993
55.8549681,37.5670438
55.8548393,37.5669822
55.7951731,37.7026085
55.7953904,37.7028333
55.7946227,37.7031833
55.7948096,37.703519
55.7925137,37.678356
55.7918919,37.6773134
55.7964692,37.702559
55.8078657,37.5958816
55.8078052,37.5951371
55.7771556,37.7029163
55.6837935,37.5525338
55.6767461,37.5176916
55.6771705,37.5167951
55.677375,37.5160761
55.6756942,37.5199031
55.6758227,37.5193717
55.6863279,37.5421658
55.59741,37.7256456
55.63453,37.6049288
55.7308702,37.7269608
55.7717406,37.8200636
55.7717748,37.8202309
55.7716453,37.8202769
55.7716106,37.8200957
55.7073732,37.5451931
55.707656,37.5455264
55.707257,37.5455875
55.7075494,37.545892
55.7108739,37.5386907
55.7110391,37.5392434
55.8531337,37.5641304
55.5665015,37.5741539
55.560688,37.5888318
55.5681873,37.5903496
55.5630639,37.5833474
55.5605849,37.5884134
55.5717418,37.5771602
55.5711157,37.5772408
55.5710065,37.5778277
55.5710253,37.5779539
55.5713647,37.5781349
55.5717375,37.5779992
55.5718532,37.5776362
55.5718403,37.577425
55.5692783,37.5625823
55.5793523,37.572667
55.5802125,37.573877
55.5622999,37.5703924
55.5622222,37.5709097
55.5790788,37.5700058
55.5880851,37.6351605
55.5700898,37.6005623
55.5671767,37.5975746
55.581465,37.4679969
55.577587,37.4704382
55.5664645,37.4847786
55.5513533,37.5417298
55.5517659,37.5368745
55.5507242,37.5421174
55.5504315,37.5452498
55.5643648,37.5578376
55.5533511,37.5590534
55.5467993,37.5452165
55.5450864,37.5465213
55.5432741,37.5482564
55.5403547,37.5589961
55.5433791,37.5485239
55.5510433,37.5422714
55.5488536,37.5245986
55.545759,37.5270621
55.5380288,37.5341221
55.5342355,37.5370257
55.5338738,37.5167505
55.5414925,37.5134298
55.5458819,37.5131352
55.5290274,37.5205069
55.5756757,37.4816341
55.5725908,37.5080785
55.5837497,37.6133333
55.5758789,37.6071091
55.5765445,37.6015919
55.5717023,37.5958915
55.5747924,37.5928957
55.5735684,37.5938329
55.5699137,37.5983057
55.5674453,37.5975624
55.568284,37.5975014
55.5803707,37.6821044
55.5867488,37.6657033
55.5870144,37.6657501
55.5871127,37.6652897
55.5659877,37.6022995
55.5468664,37.5454974
55.5457062,37.5404901
55.5448225,37.5254022
55.5418732,37.5154508
55.5485698,37.5229358
55.541731,37.5580348
55.5394106,37.5692158
55.5743639,37.5663464
55.5510258,37.5547728
55.5480245,37.5551098
55.5407491,37.5579487
55.5436616,37.5580362
55.5499382,37.5428569
55.5499972,37.5431574
55.551523,37.5388551
55.5519877,37.5384997
55.5518214,37.5387479
55.5521191,37.5371445
55.5527658,37.5239565
55.5457182,37.5854948
55.546671,37.5150566
55.5080672,37.5624204
55.507991,37.564046
55.5109969,37.564821
55.5457361,37.5848002
55.5054359,37.5968484
55.5785355,37.4699351
55.5793929,37.659672
55.5458392,37.546291
55.5777808,37.5788558
55.5670985,37.5978094
55.5671052,37.5986978
55.58244,37.596301
55.578126,37.5710102
55.5786243,37.5699677
55.5799077,37.5713491
55.5807256,37.6421806
55.5877448,37.6394906
55.57525,37.6532338
55.5864699,37.6764791
55.585681,37.6779419
55.5861044,37.6777772
55.5870483,37.6775605
55.5869275,37.677009
55.5867282,37.6769421
55.5789731,37.5704501
55.5662957,37.5601931
55.562447,37.570883
55.5665555,37.5739486
55.5747358,37.5649167
55.5748878,37.5650437
55.5745094,37.5664539
55.5735366,37.5703859
55.5773914,37.5679887
55.5720625,37.5781989
55.5721419,37.6518157
55.5722677,37.6507332
55.5721404,37.6514035
55.5749306,37.6887294
55.5521642,37.5550859
55.5439479,37.5418484
55.5349738,37.5819338
55.5348382,37.5821803
55.540849,37.4994894
55.5869337,37.6654981
55.5748389,37.6226288
55.5051686,37.5963753
55.5798613,37.6548866
55.5796547,37.6596309
55.578136,37.6853143
55.5807347,37.6827669
55.5587716,37.5895999
55.5604237,37.5896728
55.5607788,37.5921279
55.5606972,37.5898894
55.5581713,37.5865818
55.5588019,37.5858693
55.5595483,37.5855692
55.5610488,37.5879087
55.5577719,37.5861573
55.5597045,37.5910533
55.559395,37.5849499
55.507138,37.5741548
55.5214984,37.5776617
55.5154557,37.575927
55.5183488,37.5767966
55.5792344,37.5729285
55.5791835,37.596414
55.5572676,37.5866378
55.5574302,37.587417
55.5406464,37.557622
55.5457692,37.5460089
55.558081,37.5859148
55.5451566,37.5468267
55.5734798,37.5700156
55.5513362,37.5546334
55.5491971,37.5434019
55.5492708,37.5437043
55.5748806,37.5647677
55.5536673,37.5597564
55.5092685,37.5515788
55.5074593,37.5704487
55.5518439,37.5392897
55.5589555,37.5851491
55.5591899,37.5840465
55.5742889,37.6531739
55.5117087,37.5745201
55.5664491,37.5590201
55.5777233,37.6869873
55.5740945,37.6838002
55.573333,37.6900826
55.5881459,37.7210312
55.5777119,37.6932283
55.5785001,37.6945971
55.5754285,37.6871019
55.5780438,37.6857117
55.5531773,37.55945
55.5184089,37.5774151
55.5005009,37.5723167
55.5278462,37.5800966
55.5740264,37.6529643
55.5879858,37.6358462
55.5730013,37.6792398
55.574131,37.6825664
55.5746587,37.6841963
55.5726377,37.6525399
55.5718625,37.5988234
55.5698302,37.6006098
55.5729913,37.6505236
55.5724873,37.6550682
55.5728336,37.6492051
55.572721,37.6550931
55.5769965,37.589177
55.5759259,37.5965508
55.576663,37.5923873
55.5761203,37.5971437
55.574643,37.6224567
55.581266,37.5723639
55.58178,37.5691585
55.5755801,37.6063409
55.5756711,37.6047825
55.5754975,37.6077558
55.5807224,37.5735737
55.575609,37.6018179
55.5819488,37.5695135
55.5802562,37.57552
55.5752364,37.6082509
55.5786831,37.5963901
55.5766254,37.5967316
55.5685116,37.5997991
55.5734079,37.5976062
55.5738424,37.5971291
55.5757334,37.5965415
55.5782593,37.5960764
55.5417504,37.553287
55.5419095,37.553432
55.5419398,37.5525436
55.54097,37.5579759
55.5421078,37.5526563
55.543185,37.5599114
55.5512609,37.5871218
55.5668952,37.5590857
55.5790206,37.5961103
55.5765694,37.6403859
55.5743908,37.6419697
55.5736871,37.6386088
55.5743215,37.6407418
55.5733106,37.6452013
55.5820715,37.5976918
55.583323,37.5975768
55.5574067,37.5880263
55.5583947,37.5887519
55.5599603,37.5910019
55.5797853,37.5971502
55.5354501,37.5787738
55.5356645,37.582411
55.5366883,37.5826666
55.5765163,37.6407193
55.5336752,37.5815518
55.5517763,37.5371676
55.553957,37.5148866
55.5513577,37.5548046
55.5730716,37.645153
55.5735067,37.6378526
55.5880012,37.6349516
55.5881202,37.6350498
55.5810764,37.4774966
55.5452429,37.5131397
55.5737256,37.6529626
55.5532563,37.5587547
55.5665011,37.5593723
55.566042,37.5614462
55.5666047,37.5605453
55.5662699,37.5607564
55.5791572,37.5724034
55.5794769,37.5728416
55.577484,37.5986447
55.5747833,37.565431
55.575102,37.5652264
55.5745949,37.56481
55.5746505,37.5652694
55.5666006,37.5594928
55.5665398,37.5588122
55.566842,37.5592978
55.5664527,37.5600528
55.5666188,37.5591456
55.5798032,37.4689364
55.5650382,37.4521584
55.5641842,37.4630582
55.560638,37.5885341
55.5608725,37.5883628
55.5607756,37.5886124
55.5608974,37.5884831
55.5506228,37.5426338
55.504957,37.596902
55.5053541,37.5931072
55.5400015,37.4946765
55.5716398,37.4951089
55.5717081,37.4954979
55.5718345,37.4950727
55.5672378,37.5970332
55.5458869,37.4878684
55.5449291,37.4884878
55.5805929,37.4658702
55.5841624,37.4705508
55.5013279,37.571601
55.5663739,37.5603536
55.5453888,37.5846824
55.5455343,37.5843624
55.5422679,37.5580763
55.5454573,37.4875464
55.5764126,37.4494211
55.5815327,37.445539
55.5784366,37.4483234
55.5757136,37.4593458
55.5833806,37.470694
55.5836512,37.4699573
55.5804047,37.4667119
55.5809611,37.4662607
55.5806786,37.4670255
55.5812243,37.4666035
55.5082014,37.5525099
55.5083015,37.5524178
55.5101657,37.5628967
55.5652419,37.4505607
55.5699818,37.4524139
55.569046,37.4519055
55.5737597,37.4538046
55.5686634,37.459749
55.5809746,37.4673643
55.5715693,37.455043
55.5724859,37.4561802
55.5764373,37.4506062
55.5745806,37.4572583
55.5721493,37.4541552
55.5710515,37.4528641
55.5730478,37.4568919
55.57728,37.4609688
55.5751158,37.4596245
55.5740136,37.4571003
55.5812086,37.4450138
55.5736404,37.4570235
55.5087569,37.5566094
55.5058441,37.5793497
55.5066378,37.574073
55.5104884,37.5752362
55.5657104,37.4501834
55.5729224,37.4553349
55.5685077,37.4589709
55.5654018,37.451427
55.5527,37.5156406
55.5084977,37.5737688
55.5104978,37.5741201
55.5112678,37.5743463
55.5115587,37.5740163
55.5132332,37.5752045
55.5566961,37.518517
55.55944,37.585127
55.559205,37.5855112
55.5826983,37.6808636
55.5827646,37.6810784
55.5700078,37.4520144
55.5177538,37.5766497
55.5176804,37.5774425
55.499313,37.5713795
55.5008776,37.5723728
55.4990089,37.5706789
55.4987498,37.5712481
55.4990392,37.5714232
55.4991984,37.5707788
55.4985045,37.5711201
55.4986197,37.570475
55.560122,37.4634807
55.5603401,37.4687681
55.5623457,37.4557476
55.5718507,37.4616552
55.5720675,37.4615655
55.5656022,37.4638344
55.5622621,37.4558722
55.5649008,37.452384
55.5722171,37.4617451
55.5719997,37.4618376
55.5655127,37.464188
55.5607027,37.466836
55.5590452,37.4648697
55.5576556,37.4731018
55.5585952,37.4659419
55.5584075,37.4691512
55.5588493,37.468458
55.5836822,37.4394547
55.500231,37.5721876
55.5003219,37.5725018
55.5733803,37.4563641
55.5647776,37.4526576
55.5789272,37.4694436
55.5781761,37.4695153
55.5715466,37.4612032
55.5715325,37.4617685
55.5593357,37.4647374
55.5586249,37.4658155
55.5582706,37.4721583
55.5533452,37.5086945
55.5648532,37.4861189
55.5651166,37.4522671
55.5649662,37.4524859
55.5637694,37.4643693
55.5644907,37.4678125
55.5640651,37.4682705
55.5527187,37.4838388
55.5547729,37.4761623
55.5584091,37.4699343
55.5593903,37.4685648
55.5353851,37.5788278
55.5355722,37.5785512
55.5745594,37.6168567
55.5583819,37.5005341
55.5750282,37.6533862
55.5753925,37.6536818
55.5749727,37.6525765
55.5747455,37.653132
55.5741667,37.6531534
55.5835948,37.4396885
55.5529773,37.5150361
55.5741391,37.6269718
55.5748245,37.6153773
55.5522543,37.5063785
55.5522719,37.4962819
55.5522533,37.4958983
55.5519639,37.4887071
55.5529338,37.4812866
55.553403,37.496087
55.5534146,37.4964478
55.5527725,37.5127133
55.545503,37.5124479
55.5843194,37.4411468
55.5839693,37.4411368
55.5841294,37.440713
55.5841963,37.4405358
55.5788647,37.463735
55.5787804,37.4640248
55.5793758,37.6833537
55.5805057,37.6830112
55.5841183,37.7104118
55.5855641,37.7148682
55.5809298,37.7018495
55.5808683,37.6829497
55.5770957,37.6903125
55.574236,37.6899661
55.5771427,37.5965122
55.573397,37.5978032
55.5423402,37.5587035
55.5050977,37.5962537
55.5093066,37.5510387
55.5556116,37.5265397
55.5743664,37.6530604
55.5408363,37.5576287
55.4997926,37.5716902
55.5449029,37.488361
55.5648325,37.4859886
55.5458614,37.4877412
55.5562893,37.4914646
55.5490909,37.4859928
55.5553585,37.4913771
55.5494998,37.4857584
55.5776388,37.4706199
55.5784322,37.4698107
55.578192,37.4699787
55.578485,37.4691617
55.5786756,37.4696378
55.5786194,37.4698685
55.5807459,37.4671026
55.5810137,37.4663293
55.5804376,37.4676655
55.5811541,37.465805
55.5456531,37.5854751
55.5405556,37.5580497
55.5592574,37.464329
55.5524629,37.5403815
55.551931,37.543082
55.5512931,37.5420485
55.5515507,37.5407834
55.5543372,37.551934
55.5521718,37.5449838
55.5536436,37.5193751
55.5773658,37.6915518
55.563422,37.4961668
55.5591978,37.4995996
55.5604315,37.4981352
55.5752972,37.6533621
55.5752072,37.6533045
55.5876934,37.6353064
55.5769184,37.6159276
55.5535744,37.4892981
55.5533635,37.4901527
55.5531138,37.4904482
55.551728,37.487361
55.5520246,37.4870611
55.5531335,37.4883327
55.5095252,37.5513494
55.511242,37.5745818
55.5110056,37.5742684
55.5526661,37.5153863
55.5515753,37.4878485
55.5572642,37.4731133
55.5553122,37.476769
55.5546811,37.4778761
55.5541141,37.4773498
55.5527897,37.5082932
55.583832,37.4390501
55.5834698,37.4390156
55.5222704,37.5781908
55.5215506,37.577944
55.5744652,37.6253785
55.5749967,37.6162575
55.5578127,37.5134756
55.5530669,37.5158997
55.553263,37.5158384
55.5577576,37.5134066
55.5566334,37.5184827
55.5532359,37.5170618